{"type":"FeatureCollection","features":[{"type":"Feature","properties":{"window":"1982-1986","pathway_id":"1982-1986_P01","rank":1,"pathway_color":"#1f77b4","associated_events":7,"data_start_km":52.57,"data_end_km":2294.77,"data_path_length_km":2242.2,"median_width20_km":65.1,"median_width50_km":118.48,"median_width90_km":228.46,"guide_rail_offset_km":100.0,"mean_bearing_deg":102.33129087975689,"direction":"E","directional_dominance":0.8666666666666666,"transition_probability":0.7666666666666666,"feature_type":"containment_envelope","containment_level":90,"fill_color":"#1f77b4","fill_opacity":0.18,"draw_order":1,"outline":false},"geometry":{"type":"Polygon","coordinates":[[[51.63583298186899,51.092860920962615],[52.394722227296796,51.06213293034864],[54.12546502280412,51.176128852398286],[55.99513249035027,50.99164942340529],[58.78951894080092,50.189042159712564],[60.11038753678102,49.377192886745085],[60.80971106692931,48.88299075983048],[61.673283673883645,48.634270123637755],[62.989101884767194,48.4865714792832],[62.46663005179124,49.45088639277519],[63.714121204380945,49.61834084821627],[59.292059624321894,49.859242115929675],[58.938995581579576,49.3372468851528],[60.459440230168525,49.26130203219783],[62.44618556272334,49.08275169434073],[64.76681931874234,49.16316790827404],[66.1680734615743,49.00247863635162],[68.42119833495639,48.78402833775126],[69.42282054023127,48.564436414025906],[71.35007121573273,47.40545402862814],[71.90044200691705,46.82191250373482],[71.92407905551005,44.821039695183174],[71.3921463316471,44.247975560970886],[70.31878472232097,43.46373518107129],[69.96557656670376,43.72693239919312],[69.18616999588792,44.10902069434632],[68.42970026589879,43.98279660949132],[69.02287591123343,44.581368056517725],[69.3776082140613,45.10922096342003],[70.51590718544821,45.82183638148101],[71.3159180776558,46.22606127845521],[73.60928625804942,42.250611682739994],[72.69622335541646,42.13731631985085],[72.23988183531284,42.16098490397549],[71.10511388909623,41.930080097883504],[70.12622638041046,41.8585394318115],[67.80343215877045,42.139852436889704],[66.45818768944395,43.623268860016395],[66.48141971801056,45.13107476857907],[66.3228771364463,45.49199498396214],[66.40447912542226,46.17832188311183],[66.40308281747593,45.44183840392914],[66.27871611450823,46.131437154160594],[66.77968927835934,45.8684939152168],[66.11323462782337,46.39246209541291],[66.38821026765237,46.28537211455252],[65.78043426987955,46.040233527369736],[66.36817695002455,45.325176361779924],[66.64792118931916,44.27968929577186],[66.55181566614431,43.28371713889249],[64.59032088400357,42.150430781393595],[59.10346808850977,42.05411677783098],[58.49672715985707,42.751406015825275],[56.56758929039893,44.55640819668901],[56.4984273930998,45.44067071156425],[56.05965062063251,46.23229965917003],[55.4770348191019,46.773317413835464],[55.21892919614447,46.80469912335395],[56.123776847585646,46.58653460194692],[55.88135071793124,46.35952547089587],[55.65665632515086,45.94355977657866],[54.523370676388396,45.4568795494211],[51.63583298186899,51.092860920962615]]]}},{"type":"Feature","properties":{"window":"1982-1986","pathway_id":"1982-1986_P01","rank":1,"pathway_color":"#1f77b4","associated_events":7,"data_start_km":52.57,"data_end_km":2294.77,"data_path_length_km":2242.2,"median_width20_km":65.1,"median_width50_km":118.48,"median_width90_km":228.46,"guide_rail_offset_km":100.0,"mean_bearing_deg":102.33129087975689,"direction":"E","directional_dominance":0.8666666666666666,"transition_probability":0.7666666666666666,"feature_type":"containment_envelope","containment_level":50,"fill_color":"#1f77b4","fill_opacity":0.35,"draw_order":2,"outline":false},"geometry":{"type":"Polygon","coordinates":[[[52.20283866263668,50.09716207065287],[53.2084152672094,49.89585976236129],[54.65573795478409,49.831067049546576],[56.040804626034856,49.62405306627682],[57.64621549625343,49.162845763945604],[58.87364063140694,48.724051222811724],[59.92213078984423,48.42134713700242],[60.94369804267484,48.21959270300989],[61.95973245045789,47.916419482320904],[61.632484110654445,48.18221936798996],[62.583856590189924,47.96308885746541],[60.674304748666344,48.07602804930278],[60.888027587883954,47.95924507425906],[61.98731406035671,48.14505416487381],[63.38548498955086,48.24176503694227],[65.01683586656833,48.426551180645575],[66.22389276199058,48.334703086984334],[67.85776303126906,48.224794894665656],[68.81886219732206,47.97831103750181],[70.21991224591002,47.14616515495437],[70.56915672550693,46.51847195379466],[70.50224161183115,45.20235481170426],[70.00231262791692,44.61688748271716],[69.27691795281754,43.93859971211026],[69.05685487487648,43.71073486941899],[68.85036301207748,43.64480581310418],[68.80094558639087,43.53213273039721],[69.40684348911088,44.11176951769308],[69.79089788284065,44.70478158519845],[70.773473390052,45.41037852773122],[71.56917456324149,45.81292963220794],[73.38262700496301,42.66761577569919],[72.46370131457238,42.55258524068527],[71.85900980380609,42.573639854252825],[70.7467205033185,42.4050337915644],[69.77404221504446,42.31333924367333],[68.12223470234306,42.607576337402605],[67.36455897197209,43.66071185587397],[67.56667531734985,44.68197279660964],[67.75654820636927,45.16821853177693],[67.87737164726062,45.84810192513734],[67.68423839310759,45.79392682472443],[67.36785425402917,46.42943000370613],[67.33681508532459,46.465691585592964],[66.63827387237595,46.96046005183509],[66.33574189894358,46.953432861756504],[65.55127399848146,46.77863650632725],[65.52486332508977,46.18950749603997],[65.32127488452085,45.45513382993085],[64.90552054356522,44.75379062277673],[63.47568663702819,43.980273652431826],[60.021904255907515,43.74182790278227],[59.18615212416742,44.04130905886742],[57.48000940065336,45.17161235827013],[57.15776576969,45.88155981091679],[56.87830454430727,46.721708463046966],[56.626867787400215,47.46037472888287],[56.26573879593869,47.85269751444521],[56.08934144212077,47.95496540482667],[55.42628462823879,47.71196000970469],[54.96719616806115,47.12914903261777],[54.058597770322365,46.466042325312564],[52.20283866263668,50.09716207065287]]]}},{"type":"Feature","properties":{"window":"1982-1986","pathway_id":"1982-1986_P01","rank":1,"pathway_color":"#1f77b4","associated_events":7,"data_start_km":52.57,"data_end_km":2294.77,"data_path_length_km":2242.2,"median_width20_km":65.1,"median_width50_km":118.48,"median_width90_km":228.46,"guide_rail_offset_km":100.0,"mean_bearing_deg":102.33129087975689,"direction":"E","directional_dominance":0.8666666666666666,"transition_probability":0.7666666666666666,"feature_type":"containment_envelope","containment_level":20,"fill_color":"#1f77b4","fill_opacity":0.68,"draw_order":3,"outline":false},"geometry":{"type":"Polygon","coordinates":[[[52.658150302162085,49.26112411956057],[53.604559316806444,49.30307473348814],[54.80874543280959,49.42637686425747],[56.04973683864958,49.335626769540895],[57.38177247761246,48.918017185807216],[58.35428555534787,48.4409445300729],[59.13989970008328,48.002070040156894],[59.967813015376606,47.647336450053956],[60.875857156995835,47.29248346918731],[61.081253087668955,47.30548750338438],[62.045226162573016,47.131616278820424],[61.24574070394033,47.29511981430047],[61.69479787655678,47.35640753525585],[62.65959854121601,47.6315126216448],[63.82965662206149,47.831644221642506],[65.1372961650269,48.06396290392872],[66.25054421304623,48.01083052695802],[67.58582834512609,47.94934566126775],[68.5078668081947,47.66979472936151],[69.58808663840347,46.99516854818976],[69.86132125938468,46.34928242978042],[69.86682791136496,45.365524167545736],[69.51437841293773,44.74133207455337],[68.93453139187343,44.090977948194265],[68.68680806883347,43.70200562375641],[68.66075695647109,43.378794923322545],[69.0849174970252,43.18212405508256],[69.79164577603791,43.632547934663414],[70.30046973346265,44.19647236908724],[71.09912845409607,44.88124820382431],[71.84229944018495,45.36038395159152],[73.13146921943948,43.12335968882516],[72.16089649778178,43.08519264699611],[71.3753012617585,43.08850211565528],[70.37655415731606,42.88731976276227],[69.4977366143008,42.66501124723633],[68.30685612533378,42.87461580016835],[67.73411845367718,43.67384413299225],[67.91600582232218,44.533715493016885],[68.25180886699894,45.05131043276216],[68.52380935079131,45.69595317603341],[68.37804572194506,45.97671479637616],[67.98667753474399,46.592683339381956],[67.63379356258088,46.77752106148646],[66.90003377613556,47.238231434075985],[66.30992811007957,47.27737678469523],[65.43633426470791,47.14169769985876],[65.10689608238465,46.605998306122004],[64.70057964859822,45.9838325450827],[64.17148796838433,45.37870725063171],[62.9691218822272,44.77247825871843],[60.500069612798484,44.582563273454724],[59.67774853274531,44.926790252267125],[58.48445130403002,45.82610759914284],[58.07293632257449,46.476451032310386],[57.624381123651176,47.15553829881202],[57.127450001736435,47.75080145434986],[56.51982178365313,48.099865883017685],[56.08148364295741,48.24347168486283],[55.28440928417368,48.117741834828344],[54.6055769250238,47.7273008321156],[53.65465760949141,47.30884568133288],[52.658150302162085,49.26112411956057]]]}},{"type":"Feature","properties":{"window":"1982-1986","pathway_id":"1982-1986_P01","rank":1,"pathway_color":"#1f77b4","associated_events":7,"data_start_km":52.57,"data_end_km":2294.77,"data_path_length_km":2242.2,"median_width20_km":65.1,"median_width50_km":118.48,"median_width90_km":228.46,"guide_rail_offset_km":100.0,"mean_bearing_deg":102.33129087975689,"direction":"E","directional_dominance":0.8666666666666666,"transition_probability":0.7666666666666666,"feature_type":"guide_rail","rail_side":"left","line_color":"#111111","line_width":1.6,"draw_order":4},"geometry":{"type":"LineString","coordinates":[[52.7252632643297,49.135028471770646],[53.57854677792062,49.3425193622608],[54.72643176804789,49.64504219410351],[56.0388105726617,49.687418700569395],[57.73345943489713,49.24299328811566],[58.775363820528696,48.67088543488163],[59.411617726492864,48.14904976091505],[59.997001155098076,47.66474956410975],[60.64932585474838,47.15894635822011],[60.86288810134096,46.94943509870992],[61.76462321418094,46.68707173104107],[61.56419511036239,46.84828022792836],[62.09372061676174,47.051010399094594],[62.83609338040381,47.49435368038571],[63.70084759637544,47.95141650928619],[64.99861462871081,48.48095874371492],[66.20670046019961,48.541894889869376],[67.97769255499907,48.34511888092772],[68.8104846655379,47.970060646249685],[70.02145294274146,47.09920643259324],[70.34148837107224,46.4646535966497],[70.39914417312008,45.229130843616176],[70.07531000630428,44.59804491842389],[69.49094506086837,43.842429795696475],[69.44996021807242,43.718655261433724],[69.05225273498158,43.92494601885341],[68.66478830724455,43.698321943952394],[69.46558382585266,44.03917635962601],[70.12068123590481,44.377043127708674],[71.14232269334235,44.810311045387195],[72.013507686852,45.072957796632345]]}},{"type":"Feature","properties":{"window":"1982-1986","pathway_id":"1982-1986_P01","rank":1,"pathway_color":"#1f77b4","associated_events":7,"data_start_km":52.57,"data_end_km":2294.77,"data_path_length_km":2242.2,"median_width20_km":65.1,"median_width50_km":118.48,"median_width90_km":228.46,"guide_rail_offset_km":100.0,"mean_bearing_deg":102.33129087975689,"direction":"E","directional_dominance":0.8666666666666666,"transition_probability":0.7666666666666666,"feature_type":"guide_rail","rail_side":"right","line_color":"#111111","line_width":1.6,"draw_order":4},"geometry":{"type":"LineString","coordinates":[[53.59259754287348,47.43560676894815],[54.62988351828591,47.68759103220298],[55.36136373621744,47.898550959073276],[56.091039205671166,47.89157771968357],[56.18293487570904,47.77154716404136],[56.72076518749358,47.51524833992748],[57.36253411531922,47.00458610485121],[58.044991086479115,46.45857473410692],[58.70034267731967,45.963735554785565],[59.88115177850611,45.28503766035189],[60.76067166768448,45.03017157215846],[62.67382339457271,45.22334946962076],[63.79611180215528,45.691248277194696],[64.53362255555356,46.123792865434105],[65.22942989579167,46.48470070575715],[65.56839729419008,46.724134893706896],[66.35212877507979,46.74617246850811],[66.52459049628948,46.83871044835608],[67.34472294552015,46.47405299841565],[67.56145225042695,46.48097190082772],[67.90642406906272,45.85306070370059],[67.98274668865773,45.82360314458403],[67.68209818684454,45.18556657351728],[67.34649159912772,44.774488543872906],[66.97226938209874,43.64541956532329],[67.92933886996065,42.325580194818365],[69.90437871487558,42.145887071256595],[70.69093860649417,42.47824639002074],[71.54778640077777,42.906081020509355],[72.11996969952583,43.15647483136791],[72.97034577781739,43.4122540851481]]}},{"type":"Feature","properties":{"window":"1982-1986","pathway_id":"1982-1986_P02","rank":2,"pathway_color":"#ff7f0e","associated_events":5,"data_start_km":4.23,"data_end_km":1088.9,"data_path_length_km":1084.67,"median_width20_km":33.91,"median_width50_km":66.94,"median_width90_km":140.97,"guide_rail_offset_km":100.0,"mean_bearing_deg":101.93985619960162,"direction":"E","directional_dominance":0.7708333333333333,"transition_probability":0.75,"feature_type":"containment_envelope","containment_level":90,"fill_color":"#ff7f0e","fill_opacity":0.18,"draw_order":1,"outline":false},"geometry":{"type":"Polygon","coordinates":[[[106.46008661265597,64.83932005079275],[107.68812622423457,64.78950910510635],[107.51029131120765,64.55828383391423],[108.86840335585896,64.38483772376641],[109.47755496348236,63.964500597073084],[111.03303030475627,63.643694408797465],[112.30656821249102,63.4204795516031],[113.6299421928565,63.3962467016632],[114.80033201993785,63.453143601463125],[116.14988984840716,63.56783433874283],[117.28067849386241,63.66574792460398],[118.85344378338732,63.715034491093995],[119.40391920138597,63.664431134780656],[120.60193914618594,63.65701969691292],[120.1143772277718,63.488653150753024],[120.45597711960858,63.67495009802168],[120.63059410337576,64.11880103047186],[120.73343257678243,64.47045881452414],[120.7498628792302,64.9823711534658],[120.72924010149495,65.45573356478205],[125.25670388645085,65.44021468008934],[125.18604425542844,64.89106381249425],[125.08732752995076,64.38112708488197],[124.8169320770902,63.72580568899993],[124.50761511790012,63.16941912046572],[123.63237653101544,62.49298401159633],[121.68212463551868,61.669000837658444],[120.71457388624424,61.404428787270895],[119.11380879405601,61.24468262504731],[118.44527485436396,61.21639752414556],[117.41968997478176,61.085474002112505],[116.63248797523022,60.916480650463626],[115.71831682917696,60.63652924238488],[114.96617518268732,60.24246997628655],[114.16734212352088,59.631662224744126],[113.58266582335699,58.93386670239499],[112.17895086805078,58.18643502758053],[111.3847848973889,57.74384091259726],[109.34669979986745,57.36449640254381],[108.42851572098789,57.194539761524915],[106.46008661265597,64.83932005079275]]]}},{"type":"Feature","properties":{"window":"1982-1986","pathway_id":"1982-1986_P02","rank":2,"pathway_color":"#ff7f0e","associated_events":5,"data_start_km":4.23,"data_end_km":1088.9,"data_path_length_km":1084.67,"median_width20_km":33.91,"median_width50_km":66.94,"median_width90_km":140.97,"guide_rail_offset_km":100.0,"mean_bearing_deg":101.93985619960162,"direction":"E","directional_dominance":0.7708333333333333,"transition_probability":0.75,"feature_type":"containment_envelope","containment_level":50,"fill_color":"#ff7f0e","fill_opacity":0.35,"draw_order":2,"outline":false},"geometry":{"type":"Polygon","coordinates":[[[107.27388905610343,62.16847535810957],[108.39277017523892,62.10285408302725],[109.16324421809492,62.03594380457821],[110.27850857775547,62.06235782858961],[111.16789845763412,62.10733140208707],[112.24810647769448,62.22148359095347],[113.2531079257999,62.3709913055299],[114.28862215513368,62.583071524453636],[115.31045255784818,62.79164549381973],[116.48258759202076,62.957588889447834],[117.58374166766941,63.067040703299135],[118.92400876853713,63.082780836631606],[119.7818410611672,63.04817467926366],[120.89577121258628,63.14252770794639],[120.97371423961488,63.25957203662576],[121.43338819956261,63.565018096106755],[121.63770364665243,64.03618741519547],[121.77231859989115,64.46083828226992],[121.80848606766881,64.972516897921],[121.80732663299625,65.46419799860435],[124.17958546472607,65.45606504095909],[124.13287826855083,64.9246665875815],[124.05356873008765,64.41402417986474],[123.83103029505094,63.83024656678756],[123.5560564379224,63.30011274736224],[122.8163863410469,62.737878612126636],[121.41548816294733,62.18512691192453],[120.37552347740251,62.02319559836322],[119.05090427909886,61.87718426491859],[118.17727478375906,61.81704167465641],[117.12598256793649,61.698042270209335],[116.18216245243389,61.58289887734267],[115.13937034641208,61.45665810417164],[114.1436101098617,61.3040179505259],[113.1425433585066,61.07149267165853],[112.20938321926087,60.822019006475166],[111.08803441385982,60.53051390404583],[110.14021591480804,60.2956662602266],[108.84232003462301,60.05874037835827],[107.85488124484345,59.87525051526576],[107.27388905610343,62.16847535810957]]]}},{"type":"Feature","properties":{"window":"1982-1986","pathway_id":"1982-1986_P02","rank":2,"pathway_color":"#ff7f0e","associated_events":5,"data_start_km":4.23,"data_end_km":1088.9,"data_path_length_km":1084.67,"median_width20_km":33.91,"median_width50_km":66.94,"median_width90_km":140.97,"guide_rail_offset_km":100.0,"mean_bearing_deg":101.93985619960162,"direction":"E","directional_dominance":0.7708333333333333,"transition_probability":0.75,"feature_type":"containment_envelope","containment_level":20,"fill_color":"#ff7f0e","fill_opacity":0.68,"draw_order":3,"outline":false},"geometry":{"type":"Polygon","coordinates":[[[107.34316219158347,61.91400177439214],[108.4662237024557,61.788617055287624],[109.38400088205202,61.66065081230808],[110.5117113150543,61.6374021910564],[111.49471119865245,61.71651177401982],[112.50589618783232,61.89954909245256],[113.46945286414046,62.11918884400976],[114.45319009324231,62.37210451983805],[115.46890477090847,62.57949643255733],[116.59799180861802,62.73957992687426],[117.69137854172209,62.84816749204224],[118.94832261496833,62.858773364238196],[119.91072685595788,62.831721192078746],[121.01679663178982,62.92511124336716],[121.3982693357624,63.14311635864905],[121.91922178972897,63.50757768697777],[122.13897147998176,63.992288472124045],[122.29141999773213,64.45329255746923],[122.33743351516773,64.96479850645323],[122.34655216951035,65.46558021085175],[123.64061740554149,65.46114346942856],[123.6053821304439,64.93869505175422],[123.5358308218552,64.42775450499542],[123.33540146982739,63.87994460965775],[123.07709613589776,63.36306886810048],[122.40335020110507,62.85853421608293],[121.30022426212747,62.40288957827882],[120.25333919505874,62.240081885857364],[119.02803710396313,62.10123863139414],[118.07676456754683,62.03630861088751],[117.01831044781386,61.916511898812956],[116.0338744008709,61.79588421713052],[114.98449957659932,61.66847071605175],[113.93860604875141,61.5569233347918],[112.89843594827408,61.394693755125],[111.90119347719695,61.21465740276523],[110.87130181846584,60.95658432912425],[109.93849945008031,60.67233408406661],[108.77728124054778,60.37329761364769],[107.79483216273036,60.13010431041519],[107.34316219158347,61.91400177439214]]]}},{"type":"Feature","properties":{"window":"1982-1986","pathway_id":"1982-1986_P02","rank":2,"pathway_color":"#ff7f0e","associated_events":5,"data_start_km":4.23,"data_end_km":1088.9,"data_path_length_km":1084.67,"median_width20_km":33.91,"median_width50_km":66.94,"median_width90_km":140.97,"guide_rail_offset_km":100.0,"mean_bearing_deg":101.93985619960162,"direction":"E","directional_dominance":0.7708333333333333,"transition_probability":0.75,"feature_type":"guide_rail","rail_side":"left","line_color":"#111111","line_width":1.6,"draw_order":4},"geometry":{"type":"LineString","coordinates":[[107.34371191954978,61.911963279034154],[108.42342027937724,61.972607562147736],[109.16595019535487,62.031403505962125],[110.22081340628,62.16555917629887],[111.00306871188826,62.300307503736846],[112.0309429120158,62.486974124034546],[112.99010594941836,62.67096611888421],[114.06508514307296,62.864549090353876],[115.12425908041178,63.03683599589074],[116.35194393041752,63.20040392408008],[117.45827758685869,63.317993425489284],[118.8916395915968,63.37605929508608],[119.56703991472534,63.40175153349379],[120.67339826250964,63.53360631557175],[120.20092558797779,63.465977635934486],[120.55405537277682,63.66425557666127],[120.73157025622862,64.1108521315932],[120.83735060989972,64.46982520908001],[120.855756608371,64.98172088502706],[120.8370138186691,65.45692186578788]]}},{"type":"Feature","properties":{"window":"1982-1986","pathway_id":"1982-1986_P02","rank":2,"pathway_color":"#ff7f0e","associated_events":5,"data_start_km":4.23,"data_end_km":1088.9,"data_path_length_km":1084.67,"median_width20_km":33.91,"median_width50_km":66.94,"median_width90_km":140.97,"guide_rail_offset_km":100.0,"mean_bearing_deg":101.93985619960162,"direction":"E","directional_dominance":0.7708333333333333,"transition_probability":0.75,"feature_type":"guide_rail","rail_side":"right","line_color":"#111111","line_width":1.6,"draw_order":4},"geometry":{"type":"LineString","coordinates":[[107.79434697463546,60.13214546642072],[108.8155304427915,60.18913379050767],[110.1378033228196,60.30022774314703],[111.13980924379564,60.426911842902655],[112.35895759629983,60.627552940301484],[113.34034942052415,60.804210104743376],[114.38387128644536,61.00183141352326],[115.34295115305059,61.1734402610325],[116.35117415836419,61.3362946679224],[117.24418276479241,61.454485896304334],[118.29082528547525,61.565430795369245],[119.0803784379712,61.58381202349857],[120.57161697631801,61.66841057377341],[121.61893323962232,61.79291098596055],[123.55138033490192,62.517685805693695],[124.41284713000579,63.18277342432509],[124.71867127734919,63.736550796216754],[124.98406590084716,64.38474241428186],[125.08084915260105,64.89475623821833],[125.14905410107735,65.4421410401888]]}},{"type":"Feature","properties":{"window":"1982-1986","pathway_id":"1982-1986_P03","rank":3,"pathway_color":"#2ca02c","associated_events":4,"data_start_km":211.62,"data_end_km":1346.79,"data_path_length_km":1135.17,"median_width20_km":89.06,"median_width50_km":132.02,"median_width90_km":184.95,"guide_rail_offset_km":100.0,"mean_bearing_deg":153.1031107005409,"direction":"SE","directional_dominance":0.7777777777777777,"transition_probability":0.48888888888888893,"feature_type":"containment_envelope","containment_level":90,"fill_color":"#2ca02c","fill_opacity":0.18,"draw_order":1,"outline":false},"geometry":{"type":"Polygon","coordinates":[[[75.03776254311543,39.379530060454705],[74.94400720812564,39.915853583281425],[74.95888924229445,40.66524076546547],[75.26866281710667,41.4355449169674],[75.93896034573163,42.147024226158514],[76.68433606659966,42.816285749456085],[78.0484058817629,43.49792266386909],[79.14300903811733,43.71944061718892],[80.20102730864681,43.79259788169174],[81.66773292664908,43.63815767547799],[82.77568136963077,43.2619137214596],[83.70557713969583,42.664078094355446],[84.57462227299902,41.66143769031511],[84.94884071432529,40.90662960412917],[84.91479648992924,40.16523091016818],[84.6578462847836,39.6320250082153],[84.48812139522119,39.09683844094105],[84.61850142838927,38.55621252992734],[84.90769637674549,38.01212776222669],[85.2215838763247,37.46640735970196],[79.7783400892879,37.46847177256837],[80.09225084702484,38.01347112214104],[80.38145301414943,38.55727893528786],[80.51185021609803,39.097638291313714],[80.34212750056565,39.63257670702768],[80.08516685905994,40.16538679164038],[79.94872290426656,40.49144342001068],[80.03826012901942,40.795881287984926],[80.35810690620218,40.796470131813884],[80.33490142903497,41.0102267453196],[80.1780636126615,41.168123948940085],[80.1930386805546,41.20760679072028],[79.79251177070665,41.21907620279344],[79.50160421100162,41.10688389310884],[79.72679171511538,41.11558388391605],[79.72356404526812,40.86448826610275],[79.95722847807548,40.54094530086147],[80.07293353927378,40.24040949013561],[80.0560396900554,39.915830345698524],[79.96229071840594,39.379978189310464],[75.03776254311543,39.379530060454705]]]}},{"type":"Feature","properties":{"window":"1982-1986","pathway_id":"1982-1986_P03","rank":3,"pathway_color":"#2ca02c","associated_events":4,"data_start_km":211.62,"data_end_km":1346.79,"data_path_length_km":1135.17,"median_width20_km":89.06,"median_width50_km":132.02,"median_width90_km":184.95,"guide_rail_offset_km":100.0,"mean_bearing_deg":153.1031107005409,"direction":"SE","directional_dominance":0.7777777777777777,"transition_probability":0.48888888888888893,"feature_type":"containment_envelope","containment_level":50,"fill_color":"#2ca02c","fill_opacity":0.35,"draw_order":2,"outline":false},"geometry":{"type":"Polygon","coordinates":[[[75.6179292347806,39.3905139334072],[75.52867324229356,39.927283917460585],[75.54800339894811,40.62803937745846],[75.8516041924413,41.33588059958535],[76.50163545018438,41.96727540254692],[77.36083035073483,42.45274112399014],[78.44731947628384,42.86137589388276],[79.33525357091207,43.00044921133527],[80.19872135547922,43.07685751935222],[81.29388026218135,43.038163136923735],[82.26965537589064,42.81231363641327],[83.14394290773896,42.36493759689059],[83.9898943388418,41.56102172893644],[84.3576461282795,40.868995532844586],[84.32797789893237,40.17598241574819],[84.07553074943615,39.64150954259891],[83.91023614011203,39.105489347709906],[83.97772076858342,38.56642803653309],[84.18297260317661,38.0253148123174],[84.34803534423963,37.48428813806415],[80.65192958176783,37.48569028167026],[80.81699735751624,38.026253992488236],[81.02224988799856,38.56717199142518],[81.089746696313,39.106056771004994],[80.92445105944773,39.641912408656694],[80.67198780595231,40.17610042880884],[80.53349484613074,40.55141290078212],[80.60974907267587,40.91598436200597],[80.89327310352837,41.10895119012204],[80.81320652540012,41.46825327394014],[80.5304854087874,41.77184398987609],[80.19515946536808,41.923581632079966],[79.61084169238967,41.939042556915304],[79.12418865324736,41.74721924280294],[79.07770914879325,41.4927844754236],[79.17944691042925,41.05966782363675],[79.38790158958824,40.66103970020328],[79.49034375425589,40.30049779996875],[79.47137400633125,39.92726599445202],[79.38211745724453,39.390856526190944],[75.6179292347806,39.3905139334072]]]}},{"type":"Feature","properties":{"window":"1982-1986","pathway_id":"1982-1986_P03","rank":3,"pathway_color":"#2ca02c","associated_events":4,"data_start_km":211.62,"data_end_km":1346.79,"data_path_length_km":1135.17,"median_width20_km":89.06,"median_width50_km":132.02,"median_width90_km":184.95,"guide_rail_offset_km":100.0,"mean_bearing_deg":153.1031107005409,"direction":"SE","directional_dominance":0.7777777777777777,"transition_probability":0.48888888888888893,"feature_type":"containment_envelope","containment_level":20,"fill_color":"#2ca02c","fill_opacity":0.68,"draw_order":3,"outline":false},"geometry":{"type":"Polygon","coordinates":[[[75.97360961379462,39.39580342851186],[75.916210295546,39.933232103824814],[75.9627287592736,40.60002735661598],[76.2542686557781,41.26514319176126],[76.82905664989448,41.860949421972364],[77.60532195771981,42.31933138360173],[78.57376704010215,42.65652465490295],[79.39340929311152,42.77950794391942],[80.19801172139842,42.85181974217134],[81.16790876756932,42.833041003128876],[82.07629565579299,42.638181654330516],[82.89874514132748,42.232578475694226],[83.55355023769755,41.48396201212891],[83.79558064730088,40.830381810253996],[83.74722913468958,40.18369853464741],[83.50639983711409,39.64794192056002],[83.30867695655854,39.11141053815489],[83.30689557326656,38.57328271815652],[83.45344053469535,38.033941083890994],[83.5907379082148,37.49435754062307],[81.40924987056218,37.49518521952854],[81.54654418536097,38.03447321461067],[81.6930858714237,38.57368898635046],[81.69131351216305,39.11173594316656],[81.49358739716206,39.648199279940954],[81.2527382607833,40.18377906114818],[81.09103417010215,40.60575701004358],[81.03871234702626,41.00401424161635],[81.13011602090683,41.245520165404365],[80.99961207952163,41.64449880513062],[80.65230461354031,41.97768793007224],[80.19584020922974,42.14865602320873],[79.55421780707883,42.16012508234093],[79.00132209824943,41.95270154154061],[78.83940991368138,41.6292782874698],[78.85993200428891,41.17256541531202],[78.99243398716607,40.742571288141754],[79.07920423534227,40.341081375416664],[79.08383713553474,39.93321770386123],[79.02643391694914,39.39608129852454],[75.97360961379462,39.39580342851186]]]}},{"type":"Feature","properties":{"window":"1982-1986","pathway_id":"1982-1986_P03","rank":3,"pathway_color":"#2ca02c","associated_events":4,"data_start_km":211.62,"data_end_km":1346.79,"data_path_length_km":1135.17,"median_width20_km":89.06,"median_width50_km":132.02,"median_width90_km":184.95,"guide_rail_offset_km":100.0,"mean_bearing_deg":153.1031107005409,"direction":"SE","directional_dominance":0.7777777777777777,"transition_probability":0.48888888888888893,"feature_type":"guide_rail","rail_side":"left","line_color":"#111111","line_width":1.6,"draw_order":4},"geometry":{"type":"LineString","coordinates":[[76.33906032194773,39.40009508045596],[76.33000124822809,39.93815082287995],[76.34989267697699,40.57251521939786],[76.47223943779056,41.22620327426553],[76.75159510834351,41.88621953520133],[77.25203366575494,42.51176076694377],[78.28363112831676,43.124348797145785],[79.24140707429319,43.353601945159134],[80.19975441424833,43.40040202394127],[81.41035129506002,43.22648593717791],[82.30151102096642,42.84087709773288],[82.97965583168178,42.276373490437905],[83.45202434081403,41.46577074177335],[83.61935807691276,40.817705636798216],[83.67422719673414,40.184462723547085],[83.66507769404592,39.64643046220251],[83.65612786306258,39.10837427397385],[83.6473751000625,38.57029436327641],[83.63882596426595,38.032190865159535],[83.63046735487603,37.493954614252594]]}},{"type":"Feature","properties":{"window":"1982-1986","pathway_id":"1982-1986_P03","rank":3,"pathway_color":"#2ca02c","associated_events":4,"data_start_km":211.62,"data_end_km":1346.79,"data_path_length_km":1135.17,"median_width20_km":89.06,"median_width50_km":132.02,"median_width90_km":184.95,"guide_rail_offset_km":100.0,"mean_bearing_deg":153.1031107005409,"direction":"SE","directional_dominance":0.7777777777777777,"transition_probability":0.48888888888888893,"feature_type":"guide_rail","rail_side":"right","line_color":"#111111","line_width":1.6,"draw_order":4},"geometry":{"type":"LineString","coordinates":[[78.66098064723496,39.40030643612823],[78.67004633378394,39.938140184876815],[78.69463342335007,40.37768144154643],[78.77760084511488,40.78621598559406],[78.93571693223123,41.14590184079594],[79.18310993207217,41.43207339317544],[79.28090205861389,41.483017172224876],[79.70056412772783,41.58550955516223],[80.19419251679625,41.59995337359099],[80.41924800811222,41.58261140065269],[80.78269220755357,41.43928213327234],[81.05174450821653,41.20044576691365],[81.13882935197057,41.02429910554518],[81.26615613795354,40.62225703875186],[81.32574036610436,40.184538537333815],[81.33490826790467,39.646728393339295],[81.3438587019233,39.10883947176904],[81.3526016603708,38.57087203711141],[81.36115577878843,38.03282644679954],[81.36951951751536,37.49481243624696]]}},{"type":"Feature","properties":{"window":"1987-1991","pathway_id":"1987-1991_P01","rank":1,"pathway_color":"#1f77b4","associated_events":9,"data_start_km":161.21,"data_end_km":2196.07,"data_path_length_km":2034.86,"median_width20_km":56.3,"median_width50_km":106.89,"median_width90_km":281.83,"guide_rail_offset_km":100.0,"mean_bearing_deg":81.67908439418173,"direction":"E","directional_dominance":0.9047619047619048,"transition_probability":0.7214285714285713,"feature_type":"containment_envelope","containment_level":90,"fill_color":"#1f77b4","fill_opacity":0.18,"draw_order":1,"outline":false},"geometry":{"type":"Polygon","coordinates":[[[97.55860981099659,43.91240426042399],[98.31346586749214,44.274788035243],[99.92745619622963,44.65230823040358],[101.64490102981665,44.75267417569694],[102.14737264776738,44.837720248223086],[102.99962972224898,45.296344004659296],[102.43728161603241,45.90559164590911],[101.51153584888937,46.20286750758928],[101.57461009032886,46.762507964838264],[103.43406687242583,47.86183209864952],[105.32164719259879,48.25534763935599],[106.58142178831986,48.3197437519619],[107.53904766061788,48.46492594989615],[106.929005480108,48.53473664836868],[105.84834854525036,48.18348466330392],[106.28584996240807,48.78504211031499],[106.41168914541049,48.61196577221392],[108.64082002381008,49.811995170479506],[109.95297099086793,49.846314455187105],[113.34006221814451,50.293304416025],[115.85621010436603,50.05319757684402],[116.8021509608094,49.81212212770758],[117.58876391146953,49.581501187245294],[118.14840986382615,49.28956954823732],[118.77452289215665,48.85433654651514],[119.72424892511668,48.340401887363306],[120.57675585008877,48.01518270235334],[121.51641830517883,48.02179856351412],[122.49042299948263,48.03065233564613],[122.50947623735465,46.14920682543288],[121.56896093592826,46.13958507506636],[120.59566511387266,46.131638760613995],[119.5414270513736,45.80974350034742],[118.58325556529525,45.35029812066889],[117.33632701278657,45.07085659592624],[116.0434128603377,45.00118263800786],[114.96880233322912,45.05496694553734],[114.04640748325414,45.13510848507551],[114.51890258901443,44.90121482247424],[115.83968708432246,45.003280489419936],[115.57962379477362,44.17326816911835],[116.61472921078769,44.22506825334199],[115.60427326704018,43.011450954932236],[114.84393020192022,42.645170448893026],[112.3011320490034,41.73676508611484],[110.16997858688813,41.33238304740608],[109.34118124565873,41.13860155236054],[108.80205498458281,40.79224453660353],[108.91343149313343,40.610255766063524],[109.33401957560898,40.81357583839915],[108.1126856572871,40.555056901416854],[105.79255305574543,40.29585815946672],[103.70229808597628,40.47662462117291],[102.79570991432144,40.788560209976765],[101.5487223968633,40.87032097272213],[101.47107463166748,40.80302916136197],[101.35938120623246,40.772615285129746],[100.63303690448657,40.42364520523707],[97.55860981099659,43.91240426042399]]]}},{"type":"Feature","properties":{"window":"1987-1991","pathway_id":"1987-1991_P01","rank":1,"pathway_color":"#1f77b4","associated_events":9,"data_start_km":161.21,"data_end_km":2196.07,"data_path_length_km":2034.86,"median_width20_km":56.3,"median_width50_km":106.89,"median_width90_km":281.83,"guide_rail_offset_km":100.0,"mean_bearing_deg":81.67908439418173,"direction":"E","directional_dominance":0.9047619047619048,"transition_probability":0.7214285714285713,"feature_type":"containment_envelope","containment_level":50,"fill_color":"#1f77b4","fill_opacity":0.35,"draw_order":2,"outline":false},"geometry":{"type":"Polygon","coordinates":[[[98.35635496444138,43.056589496417736],[99.09309383161957,43.42761855891065],[100.3195550578942,43.7287351439861],[101.6224267287858,43.7984927311706],[102.33381935199498,43.74324889854019],[103.23454098859406,43.792211441141184],[103.6871134418862,43.956729380736824],[104.10670693253707,44.16008689742867],[104.72405473327814,44.56024635675127],[105.76648796848087,45.03397076554467],[106.8691093862871,45.19592265083719],[107.84005120490997,45.28148489640206],[108.73045816523353,45.46568988023212],[109.23275770452096,45.8484508392605],[109.3550287820837,46.23487979759951],[109.6503389896834,46.92109215234307],[109.83504011506363,47.31457541933456],[110.86563910765386,48.17242884081121],[111.63570241745197,48.57799700900211],[113.63907490328717,49.0188774938739],[115.40988720571045,48.93267631487463],[116.31826018085553,48.64779768729055],[117.13950399889274,48.341156425946785],[117.89102590236735,48.04009062134791],[118.70843252969394,47.73914795967345],[119.66522551679964,47.56826483823162],[120.58065694936715,47.56677306422529],[121.52847890868941,47.57370065203654],[122.4942306504779,47.58274154189698],[122.50422352888495,46.59722227643251],[121.55600762012239,46.58777922341078],[120.59057209441517,46.580154694260656],[119.59406315179126,46.58227120185776],[118.63908656447109,46.4661439720148],[117.561087703275,46.322698556057475],[116.43448695613972,46.24720242068566],[115.38695199244063,46.22623455519874],[114.42918280489505,46.26201757817935],[114.25871586571458,46.17824553909102],[114.36343803918709,46.32844170412121],[113.65462746305877,45.898145192426654],[113.54290166343526,45.715652218353526],[112.66886639233553,45.04312303047496],[111.74489299538936,44.75778509747927],[110.30456420751898,44.48553847370137],[109.14023357658715,44.349036776580945],[108.25490478662607,44.196321196673765],[107.47859586664595,43.8816018095167],[106.91403804224359,43.507076405340705],[106.5585963476837,43.14818078924333],[105.81420974537065,42.694276395781564],[104.6921747809962,42.27148772998735],[103.49771537547775,41.98309209460432],[102.63097109219933,41.88475581907028],[101.57351255488345,41.82494640977582],[101.11936412865765,41.73206774550423],[100.64827188292179,41.637797768367804],[99.90447063815111,41.298193147869135],[98.35635496444138,43.056589496417736]]]}},{"type":"Feature","properties":{"window":"1987-1991","pathway_id":"1987-1991_P01","rank":1,"pathway_color":"#1f77b4","associated_events":9,"data_start_km":161.21,"data_end_km":2196.07,"data_path_length_km":2034.86,"median_width20_km":56.3,"median_width50_km":106.89,"median_width90_km":281.83,"guide_rail_offset_km":100.0,"mean_bearing_deg":81.67908439418173,"direction":"E","directional_dominance":0.9047619047619048,"transition_probability":0.7214285714285713,"feature_type":"containment_envelope","containment_level":20,"fill_color":"#1f77b4","fill_opacity":0.68,"draw_order":3,"outline":false},"geometry":{"type":"Polygon","coordinates":[[[98.65161301512148,42.73135714745609],[99.35543037986776,43.13520556439413],[100.43441462882862,43.451493764371705],[101.61633942273471,43.54559984018639],[102.37995077378633,43.46420543207323],[103.2888043975372,43.430357746410394],[103.93744005549831,43.54718764315905],[104.55481964393226,43.78512956564727],[105.19646081659465,44.20612755037504],[106.04976937678794,44.66577452052427],[107.01401221334129,44.889331545376145],[107.94437789214453,45.01268642313237],[108.8410755134932,45.168745582018715],[109.54728436326837,45.456290227084054],[110.0212632682194,45.83577773409163],[110.43557193313188,46.45210069084118],[110.72451549477205,46.95002929843698],[111.50514180732955,47.67326895652129],[112.24772039073036,48.09473015819859],[113.77443742967705,48.42175921536661],[115.20894261648692,48.40951176596186],[116.13774401839947,48.19756115598808],[116.99733761199082,47.933881613825285],[117.8167098456646,47.665043113241374],[118.69125376802083,47.43431872830628],[119.64864870546103,47.34419998897756],[120.58275140267097,47.342555742996346],[121.53461644800944,47.34964038827488],[122.49630899554722,47.3587738046872],[122.50176148278717,46.82121781437934],[121.54963303284899,46.81186505234018],[120.58816115415334,46.804400251849366],[119.60983756044322,46.80638515298923],[118.65513057817446,46.771045989584856],[117.6309879468223,46.698066148195096],[116.56703606472581,46.6554155390086],[115.55356951799791,46.67793933524288],[114.6134131151519,46.78686278625717],[114.13322440516095,46.77602677583419],[113.78993203762764,46.82229833953675],[113.05519803240855,46.40868843564883],[112.69200960516076,46.101322417523306],[111.92191947483343,45.52703254554878],[111.10337618430827,45.16680230149013],[110.00053925933474,44.87983354559457],[109.03276904355312,44.64632100602963],[108.1535624314281,44.465456850970426],[107.33879154189788,44.18887436114501],[106.64201847421754,43.877602587548964],[106.10299685317369,43.50823319523649],[105.38242963746734,43.07453411418094],[104.45273666675223,42.682979215229786],[103.44662844668841,42.345190608469515],[102.58779296013654,42.16403401559122],[101.57996016638668,42.07790847086913],[101.0116155345612,42.01027148182797],[100.39922602222038,41.93370375687246],[99.62346612517075,41.62728407011296],[98.65161301512148,42.73135714745609]]]}},{"type":"Feature","properties":{"window":"1987-1991","pathway_id":"1987-1991_P01","rank":1,"pathway_color":"#1f77b4","associated_events":9,"data_start_km":161.21,"data_end_km":2196.07,"data_path_length_km":2034.86,"median_width20_km":56.3,"median_width50_km":106.89,"median_width90_km":281.83,"guide_rail_offset_km":100.0,"mean_bearing_deg":81.67908439418173,"direction":"E","directional_dominance":0.9047619047619048,"transition_probability":0.7214285714285713,"feature_type":"guide_rail","rail_side":"left","line_color":"#111111","line_width":1.6,"draw_order":4},"geometry":{"type":"LineString","coordinates":[[98.47281149294133,42.92886651129492],[99.21806327643208,43.288790584692805],[100.37642933480515,43.591841433927186],[101.62030696394237,43.71017288222126],[102.33990608075055,43.70662298302835],[103.23614096181745,43.78162200672948],[103.69856114071968,43.93814472803014],[104.16307209739443,44.11329595423934],[104.79132436925113,44.510214362049446],[105.7447399351721,45.062006487722186],[106.77534128712415,45.392405135310455],[107.71240900805441,45.606681709228674],[108.6128775486074,45.77775091378162],[109.14812053479443,45.95289538020764],[109.59444351875163,46.092563684536614],[110.21182973509747,46.58709807863003],[110.60118829811688,47.001273714734964],[111.43359242159954,47.72975769280957],[112.17531799726373,48.15253049116411],[113.75951331163077,48.488222151427514],[115.23221117000247,48.470703205282064],[116.1814637781722,48.30741976109539],[117.07958495055641,48.1703917324849],[117.89741750794201,48.07203937587266],[118.72341772808738,47.999798734440475],[119.69568044303418,47.971544591400004],[120.57712849460341,47.97034324068701],[121.51761137422108,47.976990130479926],[122.49078258097927,47.98586274037135]]}},{"type":"Feature","properties":{"window":"1987-1991","pathway_id":"1987-1991_P01","rank":1,"pathway_color":"#1f77b4","associated_events":9,"data_start_km":161.21,"data_end_km":2196.07,"data_path_length_km":2034.86,"median_width20_km":56.3,"median_width50_km":106.89,"median_width90_km":281.83,"guide_rail_offset_km":100.0,"mean_bearing_deg":81.67908439418173,"direction":"E","directional_dominance":0.9047619047619048,"transition_probability":0.7214285714285713,"feature_type":"guide_rail","rail_side":"right","line_color":"#111111","line_width":1.6,"draw_order":4},"geometry":{"type":"LineString","coordinates":[[99.79439426779157,41.42764335492286],[100.53026882600057,41.778456656213365],[101.06628910166677,41.86947562036884],[101.57577020231383,41.913292725956964],[102.6253316251615,41.921417281023515],[103.4962309666904,41.99369043494838],[104.68137371183008,42.29018817283469],[105.76050766575622,42.741931644366595],[106.49439907072326,43.19929757099187],[106.93463255721383,43.47880202687509],[107.56745846962781,43.6844636823176],[108.37630165186368,43.870418786579684],[109.25203231724686,44.03635237604783],[110.38496064696847,44.380231975982646],[111.5164586475118,44.90450625280526],[112.13734778082289,45.38879632726714],[112.81137481569255,46.047909577009705],[113.12337162352276,46.351240930702176],[113.8588645899863,46.76354405046886],[114.14731057924985,46.709507546588235],[114.5916767057247,46.7255172770493],[115.51265237417817,46.56778465224769],[116.4898057870937,46.4184159217517],[117.55518659028797,46.29071425113324],[118.62563913648393,46.20539458820265],[119.56624298549355,46.17883025972765],[120.59513971574574,46.17649184085796],[121.5676534619455,46.18440583770157],[122.50893146054534,46.19400982953434]]}},{"type":"Feature","properties":{"window":"1987-1991","pathway_id":"1987-1991_P02","rank":2,"pathway_color":"#ff7f0e","associated_events":7,"data_start_km":0.0,"data_end_km":1265.42,"data_path_length_km":1265.42,"median_width20_km":30.0,"median_width50_km":55.0,"median_width90_km":183.57,"guide_rail_offset_km":100.0,"mean_bearing_deg":100.79896750038817,"direction":"E","directional_dominance":0.7619047619047619,"transition_probability":0.5833333333333334,"feature_type":"containment_envelope","containment_level":90,"fill_color":"#ff7f0e","fill_opacity":0.18,"draw_order":1,"outline":false},"geometry":{"type":"Polygon","coordinates":[[[-102.62759485785358,48.96894683507197],[-101.69361690534254,48.12867979443411],[-100.77841818329776,47.340623447775066],[-99.86582224305899,46.97110753452447],[-98.98139860377742,46.93949156917875],[-98.10257746738272,46.89986139237008],[-97.31868891004191,46.999641790423034],[-96.44711918265702,47.27591376961062],[-95.9285155717856,47.50451810367975],[-97.27062067270371,46.23928848600296],[-93.71188072848419,48.00229393253183],[-91.84073900707983,47.44598606906183],[-90.81404060867007,46.970132986933265],[-90.15341928870173,46.57628447514255],[-89.21074872407615,45.62643295502627],[-89.00088209013924,45.02785455319893],[-88.68413049124318,43.36183301814038],[-89.09738593831416,42.79913805419416],[-89.38876380363799,42.22374780997306],[-90.45871479730559,40.99126471253271],[-92.74911587973577,42.7917810989561],[-93.03646471608035,42.51460586419322],[-93.15704847376158,43.12354580346992],[-93.39712736017538,43.73925164788841],[-93.65186473990461,43.140135606078076],[-94.25220321252833,43.575486242295085],[-94.35231390702626,43.558241931303286],[-94.91014085054101,44.00392753658351],[-95.2154482231415,44.29951515112857],[-94.85038440052534,44.378608636857834],[-92.34885292766674,45.754007924188976],[-95.35319578349751,44.37102478849828],[-96.52579411328465,44.5309899612493],[-97.37184918626292,44.824935101342994],[-98.2982760690212,45.015609965797694],[-99.13554455516054,45.053548462182555],[-99.96975842495617,45.08374781824566],[-100.78016311524546,44.72196067015651],[-101.59235951211615,43.92383589762665],[-102.39286971894244,43.05630563695265],[-102.62759485785358,48.96894683507197]]]}},{"type":"Feature","properties":{"window":"1987-1991","pathway_id":"1987-1991_P02","rank":2,"pathway_color":"#ff7f0e","associated_events":7,"data_start_km":0.0,"data_end_km":1265.42,"data_path_length_km":1265.42,"median_width20_km":30.0,"median_width50_km":55.0,"median_width90_km":183.57,"guide_rail_offset_km":100.0,"mean_bearing_deg":100.79896750038817,"direction":"E","directional_dominance":0.7619047619047619,"transition_probability":0.5833333333333334,"feature_type":"containment_envelope","containment_level":50,"fill_color":"#ff7f0e","fill_opacity":0.35,"draw_order":2,"outline":false},"geometry":{"type":"Polygon","coordinates":[[[-102.5184498381988,46.50772035815332],[-101.65084996013086,46.52108481620832],[-100.77833039505012,46.52601254008466],[-99.89098876383602,46.52179547699594],[-99.01888850082206,46.49052639454075],[-98.15027396343896,46.451311569795386],[-97.33350894398313,46.40711983319891],[-96.47313023370154,46.398332204227444],[-95.72379172188337,46.42908574638361],[-95.50315225409588,46.09016620371527],[-94.14746249164757,46.675543979349186],[-93.12659084929655,46.301517888295024],[-92.3567231760363,45.90772636238926],[-91.68631869354444,45.53047757551101],[-90.92778951109887,44.97005194602942],[-90.4262129537645,44.483193653910774],[-89.83956214776806,43.473183932505776],[-89.83197262011544,42.8690913722452],[-89.98963679625238,42.28014084345531],[-90.86435674631208,41.320970379578185],[-92.3243717671862,42.46894378764284],[-92.43086144493954,42.474816417410715],[-92.41602824036859,43.07560990782815],[-92.2306625800021,43.6647056987748],[-92.2899619972553,43.7263507528274],[-92.61528820544245,44.28309884993251],[-92.92241529362009,44.641067288592524],[-93.46859257768037,45.10171718885226],[-94.01939105348822,45.46816947126871],[-94.45081139199708,45.70871276152834],[-94.09663123727852,45.95144305190547],[-95.54372834868607,45.4474606065433],[-96.50147044135333,45.40887132352884],[-97.35768879345981,45.41762478513901],[-98.25275676457903,45.464322146133874],[-99.09961248298892,45.50265113013864],[-99.94542056456055,45.53317839552786],[-100.77900054421436,45.53682932089409],[-101.62711867740352,45.53223619830743],[-102.47944664490511,45.51933898693919],[-102.5184498381988,46.50772035815332]]]}},{"type":"Feature","properties":{"window":"1987-1991","pathway_id":"1987-1991_P02","rank":2,"pathway_color":"#ff7f0e","associated_events":7,"data_start_km":0.0,"data_end_km":1265.42,"data_path_length_km":1265.42,"median_width20_km":30.0,"median_width50_km":55.0,"median_width90_km":183.57,"guide_rail_offset_km":100.0,"mean_bearing_deg":100.79896750038817,"direction":"E","directional_dominance":0.7619047619047619,"transition_probability":0.5833333333333334,"feature_type":"containment_envelope","containment_level":20,"fill_color":"#ff7f0e","fill_opacity":0.68,"draw_order":3,"outline":false},"geometry":{"type":"Polygon","coordinates":[[[-102.50935728481703,46.28310649031261],[-101.64529126423298,46.29636306542487],[-100.77840930780006,46.301213242529904],[-99.90347042635946,46.29712552466934],[-99.03744305283018,46.266027571529904],[-98.17385642395665,46.227017395262756],[-97.33906522504833,46.18224997735946],[-96.47966018094463,46.173470461579086],[-95.68232307652531,46.20602759775873],[-95.18287935337833,46.06014818599841],[-94.21737905843379,46.45590023950777],[-93.3439645802754,46.10160639852372],[-92.64286169074047,45.70359795443962],[-92.02506224983047,45.290926666379505],[-91.34995899162391,44.802151356439445],[-90.76757884696235,44.34840628426392],[-90.14625192710737,43.50067431882294],[-90.13562344908745,42.89654713226804],[-90.29047462415586,42.307112265264855],[-91.06871164602175,41.48527610137621],[-92.11363752682645,42.30693148535674],[-92.12836076252295,42.453679544428795],[-92.11055441569023,43.05438998871254],[-91.92225750655474,43.64293316250814],[-91.95580330547978,43.86585614795597],[-92.20066654565748,44.45582081702625],[-92.59140242980017,44.88339476794653],[-93.18856770542045,45.30798318110344],[-93.80696302336376,45.669412538277115],[-94.38283024825608,45.92853683505411],[-94.415673317991,45.98447832911262],[-95.5841135611121,45.67059540802206],[-96.49511735027104,45.63376452248429],[-97.35225341783094,45.64252540517536],[-98.22975236957976,45.688659443643324],[-99.08147154452756,45.72718647425239],[-99.93315891199036,45.75787983123705],[-100.77877554537595,45.76165875845799],[-101.63234874747101,45.75699107311895],[-102.48808538465416,45.743989338616366],[-102.50935728481703,46.28310649031261]]]}},{"type":"Feature","properties":{"window":"1987-1991","pathway_id":"1987-1991_P02","rank":2,"pathway_color":"#ff7f0e","associated_events":7,"data_start_km":0.0,"data_end_km":1265.42,"data_path_length_km":1265.42,"median_width20_km":30.0,"median_width50_km":55.0,"median_width90_km":183.57,"guide_rail_offset_km":100.0,"mean_bearing_deg":100.79896750038817,"direction":"E","directional_dominance":0.7619047619047619,"transition_probability":0.5833333333333334,"feature_type":"guide_rail","rail_side":"left","line_color":"#111111","line_width":1.6,"draw_order":4},"geometry":{"type":"LineString","coordinates":[[-102.53516480437247,46.911998095230814],[-101.66110769272935,46.92555933195373],[-100.77829991447335,46.93062893598504],[-99.86835129431276,46.92617800099655],[-98.9851708036076,46.89459700550085],[-98.1073795040715,46.85500873247255],[-97.32341421481395,46.81186277296356],[-96.46123998729351,46.80306001017902],[-95.79927038349413,46.8305322247209],[-96.08049684763552,46.14195039151339],[-94.02012288165493,47.070764749134085],[-92.79446671271583,46.6033146199133],[-92.0154986294882,46.14821726947711],[-91.40814678749523,45.72487311191836],[-90.67363928489269,45.06987550299799],[-90.26827826478002,44.54498056223137],[-89.80493275452629,43.47002556956189],[-89.90536944227746,42.8758059875567],[-90.00341693003772,42.281394684753415],[-90.76617145128606,41.24160108076326]]}},{"type":"Feature","properties":{"window":"1987-1991","pathway_id":"1987-1991_P02","rank":2,"pathway_color":"#ff7f0e","associated_events":7,"data_start_km":0.0,"data_end_km":1265.42,"data_path_length_km":1265.42,"median_width20_km":30.0,"median_width50_km":55.0,"median_width90_km":183.57,"guide_rail_offset_km":100.0,"mean_bearing_deg":100.79896750038817,"direction":"E","directional_dominance":0.7619047619047619,"transition_probability":0.5833333333333334,"feature_type":"guide_rail","rail_side":"right","line_color":"#111111","line_width":1.6,"draw_order":4},"geometry":{"type":"LineString","coordinates":[[-102.46422178983589,45.114941495854],[-101.61793999327905,45.12765296089362],[-100.77951068731922,45.132114001617126],[-99.96733558003935,45.12869253659447],[-99.13197201270157,45.09846064237823],[-98.29375306844473,45.060483428881916],[-97.36738650902349,45.01278087305518],[-96.51277995924728,45.00404027273214],[-95.47180723977493,45.045762475075335],[-93.5233254253004,45.88975582998559],[-94.5717959975332,45.31289989903571],[-94.33806081982384,45.16275000661586],[-93.79719320118049,44.856811946941804],[-93.19004071085757,44.4428834416159],[-92.86253257869367,44.1788632936945],[-92.44349944862353,43.66168492597949],[-92.26551755758489,43.66711200453468],[-92.34214601259112,43.07055582582041],[-92.41699486871843,42.47386590935163],[-92.42638926454828,42.54693530229466]]}},{"type":"Feature","properties":{"window":"1987-1991","pathway_id":"1987-1991_P03","rank":3,"pathway_color":"#2ca02c","associated_events":2,"data_start_km":479.91,"data_end_km":902.97,"data_path_length_km":423.06,"median_width20_km":178.52,"median_width50_km":203.52,"median_width90_km":253.52,"guide_rail_offset_km":100.0,"mean_bearing_deg":108.25972161701728,"direction":"E","directional_dominance":0.7499999999999999,"transition_probability":0.6416666666666666,"feature_type":"containment_envelope","containment_level":90,"fill_color":"#2ca02c","fill_opacity":0.18,"draw_order":1,"outline":false},"geometry":{"type":"Polygon","coordinates":[[[167.81187851418161,64.63375391303312],[167.80195146689692,64.43409105023188],[167.79219007928043,64.23442185222342],[167.8025682451289,64.23053218603079],[167.83206004330123,64.0312269764618],[167.80542915619327,64.10259747176346],[167.88853422990633,63.9062281422668],[167.76934436100612,64.07956505521345],[167.9256965823871,63.89200642503229],[167.60317565839398,64.18644471643705],[166.81904897371993,64.5278286131534],[167.18013446251393,64.40291607697924],[166.06176173709696,64.69269401233021],[164.90093422880489,64.77459838984586],[165.32675278451194,64.77431914560555],[165.787962865991,64.77439867544015],[166.21348736525488,64.77439778937932],[166.64555115616588,64.77430937335808],[167.06183271096415,64.77421380375499],[167.50313000176038,64.77414697686184],[167.49954747585622,60.22510631746459],[167.075318038736,60.22509372088408],[166.62963852496807,60.22512751565833],[166.19748907366318,60.2251649572127],[165.75973163193692,60.2251432857613],[165.3525683444742,60.22503924776251],[164.91505995559476,60.225303806674425],[163.1255374535375,60.349248473441264],[161.34802384996476,60.73034742456031],[161.0075533473372,60.84056913012886],[159.67449781294943,61.43399398556787],[158.80091354197464,62.02655720246809],[158.5988201185196,62.20233709237995],[158.10273169322562,62.733683971925146],[157.95817010740404,62.92206401625215],[157.67501435420388,63.37512074506499],[157.57555467207055,63.56973657682556],[157.40248726381998,63.957162021175414],[157.33752815990306,64.15474608642262],[157.27157693795687,64.35229150502657],[167.81187851418161,64.63375391303312]]]}},{"type":"Feature","properties":{"window":"1987-1991","pathway_id":"1987-1991_P03","rank":3,"pathway_color":"#2ca02c","associated_events":2,"data_start_km":479.91,"data_end_km":902.97,"data_path_length_km":423.06,"median_width20_km":178.52,"median_width50_km":203.52,"median_width90_km":253.52,"guide_rail_offset_km":100.0,"mean_bearing_deg":108.25972161701728,"direction":"E","directional_dominance":0.7499999999999999,"transition_probability":0.6416666666666666,"feature_type":"containment_envelope","containment_level":50,"fill_color":"#2ca02c","fill_opacity":0.35,"draw_order":2,"outline":false},"geometry":{"type":"Polygon","coordinates":[[[166.76627395416307,64.6397127423677],[166.76397082586033,64.43999792740794],[166.76171491371719,64.24027757560293],[166.77559959340903,64.19792119241278],[166.81239640261344,63.99884032858553],[166.8002991691643,64.01696972376509],[166.89017668345832,63.821190541651504],[166.81292508886452,63.92173447127397],[166.9747661070415,63.735218951538684],[166.7538699947744,63.935898941280065],[166.178261862584,64.17566997363556],[166.53765916846544,64.05233811619102],[165.73148702635007,64.26743708965532],[164.90255038562998,64.3261113416336],[165.32961397002714,64.32583362089687],[165.78462549191352,64.32591587322318],[166.2114565314223,64.32591700649743],[166.64345139778567,64.32583367671064],[167.06298318238748,64.3257437195716],[167.5022692326599,64.32568498465872],[167.49945227236378,60.673833717277724],[167.07382763568035,60.67382873695948],[166.63074054097518,60.673869058726716],[166.1986680028328,60.67391148331399],[165.76202994286837,60.67389222219809],[165.3502980484576,60.6737903346785],[164.91386244416378,60.674056277337804],[163.37909823844774,60.78028111665723],[161.86159076652575,61.10292257494329],[161.5188455879171,61.21446528160543],[160.3914286512408,61.72467518904557],[159.64807251898094,62.23622069477179],[159.449531485266,62.41325536539742],[159.03014649284654,62.878841341774105],[158.89086535153797,63.068185229390046],[158.6528311911776,63.47149390799494],[158.55974333515712,63.66679608926033],[158.4145771767046,64.01741627334333],[158.3566974663603,64.2154561647509],[158.29793084426626,64.41346437621029],[166.76627395416307,64.6397127423677]]]}},{"type":"Feature","properties":{"window":"1987-1991","pathway_id":"1987-1991_P03","rank":3,"pathway_color":"#2ca02c","associated_events":2,"data_start_km":479.91,"data_end_km":902.97,"data_path_length_km":423.06,"median_width20_km":178.52,"median_width50_km":203.52,"median_width90_km":253.52,"guide_rail_offset_km":100.0,"mean_bearing_deg":108.25972161701728,"direction":"E","directional_dominance":0.7499999999999999,"transition_probability":0.6416666666666666,"feature_type":"containment_envelope","containment_level":20,"fill_color":"#2ca02c","fill_opacity":0.68,"draw_order":3,"outline":false},"geometry":{"type":"Polygon","coordinates":[[[166.24337096057985,64.63991298686582],[166.24488229462168,64.44019388326069],[166.24638154393733,64.24046930622066],[166.26308973971982,64.17889876913928],[166.30351751528582,63.9799506193507],[166.30010964950236,63.9715429756098],[166.39332235224379,63.77607687165117],[166.33880648337652,63.840451983596495],[166.5033111805148,63.654470007960725],[166.3349438738037,63.80876486578942],[165.86396960696635,63.99854012478604],[166.2224841024638,63.875987487150795],[165.57015228299667,64.05452343567416],[164.9033374186601,64.10185745122389],[165.3310147385949,64.10158048498431],[165.78300889899037,64.10166406959853],[166.2104836791866,64.10166623128573],[166.64245131206974,64.10158543819782],[167.06357499634157,64.10149833101318],[167.50188631837796,64.10144361647208],[167.49943694703416,60.89818604036046],[167.07309417757085,60.89818488248255],[166.63132501576695,60.898228435383096],[166.19928599883434,60.898273353834526],[165.76321374055033,60.898255284096834],[165.34914337649775,60.898154490644245],[164.91324978059123,60.898421129616935],[163.50846258200085,60.99560162931164],[162.12294960820248,61.28844889697362],[161.7790792982778,61.400662144436644],[160.75498423164538,61.86857098797353],[160.07606142193674,62.33907121314864],[159.87937235355196,62.51672771815126],[159.49726231818818,62.9490959986759],[159.36068983198857,63.13890933579226],[159.14416092250235,63.517147725443046],[159.05431180972766,63.7127761488843],[158.92219858800843,64.04487978131426],[158.8678948748269,64.24312790619815],[158.81275796734826,64.44134755054273],[166.24337096057985,64.63991298686582]]]}},{"type":"Feature","properties":{"window":"1987-1991","pathway_id":"1987-1991_P03","rank":3,"pathway_color":"#2ca02c","associated_events":2,"data_start_km":479.91,"data_end_km":902.97,"data_path_length_km":423.06,"median_width20_km":178.52,"median_width50_km":203.52,"median_width90_km":253.52,"guide_rail_offset_km":100.0,"mean_bearing_deg":108.25972161701728,"direction":"E","directional_dominance":0.7499999999999999,"transition_probability":0.6416666666666666,"feature_type":"guide_rail","rail_side":"left","line_color":"#111111","line_width":1.6,"draw_order":4},"geometry":{"type":"LineString","coordinates":[[164.60160638475713,64.6284954824306],[164.6150864935958,64.4288569072981],[164.6283686089056,64.2292116026917],[164.65854627170597,64.10743216862505],[164.71026506201235,63.90898867588273],[164.74017477648192,63.817666901437306],[164.8436275760032,63.62325956483789],[164.86783624444558,63.57510176693964],[165.0403555631401,63.39084386852107],[165.04379330960296,63.401644533748104],[164.90243517634718,63.43786097058727],[165.25802753585117,63.31770772898533],[165.07914833876328,63.38464917989025],[164.90572272889665,63.3974995895076],[165.33529162740058,63.39722496330417],[165.77814597176786,63.39731261337434],[166.20760348246483,63.397318082922446],[166.63951539865138,63.397245231614875],[167.06550234054646,63.397167257150954],[167.500879412151,63.39712506567328]]}},{"type":"Feature","properties":{"window":"1987-1991","pathway_id":"1987-1991_P03","rank":3,"pathway_color":"#2ca02c","associated_events":2,"data_start_km":479.91,"data_end_km":902.97,"data_path_length_km":423.06,"median_width20_km":178.52,"median_width50_km":203.52,"median_width90_km":253.52,"guide_rail_offset_km":100.0,"mean_bearing_deg":108.25972161701728,"direction":"E","directional_dominance":0.7499999999999999,"transition_probability":0.6416666666666666,"feature_type":"guide_rail","rail_side":"right","line_color":"#111111","line_width":1.6,"draw_order":4},"geometry":{"type":"LineString","coordinates":[[160.43596420031395,64.51712448773635],[160.47955788700233,64.31832907813063],[160.52249138952442,64.1195139537947],[160.61763793022476,63.846014784514864],[160.6970990135299,63.64943761952893],[160.8508955774338,63.3507397099525],[160.97866912504594,63.159509154474804],[161.24874454830035,62.8328897468357],[161.43928287793096,62.65330740628571],[161.91925562680103,62.314041656804115],[162.6169789023158,61.98206158418296],[162.96431997498667,61.867698103057975],[163.92646825656334,61.67097113226912],[164.91126238934646,61.60303312232764],[165.34542806023558,61.60276427603946],[165.7670889731778,61.60286154760651],[166.2013563300019,61.60287593734514],[166.63331239207884,61.60282317453279],[167.07084346286058,61.6027696184468],[167.49953490033306,61.602758704486476]]}},{"type":"Feature","properties":{"window":"1987-1991","pathway_id":"1987-1991_P04","rank":4,"pathway_color":"#d62728","associated_events":7,"data_start_km":0.0,"data_end_km":1037.08,"data_path_length_km":1037.08,"median_width20_km":40.54,"median_width50_km":125.67,"median_width90_km":329.76,"guide_rail_offset_km":100.0,"mean_bearing_deg":108.75279398082156,"direction":"E","directional_dominance":0.9333333333333332,"transition_probability":0.7666666666666666,"feature_type":"containment_envelope","containment_level":90,"fill_color":"#d62728","fill_opacity":0.18,"draw_order":1,"outline":false},"geometry":{"type":"Polygon","coordinates":[[[61.294027044287134,58.84820144873997],[62.1437404840982,59.07116611080477],[63.651274899997475,59.410748080468416],[66.22741254054927,59.63694172541572],[67.30759533548309,59.77038958712792],[70.72298634170468,58.67490627115836],[72.2188171730329,57.12816885987203],[72.57388793371382,56.15336337748102],[72.8217677482441,55.66085675536497],[73.59250718641255,55.33601380720017],[74.85878382039544,55.42439995990252],[75.85279118652423,55.748092497525896],[76.52253182419793,55.34326639953885],[76.16816547914891,55.4552223409792],[74.47697499534712,55.93276809833401],[72.05088575164461,55.94418878303129],[72.34411005421504,55.147666075867946],[72.55963901033155,54.762540721190035],[72.91688048018062,54.57980381031783],[73.70175635631733,54.39620463629254],[71.43089414607616,49.46824590343195],[70.68514014715453,49.54860634869296],[69.57184113760746,49.657651096207786],[68.36257790713216,49.5913195755366],[67.29813404066073,49.16778306629944],[64.015495759213,49.58602627555613],[61.39918874207851,50.59785510570094],[60.19972272804924,51.48207724422854],[60.199294185004334,52.037378770713964],[60.4360559924919,53.39253804813979],[61.174459714306806,54.560452366529184],[61.70573778779186,55.27675712727059],[61.84379654517571,55.78253665157312],[61.97414989689884,55.78907953074149],[62.890324446010766,55.18986418512343],[64.86051255085889,54.880026800014384],[64.14645816319964,55.26605559497462],[64.74648901703875,55.420974343267886],[64.44632565638835,55.526048508144086],[63.598608712541136,55.41949188935233],[61.294027044287134,58.84820144873997]]]}},{"type":"Feature","properties":{"window":"1987-1991","pathway_id":"1987-1991_P04","rank":4,"pathway_color":"#d62728","associated_events":7,"data_start_km":0.0,"data_end_km":1037.08,"data_path_length_km":1037.08,"median_width20_km":40.54,"median_width50_km":125.67,"median_width90_km":329.76,"guide_rail_offset_km":100.0,"mean_bearing_deg":108.75279398082156,"direction":"E","directional_dominance":0.9333333333333332,"transition_probability":0.7666666666666666,"feature_type":"containment_envelope","containment_level":50,"fill_color":"#d62728","fill_opacity":0.35,"draw_order":2,"outline":false},"geometry":{"type":"Polygon","coordinates":[[[61.71518813211284,58.27202385335704],[62.54604090859468,58.5035542801282],[63.8932335836883,58.60577220426594],[65.60911420656987,58.44565295020958],[66.44932959244628,58.203379302755174],[67.96935382376824,57.576260546717556],[68.86640511790989,56.79136188362837],[69.20911822519423,56.13731967218137],[69.16224567497875,55.64596743821539],[68.98917135799095,55.1993908772273],[69.03967133883057,54.83545209609075],[69.56033985312939,54.57966433973676],[70.51413599840808,54.26158380932789],[71.15758023297337,54.13303234826267],[71.09236751747807,54.18011288690911],[70.57470215250663,54.08409018879058],[71.14522205652543,53.637219580323794],[71.60940262814927,53.27742856182441],[72.11883385799729,52.92145235450627],[72.79005507261206,52.560323433020535],[72.21898572719809,51.31655819122336],[71.36602469465856,51.21824999185775],[70.3746871037049,51.16048411476537],[69.35648492692457,51.13093439979],[68.47298528489483,51.06927545538071],[66.76047593482724,51.53507739901871],[65.68423043468047,52.322720453565324],[65.52948028158389,53.07623742728791],[65.83125464562661,53.69115134027363],[65.91314023821525,54.393589536146756],[65.66646693352965,54.99147973322782],[65.31767368289775,55.51293883572395],[65.16462655569418,55.99736759883551],[65.170425115494,56.307554741387285],[65.32297661819621,56.39540849922742],[65.57967196158705,56.45779105398328],[64.66882917085809,56.46436276986366],[64.54447247193474,56.22800959136631],[64.10498005663862,56.09981403669384],[63.2386916806384,56.002135106617125],[61.71518813211284,58.27202385335704]]]}},{"type":"Feature","properties":{"window":"1987-1991","pathway_id":"1987-1991_P04","rank":4,"pathway_color":"#d62728","associated_events":7,"data_start_km":0.0,"data_end_km":1037.08,"data_path_length_km":1037.08,"median_width20_km":40.54,"median_width50_km":125.67,"median_width90_km":329.76,"guide_rail_offset_km":100.0,"mean_bearing_deg":108.75279398082156,"direction":"E","directional_dominance":0.9333333333333332,"transition_probability":0.7666666666666666,"feature_type":"containment_envelope","containment_level":20,"fill_color":"#d62728","fill_opacity":0.68,"draw_order":3,"outline":false},"geometry":{"type":"Polygon","coordinates":[[[62.017117095359225,57.84592076513379],[62.94816540173733,57.91556603015425],[64.09043267559059,57.91962581978432],[65.30492378453192,57.82807329764962],[66.17114452719204,57.663191272247296],[67.17533026537444,57.23543174496108],[67.82991221507581,56.667824623217456],[68.1739599078721,56.114090645229766],[68.29445660050976,55.6264897212429],[68.27419684680353,55.1624642025805],[68.16515478835356,54.7209551379365],[68.12556668942625,54.25605433137581],[68.40912623797738,53.79472601590067],[68.75733748279933,53.389506027606544],[69.1744379232511,53.06914421793774],[69.66070936945181,52.829760571301925],[70.40196399726813,52.63467181567078],[71.12557553691698,52.4744166811113],[71.85046264576835,52.33052931042626],[72.62005259190857,52.198001298696724],[72.38206841539434,51.67957634132296],[71.620704739198,51.81049289638117],[70.8297935773474,51.966948730852984],[70.04969210923377,52.14060105550223],[69.31522185302629,52.33345618685969],[68.5477375519682,52.68597776956438],[67.9703516215005,53.128978885125136],[67.56608669714572,53.59414585172737],[67.22828074332278,54.04219961714471],[66.77405080968964,54.52433017139764],[66.37563656066789,55.04365414387846],[66.18093741546483,55.55334880899373],[66.19423594728707,56.04557511821326],[66.18811084779509,56.45287378235655],[66.08256614817248,56.74767425684461],[65.84057951930197,56.99931505831963],[64.95180899476702,57.0834946334986],[64.36528358019848,56.915085242591665],[63.74117925398835,56.69167092605169],[62.96592258511731,56.431316338153835],[62.017117095359225,57.84592076513379]]]}},{"type":"Feature","properties":{"window":"1987-1991","pathway_id":"1987-1991_P04","rank":4,"pathway_color":"#d62728","associated_events":7,"data_start_km":0.0,"data_end_km":1037.08,"data_path_length_km":1037.08,"median_width20_km":40.54,"median_width50_km":125.67,"median_width90_km":329.76,"guide_rail_offset_km":100.0,"mean_bearing_deg":108.75279398082156,"direction":"E","directional_dominance":0.9333333333333332,"transition_probability":0.7666666666666666,"feature_type":"guide_rail","rail_side":"left","line_color":"#111111","line_width":1.6,"draw_order":4},"geometry":{"type":"LineString","coordinates":[[61.921778316454294,57.98167437646622],[62.78939347044914,58.150249058333024],[63.98056659845193,58.305336993522914],[65.54884389380527,58.324993032772625],[66.44627828180563,58.19754332195835],[67.9181371732675,57.554612768973364],[68.59745406425958,56.76020049278776],[68.7882960188447,56.12891696427278],[68.82184411659992,55.63905730799342],[68.88460219031009,55.19425571508215],[68.97981649362316,54.827837416748224],[69.10525590735259,54.47943135899186],[69.40278564919453,54.02106834811544],[69.68768776017282,53.686680165735815],[69.91990830897612,53.51177832179225],[70.0740852039525,53.40736742562248],[70.8233855904628,53.209602986240206],[71.47969678728822,53.065376301721145],[72.1257900862754,52.936538288532574],[72.90522268473515,52.80207508356078]]}},{"type":"Feature","properties":{"window":"1987-1991","pathway_id":"1987-1991_P04","rank":4,"pathway_color":"#d62728","associated_events":7,"data_start_km":0.0,"data_end_km":1037.08,"data_path_length_km":1037.08,"median_width20_km":40.54,"median_width50_km":125.67,"median_width90_km":329.76,"guide_rail_offset_km":100.0,"mean_bearing_deg":108.75279398082156,"direction":"E","directional_dominance":0.9333333333333332,"transition_probability":0.7666666666666666,"feature_type":"guide_rail","rail_side":"right","line_color":"#111111","line_width":1.6,"draw_order":4},"geometry":{"type":"LineString","coordinates":[[63.053449746345706,56.29473814426733],[63.88766193495286,56.45574736968542],[64.4668313689605,56.52894481989938],[64.72343690572143,56.58543706691509],[65.58245340785612,56.46364790139189],[65.37113509665988,56.41807226272589],[65.4331215312123,56.34596241790614],[65.58273585939543,56.01798593317354],[65.65598784616702,55.52950675120791],[65.76999052230227,54.99936207475634],[65.97173429368144,54.402709903190726],[66.26944634192012,53.80366721125296],[66.59280246437237,53.35260857671652],[67.06438395243794,52.81841538455227],[67.83055224006085,52.23470524859912],[68.92203137787294,51.753078397755175],[69.64871759667224,51.562761785706634],[70.49337114102556,51.37386140793419],[71.35960934538906,51.20311191710899],[72.11161332304295,51.07402248703946]]}},{"type":"Feature","properties":{"window":"1987-1991","pathway_id":"1987-1991_P05","rank":5,"pathway_color":"#9467bd","associated_events":4,"data_start_km":239.52,"data_end_km":1340.5,"data_path_length_km":1100.98,"median_width20_km":56.91,"median_width50_km":81.91,"median_width90_km":225.69,"guide_rail_offset_km":100.0,"mean_bearing_deg":87.83665341994413,"direction":"E","directional_dominance":0.8333333333333333,"transition_probability":0.5125,"feature_type":"containment_envelope","containment_level":90,"fill_color":"#9467bd","fill_opacity":0.18,"draw_order":1,"outline":false},"geometry":{"type":"Polygon","coordinates":[[[69.0710819013953,64.43651002206384],[68.88283674997399,63.92243458422821],[69.2339193658693,63.34612928118508],[69.41780596443317,62.788081528971176],[68.72504731115683,62.33600205864815],[66.88169716003927,62.00933451125198],[63.895514529756724,61.76208571137294],[60.55346445741213,61.47587488933797],[58.1917821580935,61.07339734438041],[57.01678537662934,60.59685570892811],[56.17055103831399,60.10216335676831],[55.39359846789205,59.70833453083074],[54.976429254666186,59.30495199549618],[54.953310430680745,58.941444903249966],[55.137203947754244,58.65890850041343],[54.922654521977734,58.71818499103297],[55.19447076241465,58.65430570497641],[55.56727970765891,58.68460293368305],[56.533773958301424,58.68439265680748],[57.50025350465265,58.68414964159351],[57.500687309044366,56.315626562355746],[56.53529731246164,56.31569343010383],[55.569904120436604,56.315779855361455],[54.05294638580165,56.36658904909822],[52.59611177326934,56.70325657785702],[51.184250443137046,57.55181638115462],[50.64119109758093,58.230760883625386],[50.226768732495486,58.880699135773455],[49.64049985878313,59.494481246193885],[48.829502205961916,60.10184935084393],[47.983263944692965,60.596673043679736],[46.80823848069957,61.07341538432255],[44.44645940618483,61.47623902812791],[41.10412823255015,61.76306013060997],[38.117932857873654,62.01012367403153],[36.27413719832904,62.33751753361053],[35.5809244058953,62.79028925171402],[35.764454435236814,63.348912422738316],[36.1152267034704,63.92572371479687],[35.92658234869697,64.44031518851068],[69.0710819013953,64.43651002206384]]]}},{"type":"Feature","properties":{"window":"1987-1991","pathway_id":"1987-1991_P05","rank":5,"pathway_color":"#9467bd","associated_events":4,"data_start_km":239.52,"data_end_km":1340.5,"data_path_length_km":1100.98,"median_width20_km":56.91,"median_width50_km":81.91,"median_width90_km":225.69,"guide_rail_offset_km":100.0,"mean_bearing_deg":87.83665341994413,"direction":"E","directional_dominance":0.8333333333333333,"transition_probability":0.5125,"feature_type":"containment_envelope","containment_level":50,"fill_color":"#9467bd","fill_opacity":0.35,"draw_order":2,"outline":false},"geometry":{"type":"Polygon","coordinates":[[[59.1777065465119,65.20628881828557],[58.98844117038186,64.69238562740283],[58.742789488932885,64.18091274309947],[58.47522555734491,63.67025618101939],[58.20523528483477,63.159534548654094],[57.74417460286196,62.65585297147194],[56.81037059161599,62.16645546775261],[55.52958212226281,61.67987229323349],[54.45494914985423,61.179248093855755],[53.91804949915334,60.66583659793075],[53.79339810850365,60.14697580607448],[53.865034096415,59.6766327874177],[53.96967022528335,59.23055196606377],[54.1202094838319,58.81776217433741],[54.36869202508376,58.458735092352306],[54.46124403097758,58.339779448384],[54.96669265129589,58.22163998087112],[55.56765888591045,58.23572985170515],[56.53385598864443,58.23554305113546],[57.50004075257965,58.235333445948065],[57.500321743112636,56.76458025369084],[56.534810003125244,56.7646804912261],[55.569293062428386,56.76479039337895],[54.258336644170754,56.801030051431674],[53.0172888805603,57.088494009486105],[51.91470367158348,57.77125534662029],[51.44713310552589,58.37711533873275],[51.21393102986926,58.98434845220353],[51.15476332934941,59.5758535666077],[51.20662441358746,60.1468650887921],[51.08197674644043,60.66577919275783],[50.54507435378537,61.17925429790145],[49.47042281820853,61.68000968092912],[48.18958363456102,62.166826236254686],[47.25578295904478,62.65614371531761],[46.79467930069222,63.160074348395675],[46.524634875600015,63.67104677737066],[46.257000985210226,64.18196481137706],[46.0112645270637,64.69370442784927],[45.82190981741718,65.20784145672336],[59.1777065465119,65.20628881828557]]]}},{"type":"Feature","properties":{"window":"1987-1991","pathway_id":"1987-1991_P05","rank":5,"pathway_color":"#9467bd","associated_events":4,"data_start_km":239.52,"data_end_km":1340.5,"data_path_length_km":1100.98,"median_width20_km":56.91,"median_width50_km":81.91,"median_width90_km":225.69,"guide_rail_offset_km":100.0,"mean_bearing_deg":87.83665341994413,"direction":"E","directional_dominance":0.8333333333333333,"transition_probability":0.5125,"feature_type":"containment_envelope","containment_level":20,"fill_color":"#9467bd","fill_opacity":0.68,"draw_order":3,"outline":false},"geometry":{"type":"Polygon","coordinates":[[[55.35073514375651,65.3254612549734],[55.282770470780406,64.80658860745959],[55.25180256037231,64.28701834721483],[55.359709507711614,63.764770532588294],[55.63446615444042,63.23879836369638],[55.77908401418881,62.71516127116051],[55.369836361410194,62.20365055276215],[54.48902620749806,61.698910121202005],[53.704489010525435,61.188006972719535],[53.36122485396814,60.67058156696042],[53.343432922571566,60.150612032418636],[53.42216190278836,59.66407131769737],[53.537279232983394,59.19606618699358],[53.705932353031415,58.75387950852826],[53.9877623750277,58.35689778957829],[54.234271761701706,58.149939023719426],[54.854909930063286,58.00514089073093],[55.56787015738092,58.01128141972357],[56.533934948840965,58.01110635491768],[57.49998855014596,58.01091344750153],[57.50018639739244,56.989044891016036],[56.53459961051388,56.98916181340775],[55.569006591075464,56.98928345161042],[54.36285865682524,57.018104909646155],[53.231207630277765,57.28055057693339],[52.283275395889746,57.87934453816689],[51.85260416277055,58.44834382827925],[51.64108328259593,59.0266462767992],[51.595407799509815,59.59614143675825],[51.656587092814476,60.15053982946587],[51.63879979581725,60.67054670081063],[51.29553473153709,61.18801079556478],[50.51098638550022,61.699000345773754],[49.63014718591947,62.20389754519897],[49.22090479750523,62.715343241688274],[49.36552232115369,63.23909530377475],[49.64027881353624,63.76514947616521],[49.74817784089893,64.2874828841133],[49.71719148158698,64.80715526264012],[49.6491994841237,65.32612537988263],[55.35073514375651,65.3254612549734]]]}},{"type":"Feature","properties":{"window":"1987-1991","pathway_id":"1987-1991_P05","rank":5,"pathway_color":"#9467bd","associated_events":4,"data_start_km":239.52,"data_end_km":1340.5,"data_path_length_km":1100.98,"median_width20_km":56.91,"median_width50_km":81.91,"median_width90_km":225.69,"guide_rail_offset_km":100.0,"mean_bearing_deg":87.83665341994413,"direction":"E","directional_dominance":0.8333333333333333,"transition_probability":0.5125,"feature_type":"guide_rail","rail_side":"left","line_color":"#111111","line_width":1.6,"draw_order":4},"geometry":{"type":"LineString","coordinates":[[54.6454158202435,65.33697225696929],[54.60443003249762,64.81760134422302],[54.565102767359235,64.29818565850312],[54.52733584025793,63.77872110251627],[54.49103858164838,63.25920782451046],[54.45612721965733,62.73964593333417],[54.42252737793771,62.21996697289037],[54.39017784423683,61.70030781865601],[54.358997618496716,61.18060019141989],[54.328924783305354,60.660844086874924],[54.29990172315479,60.14103948161787],[54.278466206235834,59.68698842490501],[54.31379238589824,59.2569080743399],[54.427547491241256,58.86413017461661],[54.64658765840437,58.53192770941182],[54.6270575200536,58.47691365624112],[55.0484410157531,58.37821917443943],[55.56751496451173,58.39812180354441],[56.53381450357162,58.39792651084058],[57.50010085870366,58.39770482136859]]}},{"type":"Feature","properties":{"window":"1987-1991","pathway_id":"1987-1991_P05","rank":5,"pathway_color":"#9467bd","associated_events":4,"data_start_km":239.52,"data_end_km":1340.5,"data_path_length_km":1100.98,"median_width20_km":56.91,"median_width50_km":81.91,"median_width90_km":225.69,"guide_rail_offset_km":100.0,"mean_bearing_deg":87.83665341994413,"direction":"E","directional_dominance":0.8333333333333333,"transition_probability":0.5125,"feature_type":"guide_rail","rail_side":"right","line_color":"#111111","line_width":1.6,"draw_order":4},"geometry":{"type":"LineString","coordinates":[[50.35454969177533,65.33747215989226],[50.395556744362466,64.8180299444807],[50.43489771412621,64.29853433387687],[50.47267144389414,63.77898980617876],[50.508969007763284,63.25939650398588],[50.54387454735826,62.73975453003572],[50.57746905885767,62.2201324748889],[50.609835311000666,61.70039356106544],[50.641025921934926,61.180606091057314],[50.67110313929891,60.66077005399293],[50.70012488253437,60.140885419538634],[50.74419015256305,59.555577954443635],[50.87534805143383,58.94972902732065],[51.14835537422317,58.32360406371722],[51.648565479442425,57.69211291019491],[52.86385890067115,56.94925721454964],[54.18347547428294,56.64390471790551],[55.56950831487967,56.6023561331526],[56.53497615958477,56.60225472336222],[57.500439537911376,56.60216655780005]]}},{"type":"Feature","properties":{"window":"1987-1991","pathway_id":"1987-1991_P06","rank":6,"pathway_color":"#8c564b","associated_events":5,"data_start_km":482.29,"data_end_km":1376.84,"data_path_length_km":894.54,"median_width20_km":54.29,"median_width50_km":106.91,"median_width90_km":179.69,"guide_rail_offset_km":100.0,"mean_bearing_deg":292.7941772147544,"direction":"NW","directional_dominance":0.9166666666666666,"transition_probability":0.42857142857142855,"feature_type":"containment_envelope","containment_level":90,"fill_color":"#8c564b","fill_opacity":0.18,"draw_order":1,"outline":false},"geometry":{"type":"Polygon","coordinates":[[[73.90604731142884,27.927969246385796],[72.82198770345914,26.52760841796405],[72.44805039436946,26.156229895675395],[72.13671032383087,25.593062470695752],[69.29464347607748,25.622019752182318],[68.76326197097819,25.688519483791232],[68.39977649870366,25.95803860749272],[68.05056415501397,26.451095474399903],[67.87022502000099,26.92544242108699],[68.40448360691414,26.95768081826438],[68.03527868523184,27.30931823333728],[68.05364487959861,27.673371223568694],[67.63246137233551,28.12849717227711],[67.25880002611737,28.42022529846673],[66.77869051667642,28.438805152015345],[66.32221844072842,28.338370625766817],[65.83931817265537,28.10179083999603],[65.36052753707017,27.913384764165933],[64.88210287786234,27.809650025284363],[64.39259753685513,27.756110675271472],[64.40253976392529,31.06325370219411],[64.88351319357838,31.010395836162168],[65.37597290752564,30.90445967693192],[65.86801835280835,30.709649794410097],[66.35562832040301,30.463091683491154],[66.86921194906506,30.3314469373155],[67.3582240579795,30.312651981496895],[67.95125699841878,30.51452009912082],[68.49558802257002,30.868780326911143],[69.45759692639604,30.986493551697137],[70.01045765909981,31.06233290748059],[71.36613320772989,30.610243653089835],[71.93810910982995,30.533222868008114],[72.3360458097277,30.48145927727862],[72.73178238965619,30.230946978038066],[72.94136446381384,29.78074115188723],[70.82473064691104,29.623492346630126],[71.43960456959289,29.296260851047297],[71.98897359667268,29.1569051751987],[71.23173715848912,28.480151985927606],[73.90604731142884,27.927969246385796]]]}},{"type":"Feature","properties":{"window":"1987-1991","pathway_id":"1987-1991_P06","rank":6,"pathway_color":"#8c564b","associated_events":5,"data_start_km":482.29,"data_end_km":1376.84,"data_path_length_km":894.54,"median_width20_km":54.29,"median_width50_km":106.91,"median_width90_km":179.69,"guide_rail_offset_km":100.0,"mean_bearing_deg":292.7941772147544,"direction":"NW","directional_dominance":0.9166666666666666,"transition_probability":0.42857142857142855,"feature_type":"containment_envelope","containment_level":50,"fill_color":"#8c564b","fill_opacity":0.35,"draw_order":2,"outline":false},"geometry":{"type":"Polygon","coordinates":[[[73.41212589998517,28.034304687686994],[72.68685045236691,26.962066223013803],[72.31179185519125,26.59036939664224],[71.99977250132378,26.026938124572514],[69.59559168990921,25.981704542939525],[69.06271968371402,26.04938346667395],[68.88153182091685,26.539252103739745],[68.85885240130537,27.33584162748424],[68.85468105306867,27.999083507758158],[68.90962803632618,28.286458101779814],[68.48752888130679,28.508652774860256],[68.18780565270976,28.66382806841424],[67.72004947395783,28.794353996514836],[67.28223910849249,28.870854386220948],[66.80007098740217,28.889483530172825],[66.32937933151987,28.789369595339473],[65.84446260621002,28.552781408424877],[65.36318962563922,28.364350997014945],[64.88281176543026,28.28553793138132],[64.39472600191812,28.269041117320047],[64.40159698630498,30.550535396475784],[64.88381370542334,30.534702112364474],[65.37398403060024,30.45366242142397],[65.86323896999639,30.258801235417227],[66.34860695004306,30.012202922228763],[66.84748216204929,29.880867737360884],[67.3343126524249,29.86212594645922],[67.86092477075152,29.848963285504983],[68.35579110245362,29.878936822460204],[68.98319400139195,29.790886321632158],[69.47727672000582,29.73837683552791],[70.33073786733146,29.55593186820984],[71.07857618081607,29.668224257697478],[71.81651213827851,29.913779895733796],[72.40746277630575,29.87912900043168],[72.61788030049422,29.429381524509964],[70.97015682083008,29.190841910394976],[71.5820759807776,28.86299530904363],[72.12900998924152,28.72311836691545],[71.729804764834,28.381686747382897],[73.41212589998517,28.034304687686994]]]}},{"type":"Feature","properties":{"window":"1987-1991","pathway_id":"1987-1991_P06","rank":6,"pathway_color":"#8c564b","associated_events":5,"data_start_km":482.29,"data_end_km":1376.84,"data_path_length_km":894.54,"median_width20_km":54.29,"median_width50_km":106.91,"median_width90_km":179.69,"guide_rail_offset_km":100.0,"mean_bearing_deg":292.7941772147544,"direction":"NW","directional_dominance":0.9166666666666666,"transition_probability":0.42857142857142855,"feature_type":"containment_envelope","containment_level":20,"fill_color":"#8c564b","fill_opacity":0.68,"draw_order":3,"outline":false},"geometry":{"type":"Polygon","coordinates":[[[73.08143116568084,28.104395609195787],[72.59205596576726,27.26501464887326],[72.18046094630125,27.005925864375858],[71.78781243145602,26.692535761223425],[70.25200937981492,26.755938326945017],[69.77800028432074,26.89937221353539],[69.49214523601398,27.26485603179595],[69.33010324749546,27.84293297118868],[69.21054842688227,28.380234752277964],[69.07122752191327,28.704245801073313],[68.63500081551751,28.893674879984257],[68.23427190445881,29.00273398416264],[67.75433414561718,29.052874545010923],[67.29401170507967,29.096157032794615],[66.81080022307663,29.114811265704454],[66.33446441021849,29.111082731258392],[65.8496467615542,29.01408226392621],[65.3663998235277,28.936590248209814],[64.88347732299587,28.903551087765457],[64.39704107935444,28.896068228619068],[64.40013975605154,29.923661883050983],[64.8839325339008,29.916839959845372],[65.37128386531106,29.88155126789571],[65.85827025757715,29.797584225843057],[66.34357545268199,29.690532118986145],[66.8366601664842,29.655566347919088],[67.32241462905739,29.636850674936515],[67.82614719794807,29.59049664170524],[68.30855899230619,29.540114293412014],[68.8331482594565,29.406297321434106],[69.31239542601713,29.3211535559548],[69.96671460676791,29.177874542381854],[70.59051756238307,29.167607743443863],[71.17411011922957,29.199560832370906],[71.65028734447881,29.044379244159916],[71.92719756975015,28.667802649502963],[71.19115851620217,28.526549595798706],[71.71748722325981,28.4480128863932],[72.22607349846035,28.420480739106328],[72.06221842450685,28.31485809695479],[73.08143116568084,28.104395609195787]]]}},{"type":"Feature","properties":{"window":"1987-1991","pathway_id":"1987-1991_P06","rank":6,"pathway_color":"#8c564b","associated_events":5,"data_start_km":482.29,"data_end_km":1376.84,"data_path_length_km":894.54,"median_width20_km":54.29,"median_width50_km":106.91,"median_width90_km":179.69,"guide_rail_offset_km":100.0,"mean_bearing_deg":292.7941772147544,"direction":"NW","directional_dominance":0.9166666666666666,"transition_probability":0.42857142857142855,"feature_type":"guide_rail","rail_side":"left","line_color":"#111111","line_width":1.6,"draw_order":4},"geometry":{"type":"LineString","coordinates":[[73.56246168943267,28.002148320312813],[72.6830198725707,26.97433717295285],[72.2268561720993,26.859446943442375],[71.77164915368462,26.742991697864056],[70.46287092622131,27.001647926443237],[70.08637285176184,27.26061227644696],[69.70811815817655,27.518536009667415],[69.30345407321482,27.814428694685624],[68.9350325599595,28.085466643714998],[68.86061156471189,28.159034368076995],[68.4062624866823,28.295205389848835],[68.14852784135033,28.375689030072156],[67.67141090840227,28.425554226429718],[67.2611376663836,28.465289626855856],[66.78082396704124,28.48387435663192],[66.3247710977787,28.498865780822044],[65.84390915498449,28.503944587946794],[65.36400899734855,28.50726165576875],[64.88308532548996,28.508502952551126],[64.39564691881054,28.50831797106459]]}},{"type":"Feature","properties":{"window":"1987-1991","pathway_id":"1987-1991_P06","rank":6,"pathway_color":"#8c564b","associated_events":5,"data_start_km":482.29,"data_end_km":1376.84,"data_path_length_km":894.54,"median_width20_km":54.29,"median_width50_km":106.91,"median_width90_km":179.69,"guide_rail_offset_km":100.0,"mean_bearing_deg":292.7941772147544,"direction":"NW","directional_dominance":0.9166666666666666,"transition_probability":0.42857142857142855,"feature_type":"guide_rail","rail_side":"right","line_color":"#111111","line_width":1.6,"draw_order":4},"geometry":{"type":"LineString","coordinates":[[71.57840755210373,28.411828526378816],[72.1329507891746,28.710862513906754],[71.66986200787778,28.594318759523272],[71.2078108775853,28.476164274411513],[71.70955351545382,28.4245975399159],[71.33124274487989,28.687020177108064],[70.95107859700005,28.9484084188781],[70.61786682991323,29.19584234566963],[70.24807896986812,29.470424061071988],[69.52782104038963,29.865537808417816],[69.06683770315891,30.003933676630048],[68.39618607612522,30.16695424299243],[67.91082066565681,30.21762557440868],[67.35582588998443,30.267600856181183],[66.86703373349417,30.28639043928161],[66.35313393127632,30.302642550918023],[65.8637602637221,30.30762554314527],[65.37332809030752,30.310792802048436],[64.8838916924002,30.311804756561212],[64.40108017386521,30.31133088556615]]}},{"type":"Feature","properties":{"window":"1987-1991","pathway_id":"1987-1991_P07","rank":7,"pathway_color":"#e377c2","associated_events":5,"data_start_km":160.27,"data_end_km":901.73,"data_path_length_km":741.46,"median_width20_km":38.17,"median_width50_km":70.77,"median_width90_km":172.74,"guide_rail_offset_km":100.0,"mean_bearing_deg":109.87857764247865,"direction":"E","directional_dominance":0.9166666666666666,"transition_probability":0.75,"feature_type":"containment_envelope","containment_level":90,"fill_color":"#e377c2","fill_opacity":0.18,"draw_order":1,"outline":false},"geometry":{"type":"Polygon","coordinates":[[[-112.22790793804803,66.04933683011778],[-112.0966546919372,65.68104761001284],[-112.1265339912217,65.18509460082288],[-112.3075853580802,64.77003156562489],[-112.4684866124673,64.42658618776802],[-112.33232468542539,64.4875095188068],[-112.69874238205742,64.93647972971569],[-112.26075453844965,64.64029074138291],[-112.6474989607824,64.5998287287901],[-112.1937657227158,64.29249152925007],[-111.64771070986211,64.03374746291104],[-111.3497885075125,63.929609669454535],[-110.68831100764442,63.736311814096275],[-110.43320630460813,63.7255841948794],[-109.7041327051294,63.590616438502764],[-110.56001712978713,63.660134107462795],[-109.77105505342553,63.64073317830719],[-109.61394515427278,63.69063414837885],[-108.91471304230745,63.82737553342242],[-108.16566884381454,63.96271511511215],[-106.9009473068293,60.74762758780972],[-107.62960160240544,60.75352831516637],[-108.39913421595801,60.758519780612744],[-109.66399198594445,60.69935558325186],[-110.37625288911381,60.66398640081405],[-112.52036911995786,60.855254968362004],[-113.15637676951572,61.02068340607522],[-114.21836319450091,61.32364673331856],[-114.82383878635996,61.519834070674314],[-115.75777957941136,61.81239843235557],[-116.38724232530873,62.00094707766294],[-117.11137634008016,62.13294850811403],[-118.42019934492178,62.61646956848649],[-118.92162946615228,62.88040006140592],[-119.76452940547861,63.979941150551745],[-119.81896587559223,64.73720491318402],[-119.82045214204852,65.08725695316764],[-119.87314657565571,65.36564762458976],[-119.82299143602661,65.5704975229225],[-119.74779367486194,65.90785694807238],[-112.22790793804803,66.04933683011778]]]}},{"type":"Feature","properties":{"window":"1987-1991","pathway_id":"1987-1991_P07","rank":7,"pathway_color":"#e377c2","associated_events":5,"data_start_km":160.27,"data_end_km":901.73,"data_path_length_km":741.46,"median_width20_km":38.17,"median_width50_km":70.77,"median_width90_km":172.74,"guide_rail_offset_km":100.0,"mean_bearing_deg":109.87857764247865,"direction":"E","directional_dominance":0.9166666666666666,"transition_probability":0.75,"feature_type":"containment_envelope","containment_level":50,"fill_color":"#e377c2","fill_opacity":0.35,"draw_order":2,"outline":false},"geometry":{"type":"Polygon","coordinates":[[[-114.28571628199937,66.0468719984209],[-114.20818326688037,65.68951168349608],[-114.32858324521894,65.27709852113695],[-114.59668414000923,64.90763345860665],[-114.80118263416492,64.56568822468245],[-114.75636383450887,64.36523995534193],[-114.8605396984455,64.28543684135313],[-114.44793615072601,63.983841967153374],[-114.22145936274757,63.79312620889385],[-113.6121837289039,63.57088949053599],[-112.97945711096526,63.36324367857297],[-112.4322127905494,63.2293761650824],[-111.75447925351095,63.0575089466237],[-111.25764431039072,62.96302074071932],[-110.54684418850087,62.829418086608435],[-110.5065456195519,62.847849747102885],[-109.74054037521648,62.85517528763026],[-109.28602808289051,62.95488367355891],[-108.60410142305096,63.14106937529308],[-107.88855170843803,63.31557608262172],[-107.13525840193851,61.39678520768655],[-107.89518755821712,61.44208282015355],[-108.68296254331314,61.496475519149676],[-109.69076683472278,61.485173310407575],[-110.42261649576344,61.47657583453708],[-111.78112656200388,61.62830461214521],[-112.4320174843343,61.79432821990018],[-113.26887697777842,62.02082987147213],[-113.8590258885858,62.238054638454905],[-114.558621911959,62.50847078491251],[-115.11274579978948,62.74953564668829],[-115.70696433480484,62.970554402818664],[-116.42911804289119,63.33180347028377],[-116.96098170514392,63.590250362392055],[-117.39999540355873,64.18457423910587],[-117.44980228656883,64.67768400838004],[-117.49355649822022,65.0300297054259],[-117.64951485332078,65.35454918087899],[-117.72445613929045,65.63916993498006],[-117.70642678652285,65.98247766324232],[-114.28571628199937,66.0468719984209]]]}},{"type":"Feature","properties":{"window":"1987-1991","pathway_id":"1987-1991_P07","rank":7,"pathway_color":"#e377c2","associated_events":5,"data_start_km":160.27,"data_end_km":901.73,"data_path_length_km":741.46,"median_width20_km":38.17,"median_width50_km":70.77,"median_width90_km":172.74,"guide_rail_offset_km":100.0,"mean_bearing_deg":109.87857764247865,"direction":"E","directional_dominance":0.9166666666666666,"transition_probability":0.75,"feature_type":"containment_envelope","containment_level":20,"fill_color":"#e377c2","fill_opacity":0.68,"draw_order":3,"outline":false},"geometry":{"type":"Polygon","coordinates":[[[-115.33739938198013,66.035108659076],[-115.31585840407863,65.68235264208968],[-115.31985181525397,65.30788950317941],[-115.3259387863224,64.94384141718965],[-115.36330087895664,64.59350742436618],[-115.30219907251671,64.33202324224726],[-115.2975632806651,64.14606787349202],[-114.86096513892488,63.85257575341473],[-114.54328446458649,63.62016141467525],[-113.93520910749558,63.39928813550244],[-113.30393033126101,63.19307434950792],[-112.70902838116014,63.04332208364371],[-112.03397863873393,62.87278542833464],[-111.4685875606734,62.760475973597366],[-110.77767239978881,62.61284795832078],[-110.48984719076383,62.5847119862314],[-109.73145469298991,62.61351425374628],[-109.18807113988231,62.72755746766084],[-108.49115280194499,62.88309801861584],[-107.76464216742771,63.016471924793386],[-107.24672879132673,61.69647612999434],[-107.99795178432127,61.70056285172774],[-108.77330530576253,61.72418266184571],[-109.6992519223875,61.72687618160564],[-110.43814971467296,61.739763728577074],[-111.56492132507688,61.84654912834649],[-112.23424697191572,61.99833114054376],[-113.00490574052608,62.20799811759102],[-113.59686119161158,62.42634818214936],[-114.24891495899698,62.68148545328449],[-114.80380041614362,62.923774975770314],[-115.39927491560195,63.146093304352036],[-116.03085935358992,63.46749693376964],[-116.54079810491113,63.73453359535883],[-116.85979530574757,64.22557024640571],[-116.88403150228886,64.6578148886451],[-116.75930989948,65.0044081094828],[-116.65416521605783,65.33901200059168],[-116.61971277112582,65.66368310949525],[-116.6583988297455,66.01023790190548],[-115.33739938198013,66.035108659076]]]}},{"type":"Feature","properties":{"window":"1987-1991","pathway_id":"1987-1991_P07","rank":7,"pathway_color":"#e377c2","associated_events":5,"data_start_km":160.27,"data_end_km":901.73,"data_path_length_km":741.46,"median_width20_km":38.17,"median_width50_km":70.77,"median_width90_km":172.74,"guide_rail_offset_km":100.0,"mean_bearing_deg":109.87857764247865,"direction":"E","directional_dominance":0.9166666666666666,"transition_probability":0.75,"feature_type":"guide_rail","rail_side":"left","line_color":"#111111","line_width":1.6,"draw_order":4},"geometry":{"type":"LineString","coordinates":[[-113.79380297074228,66.04993401922921],[-113.7931088743645,65.69013825585701],[-113.84905937879978,65.25984515977288],[-113.942215059767,64.87201673538327],[-114.04960967733933,64.52505153708088],[-114.03355092132821,64.40599401617516],[-114.26284430917093,64.47172907611653],[-113.79680016592498,64.18597054729221],[-113.68514909154827,64.07518930737953],[-113.07886687247355,63.8482008112856],[-112.4823630393141,63.61868764728664],[-112.0522481543608,63.480053002896675],[-111.41076123350614,63.2807521747852],[-111.01671170498216,63.19058644022668],[-110.3222367948469,63.03675604624512],[-110.52016682978244,63.05909446471755],[-109.7486294947299,63.06728692526663],[-109.35223467007562,63.10652650583705],[-108.61792036200951,63.1723170989072],[-107.85655019275742,63.2389178808933]]}},{"type":"Feature","properties":{"window":"1987-1991","pathway_id":"1987-1991_P07","rank":7,"pathway_color":"#e377c2","associated_events":5,"data_start_km":160.27,"data_end_km":901.73,"data_path_length_km":741.46,"median_width20_km":38.17,"median_width50_km":70.77,"median_width90_km":172.74,"guide_rail_offset_km":100.0,"mean_bearing_deg":109.87857764247865,"direction":"E","directional_dominance":0.9166666666666666,"transition_probability":0.75,"feature_type":"guide_rail","rail_side":"right","line_color":"#111111","line_width":1.6,"draw_order":4},"geometry":{"type":"LineString","coordinates":[[-118.19552411439075,65.96708040591324],[-118.13774113979348,65.62794218562811],[-118.13226633764558,65.35972861989353],[-118.15539473514242,65.05000643355888],[-118.20936322802396,64.7009210529625],[-118.11091181820278,64.12738545514055],[-117.52220203644372,63.39330916319283],[-117.04210182356334,63.11823398131977],[-116.20363602958338,62.68127116507133],[-115.60715009671027,62.46493182917581],[-115.01936934091803,62.24602123375141],[-114.2083249479869,61.98268955949562],[-113.58464808935867,61.79318593564379],[-112.65147787616202,61.56438545057519],[-111.98562625767649,61.41866403138212],[-110.41033234060372,61.26527363254284],[-109.68341750803054,61.27301018051284],[-108.623406671132,61.344499972717834],[-107.88285124715597,61.41076104814532],[-107.16363139633083,61.47361456136155]]}},{"type":"Feature","properties":{"window":"1992-1996","pathway_id":"1992-1996_P01","rank":1,"pathway_color":"#1f77b4","associated_events":10,"data_start_km":0.0,"data_end_km":1911.55,"data_path_length_km":1911.55,"median_width20_km":62.2,"median_width50_km":144.8,"median_width90_km":341.86,"guide_rail_offset_km":100.0,"mean_bearing_deg":77.70384012949702,"direction":"E","directional_dominance":0.6833333333333332,"transition_probability":0.6866666666666666,"feature_type":"containment_envelope","containment_level":90,"fill_color":"#1f77b4","fill_opacity":0.18,"draw_order":1,"outline":false},"geometry":{"type":"Polygon","coordinates":[[[68.33235292512165,56.23495976510542],[69.72451951815123,56.15390185670999],[73.30260105323046,56.25250059556977],[77.11155988755058,55.726404761263225],[78.00213878133201,55.00264792915718],[79.10214147861745,54.31524722240697],[79.10280096674398,54.0236145432529],[80.1678220427981,53.715087473718995],[79.22447472712565,53.33377741440243],[80.51849053359803,53.14314479707122],[79.84742958000646,52.26280106498975],[80.26647457742678,52.87229865338759],[80.13040694239629,53.615882300784484],[78.80561035192625,52.55009617021284],[76.99538301900463,52.84178415087484],[75.6201883433178,53.63133755592908],[75.18621181509937,55.94641069689347],[76.20382292701663,57.28750178293128],[77.235398542604,57.809299034354375],[79.57415770496044,59.326702082579345],[84.63283152974839,60.35305148288501],[86.45179996535023,60.24158456902819],[88.03551851760722,60.06412299934717],[89.31372898947677,59.824923993993586],[90.6042694828987,59.529912686033185],[91.77443491273118,59.203496326167794],[92.98266922892526,58.88794819635581],[92.06698624887565,55.21366264704387],[90.87487125199237,55.06209074271389],[89.6417629496699,54.886345605333986],[88.50524508679314,54.722799382358325],[87.34664996279889,54.58344578099431],[86.43920715856257,54.42550978707981],[85.73058484018122,54.243101775837225],[88.13161583946027,54.76835910185945],[89.05234670292504,55.14893351909671],[89.12179713284951,54.38809588668066],[89.85438833373945,54.33222013497806],[90.1540197848081,55.35450595820944],[89.28143431815295,54.977038712641416],[87.9555985508137,54.14033156744977],[86.32609942728504,51.92805718919953],[85.34922483094113,51.491162980434495],[84.91237430361537,50.89020563042526],[82.59077044754679,49.388168407489026],[81.85670354533625,48.75035115452298],[79.12647185408929,48.029425645114145],[78.11423099847553,47.862102566395876],[76.21980107628167,47.85895307425741],[75.29966937365143,47.5036964218429],[74.1794852667187,47.055502786009846],[75.37576894905604,46.409568325515494],[76.41105309596719,46.07197532093056],[75.72929039195688,45.45308824278628],[68.33235292512165,56.23495976510542]]]}},{"type":"Feature","properties":{"window":"1992-1996","pathway_id":"1992-1996_P01","rank":1,"pathway_color":"#1f77b4","associated_events":10,"data_start_km":0.0,"data_end_km":1911.55,"data_path_length_km":1911.55,"median_width20_km":62.2,"median_width50_km":144.8,"median_width90_km":341.86,"guide_rail_offset_km":100.0,"mean_bearing_deg":77.70384012949702,"direction":"E","directional_dominance":0.6833333333333332,"transition_probability":0.6866666666666666,"feature_type":"containment_envelope","containment_level":50,"fill_color":"#1f77b4","fill_opacity":0.35,"draw_order":2,"outline":false},"geometry":{"type":"Polygon","coordinates":[[[70.55059950903916,53.599812602240014],[71.86214259739461,53.47468966027047],[74.05553670326347,53.24256542606988],[76.00651360795018,52.82102742100921],[76.98378515026513,52.45287210793329],[78.07975887011514,52.230744458573945],[78.7763785728065,52.15338741835879],[79.83901993479122,52.06167325404082],[80.00352080819181,52.079739525228696],[81.05618417557082,52.23193636653316],[80.90298252713256,52.00200903680722],[81.19041355409917,52.64408913160114],[81.35534880922592,53.31823182448758],[80.97589854271587,53.00361334859916],[80.57953462238834,53.620841567816406],[80.54731561136896,54.43050118252716],[80.78738482961245,55.55182631290812],[81.15839578583416,56.38299659987778],[81.35497774984032,57.04751963357968],[82.25125543186334,58.07681062045153],[84.93293355940887,58.866887982985766],[86.44616335818534,58.98174090830281],[87.86388976139779,58.86826090053848],[89.10189895725387,58.64042339921285],[90.36252938101586,58.485257873970724],[91.58937447180068,58.436302871267934],[92.84825313188668,58.39955532345786],[92.17729413254261,55.70331284832627],[91.02484790564449,55.830971218137066],[89.83541740529307,55.93324009874523],[88.67102549973606,55.90924708417271],[87.47774762603274,55.78096668112927],[86.439280553412,55.68627400810888],[85.49312664216188,55.73188021516408],[85.88007207051623,56.13562528485825],[85.29863858060071,56.15718822757952],[84.61332136088214,55.60488449799103],[84.53091105915212,55.138638029316716],[84.94754390965204,54.95370747111102],[85.43080275288571,54.46586506219227],[85.65854363181279,53.81831902161002],[85.17609597134339,52.27678712060475],[84.4717757573419,51.75212498182948],[83.90706812321184,51.187588274789576],[82.1169071074334,50.306905772990106],[81.18478298215058,50.01768427841157],[79.40542009938679,49.68571547950092],[78.39002557623422,49.73517212307807],[77.0710676183071,49.95963854193835],[76.1303877986345,50.068110988397905],[75.05391041555384,49.97769990519445],[74.84681798287386,49.4335562880659],[74.89648976393428,48.84107225916044],[74.20909649899943,48.19362881313122],[70.55059950903916,53.599812602240014]]]}},{"type":"Feature","properties":{"window":"1992-1996","pathway_id":"1992-1996_P01","rank":1,"pathway_color":"#1f77b4","associated_events":10,"data_start_km":0.0,"data_end_km":1911.55,"data_path_length_km":1911.55,"median_width20_km":62.2,"median_width50_km":144.8,"median_width90_km":341.86,"guide_rail_offset_km":100.0,"mean_bearing_deg":77.70384012949702,"direction":"E","directional_dominance":0.6833333333333332,"transition_probability":0.6866666666666666,"feature_type":"containment_envelope","containment_level":20,"fill_color":"#1f77b4","fill_opacity":0.68,"draw_order":3,"outline":false},"geometry":{"type":"Polygon","coordinates":[[[71.10589826012074,52.871801211220934],[72.38965473084619,52.74534826928864],[74.22802526316269,52.475032133010885],[75.74596996442278,52.076396073699854],[76.71071067758066,51.715760917431275],[77.7435452112066,51.49861794295864],[78.65072227580805,51.392152132213965],[79.70598916381635,51.35726637034803],[80.33412976819614,51.522855904859874],[81.32839399179034,51.75451567422878],[81.62934690463806,51.81501977529389],[81.93790896899503,52.45223057989706],[82.10699908334834,53.12708974051179],[81.71423180779152,53.146671806790714],[81.25484942567823,53.75251503128628],[81.15938697773015,54.5137522563293],[81.3848760164048,55.49408181611659],[81.80243609470386,56.247511016528534],[82.22215840271747,56.86576960680556],[83.26175510743093,57.56641636543544],[85.12357473240854,57.855646521285045],[86.442555454755,57.83075861567807],[87.72488807717968,57.82521906951668],[88.96227781066494,57.80600868286656],[90.19935781609064,57.737871896524666],[91.39921831650304,57.60575393329356],[92.59603419716785,57.43900171411928],[92.40377713986697,56.66520948096371],[91.19511193995254,56.66247760626069],[89.98142737719962,56.681426498211756],[88.79503674433522,56.744323419419196],[87.60000265095499,56.82469641832221],[86.44051373586376,56.837652359133685],[85.32188949811484,56.74393482421698],[84.94323125361029,56.666272390627434],[84.46265584106737,56.35982817560046],[83.98998327186297,55.754757250914146],[83.94378626846071,55.2116132866244],[84.32176735955187,54.88982594386097],[84.73144520367254,54.35821231120169],[84.8959429060427,53.700353116525804],[84.45312630267722,52.48745023765599],[83.7474186308985,51.96026853010765],[83.20052910429769,51.38900011675689],[81.861660278962,50.786327263853465],[80.87557051631143,50.57722322187908],[79.52969473927305,50.3906286148946],[78.50777661776823,50.496852757123385],[77.38629739381042,50.69375041591177],[76.38558875923707,50.8066184223938],[75.29322455112276,50.72388278457862],[74.69935264782947,50.20266620437274],[74.45676367115416,49.583063512742186],[73.76229319709296,48.93799682109728],[71.10589826012074,52.871801211220934]]]}},{"type":"Feature","properties":{"window":"1992-1996","pathway_id":"1992-1996_P01","rank":1,"pathway_color":"#1f77b4","associated_events":10,"data_start_km":0.0,"data_end_km":1911.55,"data_path_length_km":1911.55,"median_width20_km":62.2,"median_width50_km":144.8,"median_width90_km":341.86,"guide_rail_offset_km":100.0,"mean_bearing_deg":77.70384012949702,"direction":"E","directional_dominance":0.6833333333333332,"transition_probability":0.6866666666666666,"feature_type":"guide_rail","rail_side":"left","line_color":"#111111","line_width":1.6,"draw_order":4},"geometry":{"type":"LineString","coordinates":[[71.928238443194,51.73737332748725],[72.9090168316263,51.99803134560327],[74.28177365606422,52.22920897974981],[75.81613381989001,52.27929238826721],[76.86592242412411,52.13763149740849],[77.95470251817017,51.96123822618971],[78.72394220030856,51.838604630579844],[79.78283618981845,51.7667474431978],[80.11448648094762,51.894517867321206],[81.12106244825992,52.11915244825455],[81.08543514251579,51.955622618685034],[81.49938866517562,52.56557649565238],[81.92502985671456,53.17396516725457],[81.85907082793318,53.17407972632278],[81.52515266967868,53.80391573064607],[81.22041062632934,54.521863767202234],[81.11448209128514,55.520594909698],[81.40323230578554,56.331994516260586],[81.82942474485304,56.9490348038028],[82.91638484447037,57.7433610452757],[85.0610478793983,58.193344060047785],[86.44365541281695,58.23186884124762],[87.77644937227905,58.220413016141556],[89.02212712722252,58.16921045255283],[90.27768990309147,58.10111756745958],[91.49386407153276,58.02470715389224],[92.72573104371304,57.94036355220225]]}},{"type":"Feature","properties":{"window":"1992-1996","pathway_id":"1992-1996_P01","rank":1,"pathway_color":"#1f77b4","associated_events":10,"data_start_km":0.0,"data_end_km":1911.55,"data_path_length_km":1911.55,"median_width20_km":62.2,"median_width50_km":144.8,"median_width90_km":341.86,"guide_rail_offset_km":100.0,"mean_bearing_deg":77.70384012949702,"direction":"E","directional_dominance":0.6833333333333332,"transition_probability":0.6866666666666666,"feature_type":"guide_rail","rail_side":"right","line_color":"#111111","line_width":1.6,"draw_order":4},"geometry":{"type":"LineString","coordinates":[[73.04012978790189,50.08752157571143],[73.99268148893225,50.338344424761445],[74.65093331457922,50.44882529885158],[75.22734503818072,50.52067330984105],[76.23864103975029,50.38410223338862],[77.18606535177389,50.23009643090766],[78.43830990315763,50.05018876767807],[79.45703717388386,49.98090527610233],[81.08270447869864,50.20400884844982],[82.05705243901184,50.42028223067525],[83.73074388790371,51.238433857499885],[84.17395912924997,51.83849242225813],[84.62938795829587,52.43669127927175],[84.74744169561069,53.6767296249476],[84.45376726226846,54.31417465567326],[84.2596251468542,54.883294586578195],[84.20996700745326,55.17891122494132],[84.37743090356702,55.66210485166068],[84.84334943159433,56.268503376508825],[85.26929528656513,56.484021172986346],[85.3800004061498,56.406052097572605],[86.43995096239536,56.43645237754931],[87.55276765636171,56.42932461706388],[88.74028743785175,56.380905399040316],[89.90965338387514,56.31787488786488],[91.10816358688612,56.24315381335101],[92.28394371025007,56.163332824404314]]}},{"type":"Feature","properties":{"window":"1992-1996","pathway_id":"1992-1996_P02","rank":2,"pathway_color":"#ff7f0e","associated_events":6,"data_start_km":0.0,"data_end_km":1397.72,"data_path_length_km":1397.72,"median_width20_km":83.3,"median_width50_km":123.55,"median_width90_km":240.84,"guide_rail_offset_km":100.0,"mean_bearing_deg":111.56690978951045,"direction":"E","directional_dominance":0.9333333333333332,"transition_probability":0.725,"feature_type":"containment_envelope","containment_level":90,"fill_color":"#ff7f0e","fill_opacity":0.18,"draw_order":1,"outline":false},"geometry":{"type":"Polygon","coordinates":[[[151.34413448489227,66.59881293925791],[153.03204497777858,66.65444111468747],[151.81909604428608,64.48057370736402],[154.26281344904567,67.1048239859513],[156.7059165762056,66.95677452982234],[158.3240608170849,66.77778278520809],[160.1711705018878,66.4993308875726],[161.80599772106353,66.26263164448332],[163.41258076954324,66.06692780823697],[165.54129479862365,65.77828355821302],[167.458699346721,65.68504955521018],[170.63644547064644,64.72168087827704],[172.59610562924718,62.20263490758793],[172.952071501996,61.4982892996802],[171.03108904031637,59.46220979133209],[169.14048342467277,58.653857297882965],[167.54839182745934,58.49470992669606],[166.6465684762926,58.589903449503346],[166.15651390200338,58.688497394969005],[165.84929207492524,58.048586899600515],[157.1395927621602,58.7738468787825],[157.2270548742651,59.432857470874055],[157.5621422187021,60.73759515929902],[157.7458449826762,61.94944827223886],[157.4896899702328,62.788893689686766],[156.87738447882498,63.01400351330566],[156.84275616521262,62.04711450064386],[157.41855766045035,62.72122157235083],[159.24252853432802,61.581263616695956],[160.5835004730639,61.837116604259684],[159.96926943313673,62.57859270930421],[159.45695747284663,63.04433698768725],[158.31498879919906,63.4879814232178],[157.12893469417645,63.846972036173604],[156.0662110256685,64.12167542844118],[154.6553434548191,64.36839251577268],[153.86668856555764,64.42290469281537],[156.72654491094744,66.4317547104253],[154.88897860016795,63.63938942377077],[153.53100142650624,63.34797934683972],[151.34413448489227,66.59881293925791]]]}},{"type":"Feature","properties":{"window":"1992-1996","pathway_id":"1992-1996_P02","rank":2,"pathway_color":"#ff7f0e","associated_events":6,"data_start_km":0.0,"data_end_km":1397.72,"data_path_length_km":1397.72,"median_width20_km":83.3,"median_width50_km":123.55,"median_width90_km":240.84,"guide_rail_offset_km":100.0,"mean_bearing_deg":111.56690978951045,"direction":"E","directional_dominance":0.9333333333333332,"transition_probability":0.725,"feature_type":"containment_envelope","containment_level":50,"fill_color":"#ff7f0e","fill_opacity":0.35,"draw_order":2,"outline":false},"geometry":{"type":"Polygon","coordinates":[[[152.1817802736835,65.45181780933844],[153.7156220272958,65.62727861977052],[153.33654390199615,65.13213958816127],[154.12922855702675,66.2562910683121],[156.0074841602153,66.13445893598656],[157.53984919678066,65.91860790852809],[159.09148098311908,65.62459224096797],[160.525516472797,65.31993445057087],[162.07594323626188,65.13122313026491],[163.92334391596228,64.94531969211387],[165.64174945177666,64.79868110268998],[167.7929175285385,64.08349109138655],[169.1946865438456,62.4662146363408],[169.41063806525585,61.78613742120946],[168.2685563789596,60.34428787594441],[167.11390694193176,59.53149926368073],[166.13195270173344,59.089091063291484],[165.629939398864,58.87769445623915],[165.31523607980432,58.78749996036776],[165.0225381461196,58.145489550766534],[157.9982155789529,58.73062695033571],[158.10244363076578,59.3889955851569],[158.70170679941458,60.517128900336274],[159.43966356104886,61.45308883705709],[159.98739112076566,62.07078422255689],[160.18074303907224,62.38215024687365],[160.484621078261,62.09094344752461],[160.91302024488908,62.74977557826899],[161.64575799650856,62.383383539252165],[162.05706627760316,62.78413315741276],[161.3340935631718,63.45380133881359],[160.6042178852016,64.00323614889885],[159.43308638876954,64.44931115329925],[158.07416029977367,64.73545033526574],[156.75094772336456,64.98827874466542],[155.26628543292895,65.19668759972672],[153.98415098263501,65.27182228234126],[155.05006303980872,65.81449013969336],[154.3019828442727,64.67216831068667],[152.81770341739275,64.50294409656391],[152.1817802736835,65.45181780933844]]]}},{"type":"Feature","properties":{"window":"1992-1996","pathway_id":"1992-1996_P02","rank":2,"pathway_color":"#ff7f0e","associated_events":6,"data_start_km":0.0,"data_end_km":1397.72,"data_path_length_km":1397.72,"median_width20_km":83.3,"median_width50_km":123.55,"median_width90_km":240.84,"guide_rail_offset_km":100.0,"mean_bearing_deg":111.56690978951045,"direction":"E","directional_dominance":0.9333333333333332,"transition_probability":0.725,"feature_type":"containment_envelope","containment_level":20,"fill_color":"#ff7f0e","fill_opacity":0.68,"draw_order":3,"outline":false},"geometry":{"type":"Polygon","coordinates":[[[152.3303999966472,65.23642684441714],[153.8526949599186,65.41042950583342],[153.7182484533015,65.28888078998767],[154.0953672978759,66.032569255742],[155.8343521705059,65.92164871715852],[157.3556327765043,65.70753686255526],[158.85425468000005,65.42312941187973],[160.27097302114976,65.12278433324875],[161.78797327014047,64.91894521287244],[163.4628805715128,64.69499420686721],[165.04159840753988,64.48726510108298],[166.79364832878724,63.8383266869602],[167.89095815522887,62.544088116774084],[168.01298596671683,61.873090187201605],[167.12330292286435,60.679975048433924],[166.12635240445354,59.93202270876902],[165.09467892734176,59.50188016407108],[164.3763677376769,59.21494946234404],[163.87176670541578,58.94297418744658],[163.58317673969464,58.299772785844915],[159.47667063659327,58.64200856031491],[159.58742668858258,59.30042882927064],[160.0601102586961,60.23710661610622],[160.61094471760123,61.08748234203121],[161.11839972581225,61.7185779970906],[161.46060666350576,62.108234554929055],[161.90607640423224,62.08174338565947],[162.23792403396726,62.737737483154675],[162.54989467226324,62.66376989344172],[162.5886913510841,63.10762745133973],[161.75502575619555,63.71071509736838],[160.87344792420208,64.21780768347011],[159.6752094024107,64.64788565567648],[158.29946098500136,64.93813124856705],[156.92542005719963,65.20007732956002],[155.43015646789513,65.4101306874332],[154.01625371233627,65.49558612134244],[154.65281633847917,65.66109731177448],[154.1724507053803,64.8894559444278],[152.67718550736458,64.71885428786604],[152.3303999966472,65.23642684441714]]]}},{"type":"Feature","properties":{"window":"1992-1996","pathway_id":"1992-1996_P02","rank":2,"pathway_color":"#ff7f0e","associated_events":6,"data_start_km":0.0,"data_end_km":1397.72,"data_path_length_km":1397.72,"median_width20_km":83.3,"median_width50_km":123.55,"median_width90_km":240.84,"guide_rail_offset_km":100.0,"mean_bearing_deg":111.56690978951045,"direction":"E","directional_dominance":0.9333333333333332,"transition_probability":0.725,"feature_type":"guide_rail","rail_side":"left","line_color":"#111111","line_width":1.6,"draw_order":4},"geometry":{"type":"LineString","coordinates":[[151.90787300967327,65.83911261356164],[153.46293452104703,66.01726157306035],[152.66063472743883,64.84763701247607],[154.19157568295657,66.65895841007182],[156.32643356198048,66.51701791737155],[157.8791207701737,66.29796211016388],[159.5278384060319,65.98626733570158],[160.99340482187728,65.67368641828921],[162.3752943685563,65.34775725686897],[163.86785978578428,64.91547938570906],[165.0704321697932,64.50244936880057],[166.352520161752,63.72646605978827],[167.0146481070734,62.58935513476779],[166.86928739068992,61.93325312085328],[165.99162955727786,60.99541709278522],[165.1522102112014,60.310658507757715],[164.35663098184762,59.78452847349991],[163.8420467609672,59.352961943420915],[163.45594532342045,58.984430911495494],[163.22385103392622,58.33546573309772]]}},{"type":"Feature","properties":{"window":"1992-1996","pathway_id":"1992-1996_P02","rank":2,"pathway_color":"#ff7f0e","associated_events":6,"data_start_km":0.0,"data_end_km":1397.72,"data_path_length_km":1397.72,"median_width20_km":83.3,"median_width50_km":123.55,"median_width90_km":240.84,"guide_rail_offset_km":100.0,"mean_bearing_deg":111.56690978951045,"direction":"E","directional_dominance":0.9333333333333332,"transition_probability":0.725,"feature_type":"guide_rail","rail_side":"right","line_color":"#111111","line_width":1.6,"draw_order":4},"geometry":{"type":"LineString","coordinates":[[153.06499118342424,64.11394328516621],[154.52989308096608,64.28074449305083],[155.77698691053513,66.08799739744447],[153.92758316016938,64.86901691902753],[154.97776447482477,64.81204913061325],[156.44369032169175,64.60653407109874],[157.67697665087337,64.36977346846396],[159.0059933619949,64.09087996447255],[160.3330987449276,63.78324610704283],[161.3839997034932,63.484571423995156],[162.5625926445938,63.0919612631566],[162.9597257697285,62.787202762711104],[163.1239708154485,62.72266250964349],[163.06260453351678,62.063353379694675],[162.67757997282706,61.83183220669123],[162.18352828211147,61.37052543262831],[161.41116075705787,60.826684606425474],[160.62400726785143,60.11521166560315],[160.01125856402393,59.27185743518331],[159.8425392993085,58.61728553787955]]}},{"type":"Feature","properties":{"window":"1992-1996","pathway_id":"1992-1996_P03","rank":3,"pathway_color":"#2ca02c","associated_events":9,"data_start_km":0.0,"data_end_km":1136.34,"data_path_length_km":1136.34,"median_width20_km":43.88,"median_width50_km":77.61,"median_width90_km":273.67,"guide_rail_offset_km":100.0,"mean_bearing_deg":15.969829872712612,"direction":"N","directional_dominance":0.6944444444444443,"transition_probability":0.4714285714285715,"feature_type":"containment_envelope","containment_level":90,"fill_color":"#2ca02c","fill_opacity":0.18,"draw_order":1,"outline":false},"geometry":{"type":"Polygon","coordinates":[[[-63.94714840585456,-12.429487014470611],[-64.21205240958813,-11.87840568033176],[-64.37453316554195,-11.338718668487225],[-64.54971364416643,-10.791661770529473],[-64.96059672873267,-10.287200133616878],[-65.60337099091637,-9.342941943898769],[-66.35222178237558,-8.70108903842152],[-66.57593371733333,-6.68921781919725],[-65.13195002336477,-3.798727849429388],[-62.31273179254957,-2.233406492946061],[-60.307706394668145,-2.6375232521176684],[-59.77265003429609,-3.972024924273606],[-58.53769119646688,-5.525427144449308],[-57.43542291311536,-7.231999331515674],[-57.27334608716336,-8.988042784129341],[-57.4451955045505,-9.506997856929736],[-58.10035123859389,-10.45171434508698],[-58.24301884275707,-10.688337486590017],[-58.46233053769767,-11.185287940914204],[-58.43612510628415,-11.468173924597545],[-60.872347542427406,-10.840762219553877],[-60.51917477472384,-10.09791741658248],[-60.22431332322569,-9.64121997370033],[-59.773276520517044,-8.979588969207294],[-59.73150069951089,-9.102168504844954],[-59.71223677543392,-8.55603683871245],[-60.126751095172324,-9.445501148201743],[-59.96720311100135,-10.707767184416667],[-59.77896067328746,-12.050110932945223],[-60.33158570490289,-13.382379022990724],[-59.33858931052299,-14.021310769789713],[-57.41928120167651,-12.888886997482091],[-56.71797138011354,-10.756531108815103],[-57.35842208736619,-9.762514829310186],[-58.24016230179262,-10.213002322460484],[-58.921546817693084,-10.361079295020012],[-59.35007618447975,-10.944497315246643],[-59.55829137520283,-11.48078381757433],[-59.75616760905163,-12.024030189792272],[-60.058355570307185,-12.556981372343557],[-63.94714840585456,-12.429487014470611]]]}},{"type":"Feature","properties":{"window":"1992-1996","pathway_id":"1992-1996_P03","rank":3,"pathway_color":"#2ca02c","associated_events":9,"data_start_km":0.0,"data_end_km":1136.34,"data_path_length_km":1136.34,"median_width20_km":43.88,"median_width50_km":77.61,"median_width90_km":273.67,"guide_rail_offset_km":100.0,"mean_bearing_deg":15.969829872712612,"direction":"N","directional_dominance":0.6944444444444443,"transition_probability":0.4714285714285715,"feature_type":"containment_envelope","containment_level":50,"fill_color":"#2ca02c","fill_opacity":0.35,"draw_order":2,"outline":false},"geometry":{"type":"Polygon","coordinates":[[[-62.50870599358859,-12.482319751612204],[-62.48922384563602,-11.94217779356263],[-62.470664385405485,-11.40353921629517],[-62.45332379708407,-10.863288954240371],[-62.4449054216345,-10.331407795288332],[-62.562932013767764,-9.722048465662505],[-62.56361061232734,-9.177468203462567],[-62.353298679236275,-8.47494394039956],[-61.83619928087916,-7.752345448425731],[-61.064418816308105,-7.260343501073902],[-60.316465113391416,-7.052905266172831],[-59.77537662315153,-7.05888475971755],[-59.00614577991196,-7.237978620985404],[-58.115621041220066,-7.7956043005252695],[-57.72114695306013,-8.910121956540047],[-57.89364961535938,-9.428905473185008],[-58.442478706146005,-10.152495155466035],[-58.64666039755568,-10.476575017124182],[-58.86650140652429,-10.97328123974943],[-58.87979331022552,-11.35549948126134],[-60.430185374390334,-10.956199174638616],[-60.11727375550828,-10.31201207441489],[-59.82277676089858,-9.854963054061207],[-59.433620040583264,-9.280265493358327],[-59.28390307478345,-9.182726332989525],[-59.26532807953595,-8.636584573749133],[-59.44066620408495,-8.885583053100834],[-59.49091116142468,-8.996541658620457],[-59.776864047329184,-8.963994671680371],[-60.32070486094858,-8.968349181403795],[-60.62697033453867,-9.000716252600494],[-60.80319353055603,-8.973440390409483],[-60.994188434945954,-9.036632737311328],[-61.160431788571216,-9.343239723080124],[-61.2898935095551,-9.872578778698413],[-61.43791600748136,-10.343732434617133],[-61.44770428904411,-10.892857435756994],[-61.46325699427979,-11.433263197559029],[-61.480063666767194,-11.975166452602739],[-61.49762655750999,-12.51547400195233],[-62.50870599358859,-12.482319751612204]]]}},{"type":"Feature","properties":{"window":"1992-1996","pathway_id":"1992-1996_P03","rank":3,"pathway_color":"#2ca02c","associated_events":9,"data_start_km":0.0,"data_end_km":1136.34,"data_path_length_km":1136.34,"median_width20_km":43.88,"median_width50_km":77.61,"median_width90_km":273.67,"guide_rail_offset_km":100.0,"mean_bearing_deg":15.969829872712612,"direction":"N","directional_dominance":0.6944444444444443,"transition_probability":0.4714285714285715,"feature_type":"containment_envelope","containment_level":20,"fill_color":"#2ca02c","fill_opacity":0.68,"draw_order":3,"outline":false},"geometry":{"type":"Polygon","coordinates":[[[-62.27893650357785,-12.490143139345934],[-62.259889714940925,-11.94995826428464],[-62.24172596266661,-11.410572636199328],[-62.224790977189855,-10.870281817021965],[-62.215306928468635,-10.3344884197051],[-62.198064249165725,-9.765693173950217],[-62.133279592863744,-9.228929849408406],[-61.92597830007975,-8.652278756205773],[-61.49589672788916,-8.155752185628533],[-60.94755776338555,-7.726682620874775],[-60.31738450472227,-7.479080383427816],[-59.77567712344049,-7.428924998747037],[-59.091417652333604,-7.548411457505333],[-58.334846565825075,-7.97668278340818],[-57.97375303564897,-8.865886443908204],[-58.13826439700543,-9.386036584251446],[-58.63892198459864,-9.980249023384827],[-58.88235418785683,-10.352546091883653],[-59.07942657506956,-10.861258391804146],[-59.10150045263663,-11.298926820676908],[-60.20898032413551,-11.013692733395322],[-59.90510013844727,-10.424726200045994],[-59.58781628671167,-9.979681917201804],[-59.238024968970436,-9.453011856313884],[-59.039579621652365,-9.226433750873824],[-59.01304858580528,-8.681781596737006],[-59.22039826270465,-8.705157355742724],[-59.40504712815198,-8.686209046993262],[-59.77658672815801,-8.593981892225274],[-60.319737467268126,-8.542204862195511],[-60.744526692045284,-8.534487491041574],[-61.14492298325291,-8.570650883511382],[-61.42240679714885,-8.860398975806204],[-61.591047758292646,-9.292990518041156],[-61.65499581082665,-9.829909366665913],[-61.66752816341055,-10.341192797086427],[-61.67627093187275,-10.886410234882574],[-61.69223069015236,-11.42678587375059],[-61.7094383600066,-11.967952253394596],[-61.72743826168579,-12.508227452889578],[-62.27893650357785,-12.490143139345934]]]}},{"type":"Feature","properties":{"window":"1992-1996","pathway_id":"1992-1996_P03","rank":3,"pathway_color":"#2ca02c","associated_events":9,"data_start_km":0.0,"data_end_km":1136.34,"data_path_length_km":1136.34,"median_width20_km":43.88,"median_width50_km":77.61,"median_width90_km":273.67,"guide_rail_offset_km":100.0,"mean_bearing_deg":15.969829872712612,"direction":"N","directional_dominance":0.6944444444444443,"transition_probability":0.4714285714285715,"feature_type":"guide_rail","rail_side":"left","line_color":"#111111","line_width":1.6,"draw_order":4},"geometry":{"type":"LineString","coordinates":[[-62.92225811262115,-12.46781094260202],[-62.90199363045832,-11.92775405821503],[-62.882725890477246,-11.390467630580616],[-62.86465637509059,-10.850298097041554],[-62.854350950537736,-10.325517678344207],[-62.83137938165328,-9.689681696711453],[-62.76562968118715,-9.153120684420028],[-62.51276457562278,-8.408597986923247],[-61.90445154399944,-7.6713081932195015],[-61.066147210973156,-7.253439113028935],[-60.3165798727245,-7.106444124763201],[-59.775416219328605,-7.1072520156019765],[-59.00817517498767,-7.2453716886840756],[-58.07828216901578,-7.764734467274575],[-57.59842686092051,-8.931539479566819],[-57.69255915585228,-9.464002840665136],[-58.25571908670493,-10.315953860943546],[-58.429067679996024,-10.590832571609223],[-58.68540767055116,-11.068376547868512],[-58.76901017275867,-11.383701144629315]]}},{"type":"Feature","properties":{"window":"1992-1996","pathway_id":"1992-1996_P03","rank":3,"pathway_color":"#2ca02c","associated_events":9,"data_start_km":0.0,"data_end_km":1136.34,"data_path_length_km":1136.34,"median_width20_km":43.88,"median_width50_km":77.61,"median_width90_km":273.67,"guide_rail_offset_km":100.0,"mean_bearing_deg":15.969829872712612,"direction":"N","directional_dominance":0.6944444444444443,"transition_probability":0.4714285714285715,"feature_type":"guide_rail","rail_side":"right","line_color":"#111111","line_width":1.6,"draw_order":4},"geometry":{"type":"LineString","coordinates":[[-61.0839358877316,-12.528089461280878],[-61.06716075200501,-11.987731522659939],[-61.0510797196377,-11.44450951666133],[-61.03626070119752,-10.904057274324838],[-61.02842608596282,-10.347864686853887],[-61.02115314135975,-9.903727062895728],[-60.95819192131404,-9.36664770502594],[-60.83417571530951,-9.102308173414562],[-60.73448517962933,-9.054280353090176],[-60.62522782107749,-9.007618399826303],[-60.32058256193993,-8.91481515960373],[-59.77682811619363,-8.915631756817575],[-59.488864712268935,-8.989151477291728],[-59.47822405027529,-8.916315756747071],[-59.38784349149637,-8.614564424797848],[-59.48466104345667,-9.146671911619038],[-59.619186954189416,-9.116103368481786],[-60.03936772161333,-9.739762960563965],[-60.297486845053925,-10.216106716146195],[-60.54065503594623,-10.927422536420407]]}},{"type":"Feature","properties":{"window":"1992-1996","pathway_id":"1992-1996_P04","rank":4,"pathway_color":"#d62728","associated_events":2,"data_start_km":154.36,"data_end_km":1240.4,"data_path_length_km":1086.04,"median_width20_km":129.23,"median_width50_km":154.23,"median_width90_km":204.23,"guide_rail_offset_km":100.0,"mean_bearing_deg":325.47666671521233,"direction":"NW","directional_dominance":0.8222222222222223,"transition_probability":0.7555555555555555,"feature_type":"containment_envelope","containment_level":90,"fill_color":"#d62728","fill_opacity":0.18,"draw_order":1,"outline":false},"geometry":{"type":"Polygon","coordinates":[[[145.999990898546,-24.344137785868003],[145.44359696398658,-24.344229225051688],[144.888177779947,-24.344333014267878],[144.03177996716738,-24.272579428538876],[143.12804970040713,-24.044865212160218],[142.24127061633965,-23.604237901143698],[141.21761122511077,-22.580209536184103],[140.8161011778068,-21.767270903140076],[140.61315593273355,-20.96429916086033],[140.54578733286837,-20.205669641131927],[140.55291362354012,-19.654202786695052],[140.6499394348093,-18.93103037958425],[140.88713583968376,-18.128333758807532],[141.61430243850725,-16.969659158869895],[142.37884860312118,-16.335133246544583],[143.24369804511252,-15.924436649710652],[144.10896410178816,-15.71721460881606],[144.92501605749783,-15.654745558913673],[145.46402805735988,-15.654674088326654],[146.00218824472762,-15.65470307780886],[145.99921720459804,-19.34520926160485],[145.46088139219137,-19.345310973028365],[144.92341515009474,-19.345417638903925],[144.675498355012,-19.367644430636176],[144.50792397559508,-19.41044756272061],[144.42461642230433,-19.463233894134802],[144.40444548141159,-19.521784608828288],[144.57856229573747,-19.24274215609583],[144.49841834217477,-19.42590005675049],[144.44795351728544,-19.725249003416653],[144.45424088140965,-20.205875457795823],[144.49952234201226,-20.47198483748885],[144.57084242540634,-20.664940021866535],[144.65824844328517,-20.772555816683134],[144.38796955427676,-20.50517456985261],[144.46845614920312,-20.57334640667763],[144.63700762752353,-20.627101810769],[144.8910033969281,-20.655738355875393],[145.44664578718567,-20.655666000668393],[146.00133829826723,-20.655707348141796],[145.999990898546,-24.344137785868003]]]}},{"type":"Feature","properties":{"window":"1992-1996","pathway_id":"1992-1996_P04","rank":4,"pathway_color":"#d62728","associated_events":2,"data_start_km":154.36,"data_end_km":1240.4,"data_path_length_km":1086.04,"median_width20_km":129.23,"median_width50_km":154.23,"median_width90_km":204.23,"guide_rail_offset_km":100.0,"mean_bearing_deg":325.47666671521233,"direction":"NW","directional_dominance":0.8222222222222223,"transition_probability":0.7555555555555555,"feature_type":"containment_envelope","containment_level":50,"fill_color":"#d62728","fill_opacity":0.35,"draw_order":2,"outline":false},"geometry":{"type":"Polygon","coordinates":[[[146.0000078589046,-23.8927314324712],[145.44391128164688,-23.892806624748946],[144.88854841571822,-23.89290662648134],[144.10765477579753,-23.826559687634912],[143.2958304464496,-23.620625659023336],[142.50922330267656,-23.226515289021663],[141.64339276796323,-22.362780190402066],[141.27868743168028,-21.6367982555901],[141.09020001252878,-20.908712162074778],[141.0241889544775,-20.210336489470585],[141.0294896127678,-19.667477220263375],[141.11976309503797,-18.996000506856486],[141.33638241085725,-18.26870428675046],[141.95155903619616,-17.28423021636943],[142.6255421704226,-16.71920433225754],[143.39594968819472,-16.351632493514504],[144.17716567075422,-16.164211473093257],[144.92483455901004,-16.106590180306938],[145.46358296152272,-16.10651434367959],[146.0016864895456,-16.10652726861926],[145.9994410216225,-18.893531956329745],[145.46120608895018,-18.893617718012777],[144.92362598642137,-18.893720129698973],[144.6049220931576,-18.920956746490575],[144.35050755937704,-18.984232628774855],[144.1702596757013,-19.081553458771438],[144.05844337412663,-19.211646592400772],[144.12407213418487,-19.11036057760939],[144.0261039132036,-19.369753714025055],[143.9710067251881,-19.72113545801186],[143.97583816006056,-20.21049193044732],[144.0251597172869,-20.53688745871592],[144.11419957438852,-20.804258209549133],[144.2416071805493,-20.99756211716052],[144.1301298026641,-20.88608328942628],[144.30788367869752,-20.9989638236241],[144.56461144763279,-21.07355312560758],[144.89068147025273,-21.107345981306896],[145.44621451019623,-21.10726971495118],[146.0010281374757,-21.107294783288296],[146.0000078589046,-23.8927314324712]]]}},{"type":"Feature","properties":{"window":"1992-1996","pathway_id":"1992-1996_P04","rank":4,"pathway_color":"#d62728","associated_events":2,"data_start_km":154.36,"data_end_km":1240.4,"data_path_length_km":1086.04,"median_width20_km":129.23,"median_width50_km":154.23,"median_width90_km":204.23,"guide_rail_offset_km":100.0,"mean_bearing_deg":325.47666671521233,"direction":"NW","directional_dominance":0.8222222222222223,"transition_probability":0.7555555555555555,"feature_type":"containment_envelope","containment_level":20,"fill_color":"#d62728","fill_opacity":0.68,"draw_order":3,"outline":false},"geometry":{"type":"Polygon","coordinates":[[[146.00003215006961,-23.667018304646387],[145.44407470049111,-23.66708537469196],[144.88873104976352,-23.66718347670949],[144.14539335072448,-23.603525567569232],[143.37931064929057,-23.408427799658103],[142.6426303685472,-23.0374743428798],[141.8557906740259,-22.25365061295743],[141.509670236491,-21.571086001861634],[141.3285899560439,-20.880425206453094],[141.26339944079348,-20.21218447129746],[141.26780621087028,-19.673636296898437],[141.35481193874932,-19.028030235680994],[141.56127867400767,-18.338484264237238],[142.1206152367095,-17.441300076583257],[142.74925576457667,-16.911125608426882],[143.47231927616554,-16.565183985634803],[144.21137770409916,-16.387695200204455],[144.92474233984296,-16.332505364258314],[145.46336662380304,-16.332427351084398],[146.00144986948567,-16.33243225243033],[145.9995677814283,-18.667685061487276],[145.4613748361603,-18.667762845002056],[144.92372980137839,-18.66786312436575],[144.56977156870062,-18.69759524714877],[144.27209669309855,-18.771068848351117],[144.04351696367814,-18.890577136450066],[143.88592960724753,-19.056329179074595],[143.89710218482122,-19.043739394733592],[143.7900699855412,-19.341213009693163],[143.7325434743525,-19.718598738181853],[143.73662723881108,-20.212314720435078],[143.78783028193152,-20.56885792510774],[143.88556724371267,-20.873467958549263],[144.03282360853916,-21.109687339155084],[144.00072018657636,-21.076383590199118],[144.22725234667917,-21.211706275463623],[144.5282476012735,-21.29675785004829],[144.89051808736463,-21.33314080526576],[145.4460048621819,-21.333062590301086],[146.00088795868896,-21.33307952360237],[146.00003215006961,-23.667018304646387]]]}},{"type":"Feature","properties":{"window":"1992-1996","pathway_id":"1992-1996_P04","rank":4,"pathway_color":"#d62728","associated_events":2,"data_start_km":154.36,"data_end_km":1240.4,"data_path_length_km":1086.04,"median_width20_km":129.23,"median_width50_km":154.23,"median_width90_km":204.23,"guide_rail_offset_km":100.0,"mean_bearing_deg":325.47666671521233,"direction":"NW","directional_dominance":0.8222222222222223,"transition_probability":0.7555555555555555,"feature_type":"guide_rail","rail_side":"left","line_color":"#111111","line_width":1.6,"draw_order":4},"geometry":{"type":"LineString","coordinates":[[146.00007382928322,-23.403081198183177],[145.44427105237304,-23.40313877131073],[144.88894236251008,-23.403234646831603],[144.18935653355823,-23.342709189421203],[143.47658434723974,-23.16023767428819],[142.79815082405514,-22.816277271196807],[142.10373568083446,-22.125696806924438],[141.77949831651767,-21.493847924994004],[141.60722864896252,-20.8469328087181],[141.54311726727633,-20.213934806324865],[141.54649489017987,-19.680433654476783],[141.62977175018705,-19.065096780597415],[141.82448340620613,-18.41973377044674],[142.31866155059595,-17.624778319136208],[142.8942315499578,-17.135442695896046],[143.5618297915479,-16.814851914014],[144.25147853244164,-16.649004418793094],[144.92463325314986,-16.596664276168347],[145.4631189220438,-16.59658372329604],[146.00118528708276,-16.596579249427656]]}},{"type":"Feature","properties":{"window":"1992-1996","pathway_id":"1992-1996_P04","rank":4,"pathway_color":"#d62728","associated_events":2,"data_start_km":154.36,"data_end_km":1240.4,"data_path_length_km":1086.04,"median_width20_km":129.23,"median_width50_km":154.23,"median_width90_km":204.23,"guide_rail_offset_km":100.0,"mean_bearing_deg":325.47666671521233,"direction":"NW","directional_dominance":0.8222222222222223,"transition_probability":0.7555555555555555,"feature_type":"guide_rail","rail_side":"right","line_color":"#111111","line_width":1.6,"draw_order":4},"geometry":{"type":"LineString","coordinates":[[146.0007367173356,-21.597084354505174],[145.4457648039645,-21.59707693026037],[144.89032497439837,-21.597157417955103],[144.48558400547563,-21.557735533295684],[144.13267191366583,-21.460411263233357],[143.84897914834005,-21.29877130019413],[143.78829650647242,-21.240473721375835],[143.61796204130826,-20.95401330015693],[143.51019455655057,-20.605833562060585],[143.45690900099873,-20.214035595718535],[143.453716098703,-19.715226806351776],[143.51417854276042,-19.307445787938235],[143.63193635237099,-18.96547687067049],[143.68461398245358,-18.874507878320458],[143.89567727230008,-18.66715344953575],[144.1806563709386,-18.521767472665356],[144.52878353082463,-18.436401597382464],[144.9238498509265,-18.40375923243396],[145.4615775436249,-18.403661450950686],[145.99972849743472,-18.403592999678207]]}},{"type":"Feature","properties":{"window":"1992-1996","pathway_id":"1992-1996_P05","rank":5,"pathway_color":"#9467bd","associated_events":3,"data_start_km":0.0,"data_end_km":930.62,"data_path_length_km":930.62,"median_width20_km":30.0,"median_width50_km":55.0,"median_width90_km":105.0,"guide_rail_offset_km":100.0,"mean_bearing_deg":206.92655345751473,"direction":"SW","directional_dominance":0.6666666666666666,"transition_probability":0.5555555555555555,"feature_type":"containment_envelope","containment_level":90,"fill_color":"#9467bd","fill_opacity":0.18,"draw_order":1,"outline":false},"geometry":{"type":"Polygon","coordinates":[[[38.7113981627661,57.355442719009126],[37.43201717028015,56.968501003531166],[36.733393513734256,56.552198471419366],[36.387210552610384,56.122499241458954],[35.823263603532354,55.69784962871687],[35.116597239334396,55.273980229730455],[34.5877678999442,54.843664448655545],[34.277760552990685,54.40823275416186],[34.09959721865107,53.970461541918546],[34.08314486919494,53.5305643299149],[34.06708365076514,53.090537899919354],[34.05141661558483,52.65047572871186],[34.036128080779974,52.21047149169006],[34.021179639542055,51.770338075726904],[34.006586996938694,51.33016878564508],[33.99233830428386,50.88996358320451],[33.97840235369921,50.4498164133633],[33.964779807299976,50.00953967588424],[33.92694025211131,49.481901432366044],[33.838991139559425,48.98592271266587],[30.996338525044877,49.27747335183108],[31.036557704078348,49.65798840704768],[31.03519037111701,50.00973060835895],[31.021578001320762,50.44988603221892],[31.007651761166926,50.890099342086764],[30.99338982017963,51.33018295937167],[30.97880125476371,51.77023090109869],[30.963874745283988,52.21024319728683],[30.9485703199843,52.65031323815232],[30.932900977701735,53.09025396371776],[30.916855762719308,53.53015915227832],[30.90040367925559,53.97012238473413],[30.722235093905738,54.40772602919046],[30.41224848736948,54.842920547343006],[29.883456913126167,55.27311544916559],[29.176826337321586,55.69660448633213],[28.612938903942165,56.12086042642846],[28.26680941562367,56.55027810809101],[27.568313888905237,56.965942984742036],[26.28914766898069,57.35216222761106],[38.7113981627661,57.355442719009126]]]}},{"type":"Feature","properties":{"window":"1992-1996","pathway_id":"1992-1996_P05","rank":5,"pathway_color":"#9467bd","associated_events":3,"data_start_km":0.0,"data_end_km":930.62,"data_path_length_km":930.62,"median_width20_km":30.0,"median_width50_km":55.0,"median_width90_km":105.0,"guide_rail_offset_km":100.0,"mean_bearing_deg":206.92655345751473,"direction":"SW","directional_dominance":0.6666666666666666,"transition_probability":0.5555555555555555,"feature_type":"containment_envelope","containment_level":50,"fill_color":"#9467bd","fill_opacity":0.35,"draw_order":2,"outline":false},"geometry":{"type":"Polygon","coordinates":[[[35.262911115476385,57.47187095167101],[34.94031113029939,57.03809933686565],[34.751116223276995,56.60134639368376],[34.56560322825058,56.164337782189136],[34.20257407245714,55.7295418626255],[33.87083344603715,55.293456266365936],[33.5815280090188,54.85623049970591],[33.38199982981445,54.41770905630633],[33.33797959218023,53.97792819712007],[33.3293572343955,53.537923034133364],[33.32093866505568,53.09783540452611],[33.31273101472891,52.65771418588474],[33.30472260219349,52.21760836280436],[33.29688578217832,51.77741981152613],[33.2892396505097,51.337197333405285],[33.281777870692224,50.896940828174316],[33.27447236712078,50.45669944059928],[33.26733314457397,50.01637481254524],[33.240722078779356,49.53047140001784],[33.165283180916504,49.0618046715287],[31.676155748318934,49.214546280188294],[31.726578346209863,49.622722858730896],[31.73264126550569,50.01647484329799],[31.725509566114056,50.45673591486394],[31.718215347599426,50.89701195315761],[31.710737503528378,51.33720475902035],[31.703092502977455,51.77736366129602],[31.69527453163488,52.217488755918296],[31.687251766627668,52.65762905346144],[31.67903852669025,53.09768664395896],[31.670632521152726,53.53771075176398],[31.662011962622728,53.97775050264289],[31.6179794630946,54.41745761767471],[31.418460610371937,54.855845062262276],[31.129179959201963,55.293003074633475],[30.797438986072308,55.72890364370858],[30.434429323487763,56.16346638667794],[30.24893528766887,56.600324466941224],[30.059768768824455,57.036832305973334],[29.73719724505588,57.47040911923917],[35.262911115476385,57.47187095167101]]]}},{"type":"Feature","properties":{"window":"1992-1996","pathway_id":"1992-1996_P05","rank":5,"pathway_color":"#9467bd","associated_events":3,"data_start_km":0.0,"data_end_km":930.62,"data_path_length_km":930.62,"median_width20_km":30.0,"median_width50_km":55.0,"median_width90_km":105.0,"guide_rail_offset_km":100.0,"mean_bearing_deg":206.92655345751473,"direction":"SW","directional_dominance":0.6666666666666666,"transition_probability":0.5555555555555555,"feature_type":"containment_envelope","containment_level":20,"fill_color":"#9467bd","fill_opacity":0.68,"draw_order":3,"outline":false},"geometry":{"type":"Polygon","coordinates":[[[34.824720168406884,57.48018676022677],[34.471583325902856,57.04587355832525],[34.21038725109767,56.609479882122784],[34.0181705573076,56.17185425403502],[33.778449434408344,55.73442544553201],[33.47765308636866,55.29704836581689],[33.192528261722146,54.858918504683025],[32.9970973958504,54.41979352113389],[32.95709107987432,53.979892858519335],[32.952386836698736,53.53985532562579],[32.94779198994982,53.099758200570214],[32.94331631816172,52.659628069795204],[32.93895069455209,52.21949158085032],[32.93467175592389,51.77929513896253],[32.93050085720421,51.339065300434406],[32.92643442326903,50.898801948969236],[32.92244644926862,50.45853183532853],[32.91855060728983,50.018201252692414],[32.8971134289971,49.553203695436274],[32.82766545558286,49.09823761665024],[32.0153968954574,49.18155478764669],[32.071197453368825,49.60352490838032],[32.081424927338276,50.01825581760301],[32.07753590338018,50.45855173143202],[32.073559632886344,50.898840746326044],[32.069476386368876,51.33906935095572],[32.06530583583498,51.779264509949826],[32.06104492651721,52.21942633723716],[32.056665359153556,52.659581631272594],[32.052183225368594,53.09967705379292],[32.04760002825219,53.539739528507866],[32.04289799177835,53.97979592835789],[32.00287825221727,54.419651803505985],[31.807454346163496,54.8586716883464],[31.52235273953403,55.296725139817816],[31.221551678026287,55.73394617521114],[30.981840814025077,56.17121372340776],[30.789638985102556,56.60870332838262],[30.52846823599782,57.04484977085341],[30.175356565050436,57.47895660993102],[34.824720168406884,57.48018676022677]]]}},{"type":"Feature","properties":{"window":"1992-1996","pathway_id":"1992-1996_P05","rank":5,"pathway_color":"#9467bd","associated_events":3,"data_start_km":0.0,"data_end_km":930.62,"data_path_length_km":930.62,"median_width20_km":30.0,"median_width50_km":55.0,"median_width90_km":105.0,"guide_rail_offset_km":100.0,"mean_bearing_deg":206.92655345751473,"direction":"SW","directional_dominance":0.6666666666666666,"transition_probability":0.5555555555555555,"feature_type":"guide_rail","rail_side":"left","line_color":"#111111","line_width":1.6,"draw_order":4},"geometry":{"type":"LineString","coordinates":[[34.16434091575849,57.48997171451143],[34.14506164835859,57.05029664573633],[34.126292161601185,56.610542103222315],[34.10801875447933,56.170780670397136],[34.090222414945316,55.730973131111405],[34.072890155005894,55.29113367650466],[34.05598441193496,54.851314476528685],[34.039507474710035,54.41138507336097],[34.02344858754029,53.97142039102559],[34.00777873333459,53.53150979339211],[33.99248136840788,53.09147471259535],[33.977559879488865,52.65140416485805],[33.96299891717251,52.21138735583812],[33.948761282201275,51.771246066549836],[33.934862950855404,51.33106915101657],[33.92129262476675,50.89085656300113],[33.90801934853678,50.45069776702512],[33.89504483867938,50.0104140828072],[33.858380730016336,49.48694443795578],[33.77171405118639,48.99369139979526]]}},{"type":"Feature","properties":{"window":"1992-1996","pathway_id":"1992-1996_P05","rank":5,"pathway_color":"#9467bd","associated_events":3,"data_start_km":0.0,"data_end_km":930.62,"data_path_length_km":930.62,"median_width20_km":30.0,"median_width50_km":55.0,"median_width90_km":105.0,"guide_rail_offset_km":100.0,"mean_bearing_deg":206.92655345751473,"direction":"SW","directional_dominance":0.6666666666666666,"transition_probability":0.5555555555555555,"feature_type":"guide_rail","rail_side":"right","line_color":"#111111","line_width":1.6,"draw_order":4},"geometry":{"type":"LineString","coordinates":[[30.835698426041006,57.4890908738646],[30.854973725899868,57.049442352201076],[30.873730762923174,56.60980371812637],[30.89199564982289,56.170102243443694],[30.909787148413386,55.730377014524365],[30.927128131679495,55.29061370420403],[30.944015105852316,54.850759993645035],[30.960482748042182,54.410946238055395],[30.976551113742318,53.97109737470131],[30.992220505564234,53.53112389910742],[31.00750230757734,53.09120428969384],[31.02242652401395,52.651249407677355],[31.03700317982586,52.21116992698331],[31.051219277920552,51.771143992881036],[31.06511390941725,51.331082650102395],[31.078697844512135,50.89098586024617],[31.091961208625293,50.450764072384565],[31.104925881748954,50.01059592756898],[31.105604275785623,49.65464991101992],[31.064398147570245,49.27136440641133]]}},{"type":"Feature","properties":{"window":"1992-1996","pathway_id":"1992-1996_P06","rank":6,"pathway_color":"#8c564b","associated_events":2,"data_start_km":333.55,"data_end_km":712.54,"data_path_length_km":378.99,"median_width20_km":89.68,"median_width50_km":150.71,"median_width90_km":232.08,"guide_rail_offset_km":100.0,"mean_bearing_deg":180.0,"direction":"S","directional_dominance":0.8888888888888888,"transition_probability":0.8333333333333334,"feature_type":"containment_envelope","containment_level":90,"fill_color":"#8c564b","fill_opacity":0.18,"draw_order":1,"outline":false},"geometry":{"type":"Polygon","coordinates":[[[-92.42751340614458,65.53957274129937],[-92.42957714992795,65.51364178926778],[-92.48891267009212,65.33647680763379],[-92.5474333915289,65.15928334286767],[-92.55661030802898,65.10230888198255],[-92.58962116649246,64.92396453283061],[-92.62217506048201,64.7456079655569],[-92.65424390142971,64.56740755820212],[-92.68587935987414,64.38902588574082],[-92.71708624817188,64.21063242675515],[-92.74784352941536,64.03237322943916],[-92.77819137507477,63.85395565455901],[-92.80813671807189,63.675526684149744],[-92.83765428715125,63.49720966107277],[-92.86679544703249,63.31875748260165],[-92.89553484673989,63.140395239022375],[-92.92390756378659,62.96192046528735],[-92.95189531074406,62.78351331277253],[-92.97952164699801,62.6050726743306],[-93.00679234757078,62.426598602879594],[-101.99306531855046,62.4256589454357],[-102.02033490221953,62.60414912440682],[-102.04796638263605,62.78265088787738],[-102.07596812642764,62.961164079632844],[-102.10433109757841,63.13958740660482],[-102.1330884760242,63.31810074694312],[-102.1622204968679,63.49650146492529],[-102.19176821290888,63.675014350930724],[-102.22169641939071,63.85339213133687],[-102.25204695399317,64.03175786182759],[-102.28282992756833,64.2102582265926],[-102.31402268890248,64.38860040333934],[-102.34566426209557,64.56693012351992],[-102.37776834470432,64.74541653571222],[-102.41030230834023,64.92372201957298],[-102.44331379722011,65.10201460312057],[-102.4843056014452,65.40200304339672],[-102.493291219414,65.58079260488032],[-102.50244418250962,65.7595770128985],[-102.49889942521462,66.09131713656939],[-92.42751340614458,65.53957274129937]]]}},{"type":"Feature","properties":{"window":"1992-1996","pathway_id":"1992-1996_P06","rank":6,"pathway_color":"#8c564b","associated_events":2,"data_start_km":333.55,"data_end_km":712.54,"data_path_length_km":378.99,"median_width20_km":89.68,"median_width50_km":150.71,"median_width90_km":232.08,"guide_rail_offset_km":100.0,"mean_bearing_deg":180.0,"direction":"S","directional_dominance":0.8888888888888888,"transition_probability":0.8333333333333334,"feature_type":"containment_envelope","containment_level":50,"fill_color":"#8c564b","fill_opacity":0.35,"draw_order":2,"outline":false},"geometry":{"type":"Polygon","coordinates":[[[-94.15808028925284,65.68379491387624],[-94.17761379027567,65.60476365589018],[-94.225318288524,65.42697087424946],[-94.27236961203106,65.24915854408414],[-94.28600900418766,65.14954328251476],[-94.30752402488248,64.97087151229528],[-94.32874373926906,64.79219215073117],[-94.34965403811721,64.61361468723604],[-94.37026830640802,64.43491956583703],[-94.39060587571898,64.25621699650068],[-94.41065703909314,64.07760193846272],[-94.43042983628791,63.89888398857969],[-94.44994298577748,63.72015871730582],[-94.46918005605197,63.541506311902715],[-94.48816603314911,63.362766004412954],[-94.50689410977182,63.184084163451026],[-94.52537790548955,63.00532906357274],[-94.54361313014647,62.82661784004911],[-94.56161158754726,62.647884696052074],[-94.57937669869959,62.469129631587144],[-100.42056308838103,62.46851845612316],[-100.43832675237502,62.64728398600475],[-100.45632595895817,62.826056875903326],[-100.47456656789856,63.0048370604845],[-100.4930463058687,63.18355868778476],[-100.51177924310919,63.36233880132827],[-100.53076180929982,63.54104562688206],[-100.55001112710056,63.719825430352714],[-100.56951281823422,63.89851739592862],[-100.58929419849636,64.07720161269468],[-100.6093477494901,64.25597355104671],[-100.62967693702544,64.43464275404389],[-100.65030329176255,64.61330407139772],[-100.6712196518667,64.7920675995009],[-100.69242514316821,64.97071372430267],[-100.71394673643175,65.14935181206845],[-100.73293177704916,65.40708064995907],[-100.72988569707917,65.58593589996278],[-100.72682910296535,65.76478693729936],[-100.70597099230024,66.04280036913504],[-94.15808028925284,65.68379491387624]]]}},{"type":"Feature","properties":{"window":"1992-1996","pathway_id":"1992-1996_P06","rank":6,"pathway_color":"#8c564b","associated_events":2,"data_start_km":333.55,"data_end_km":712.54,"data_path_length_km":378.99,"median_width20_km":89.68,"median_width50_km":150.71,"median_width90_km":232.08,"guide_rail_offset_km":100.0,"mean_bearing_deg":180.0,"direction":"S","directional_dominance":0.8888888888888888,"transition_probability":0.8333333333333334,"feature_type":"containment_envelope","containment_level":20,"fill_color":"#8c564b","fill_opacity":0.68,"draw_order":3,"outline":false},"geometry":{"type":"Polygon","coordinates":[[[-95.46796568104071,65.77895083910384],[-95.4959538931507,65.65983732840395],[-95.53478051998484,65.48166698565825],[-95.5730795226154,65.30348251830239],[-95.58638872826653,65.17180735624731],[-95.59921174576962,64.99298326052902],[-95.61186265820464,64.81415373710672],[-95.62433298002856,64.63538396619319],[-95.63661699984168,64.45654316326825],[-95.64873998365724,64.27769693906822],[-95.66069667386961,64.09890181992377],[-95.67247900988646,63.92004438930131],[-95.68411042473176,63.74118153855241],[-95.69557783002875,63.56236099694924],[-95.70689290781138,63.383487001004596],[-95.71805683111333,63.20464669212768],[-95.72907228946897,63.02576160496037],[-95.73994086225224,62.84690147154443],[-95.75066805575754,62.66802708849684],[-95.76125546206457,62.48913843503717],[-99.23872318448613,62.488774471607044],[-99.24930898955084,62.667669354182706],[-99.26003485467875,62.8465674032896],[-99.27090473801927,63.025468601327454],[-99.28191883261654,63.20433375218123],[-99.29308140976549,63.38323258252108],[-99.3043957897525,63.56208663645752],[-99.3158669714973,63.74098304655254],[-99.32748961748531,63.91982606033163],[-99.33928332871909,64.0986633989452],[-99.3512313743666,64.27755194792871],[-99.36334869790389,64.45637829886263],[-99.37564763335021,64.63519896732677],[-99.3881101988957,64.81407955365158],[-99.40074959183262,64.99288928104419],[-99.41358199718424,65.17169331475924],[-99.41969916237674,65.39754183457569],[-99.40763337224253,65.57634872426904],[-99.395423759137,65.75515066785671],[-99.36654442190355,65.99278242074858],[-95.46796568104071,65.77895083910384]]]}},{"type":"Feature","properties":{"window":"1992-1996","pathway_id":"1992-1996_P06","rank":6,"pathway_color":"#8c564b","associated_events":2,"data_start_km":333.55,"data_end_km":712.54,"data_path_length_km":378.99,"median_width20_km":89.68,"median_width50_km":150.71,"median_width90_km":232.08,"guide_rail_offset_km":100.0,"mean_bearing_deg":180.0,"direction":"S","directional_dominance":0.8888888888888888,"transition_probability":0.8333333333333334,"feature_type":"guide_rail","rail_side":"left","line_color":"#111111","line_width":1.6,"draw_order":4},"geometry":{"type":"LineString","coordinates":[[-95.24585922836239,65.76365486109316],[-95.27270327059945,65.65133003369272],[-95.3130388476167,65.47321781326457],[-95.35282534686885,65.29509063066149],[-95.3664134711503,65.16883779230608],[-95.3807089243308,64.99003379569386],[-95.39481136009913,64.81122408533363],[-95.40871163628148,64.63248133760985],[-95.42240668443931,64.4536597446649],[-95.43592106727236,64.27483246268291],[-95.44924901975423,64.09606251966503],[-95.4623847164427,63.91722347062051],[-95.47535104286335,63.738378750399754],[-95.48813454404721,63.55958157884088],[-95.50074875689856,63.38072519205454],[-95.51319386426836,63.201906751479406],[-95.52547408928787,63.02303877884913],[-95.53759029914839,62.844199025468164],[-95.54954891114916,62.6653437871673],[-95.56135182969423,62.486473045506436]]}},{"type":"Feature","properties":{"window":"1992-1996","pathway_id":"1992-1996_P06","rank":6,"pathway_color":"#8c564b","associated_events":2,"data_start_km":333.55,"data_end_km":712.54,"data_path_length_km":378.99,"median_width20_km":89.68,"median_width50_km":150.71,"median_width90_km":232.08,"guide_rail_offset_km":100.0,"mean_bearing_deg":180.0,"direction":"S","directional_dominance":0.8888888888888888,"transition_probability":0.8333333333333334,"feature_type":"guide_rail","rail_side":"right","line_color":"#111111","line_width":1.6,"draw_order":4},"geometry":{"type":"LineString","coordinates":[[-99.59259764339411,66.00205521152625],[-99.62041996920514,65.75759467094223],[-99.63108383119678,65.57877847086743],[-99.64162636282153,65.39995753513232],[-99.6335552523336,65.16871064732865],[-99.6192507874486,64.98992901780021],[-99.60516023238415,64.81114137806635],[-99.59126586662893,64.63227508118186],[-99.57755628083662,64.45347593609823],[-99.56404792187851,64.27467081084477],[-99.55072714031317,64.09579670139027],[-99.53758044144747,63.91698005290821],[-99.52462324319644,63.73815744897572],[-99.51183483410772,63.559275689927496],[-99.49922168151679,63.380441536526526],[-99.4867770913358,63.20155784873798],[-99.47449858997796,63.02271210316214],[-99.46238052552803,62.843826565421274],[-99.45042296450055,62.66494494077053],[-99.4386216266995,62.48606725363936]]}},{"type":"Feature","properties":{"window":"1997-2001","pathway_id":"1997-2001_P01","rank":1,"pathway_color":"#1f77b4","associated_events":11,"data_start_km":181.42,"data_end_km":9804.77,"data_path_length_km":9623.34,"median_width20_km":128.97,"median_width50_km":165.34,"median_width90_km":241.58,"guide_rail_offset_km":100.0,"mean_bearing_deg":102.77311383311479,"direction":"E","directional_dominance":0.9135802469135803,"transition_probability":0.6371252204585538,"feature_type":"containment_envelope","containment_level":90,"fill_color":"#1f77b4","fill_opacity":0.18,"draw_order":1,"outline":false},"geometry":{"type":"Polygon","coordinates":[[[79.61372423497181,41.80806492898328],[81.4761457444211,41.454737901434164],[82.07509311439202,40.68989553663623],[82.42833069518815,40.00832749412523],[82.59132681968731,39.597915565606804],[83.1365630406948,39.07461207287633],[83.37166397378797,38.94527374873517],[84.12856276449327,38.62730325990716],[84.29990765683982,38.607240875721594],[84.9533305727835,38.589401569371574],[85.80734721683751,38.62705525926983],[86.86170226404931,38.53350008687131],[87.92431386527937,38.32847345505391],[88.69394367553684,38.15374862781312],[89.52911734236665,38.01925295517321],[89.94209638629428,38.34816989865841],[90.21346436312348,38.58298382069108],[90.81205262180083,38.74541336780624],[91.66630818210751,38.86739456831349],[92.57131508862261,38.899145952210816],[93.55773826334593,38.95787618966003],[94.40497911021492,39.078447388407575],[95.6483168914196,39.20471443200039],[97.47473853301074,38.979454384134144],[98.30355239004462,38.73767084807667],[99.621869846126,37.629896677830864],[100.22486023217988,36.69275055806155],[100.43574745307478,35.89853976396201],[100.51848997757497,35.12489232822566],[100.19446363940608,35.11397669583154],[99.78021348733927,34.99156083539639],[100.67221321690772,34.19423039609251],[101.27414094812661,33.65575114094244],[101.26252605244866,33.653845637254285],[102.08401545825598,33.55830895312345],[102.91284400721128,33.474536213329976],[101.76964616644591,33.59732418130802],[102.42425219522084,33.99484838567584],[103.09224904875958,34.37654919736287],[102.16763405767648,33.86870267137318],[102.3069066555691,34.550688251452975],[102.17969855985024,34.65031642855868],[102.05144489846771,35.26278236728167],[101.85866039531498,35.53658346951827],[101.63206616456853,36.214904319760414],[101.36158747300152,36.70905203577977],[101.08481078976189,37.36884520286148],[100.80301987523109,38.02660588210455],[100.51629737645749,38.69213301325728],[100.22990020083239,39.34886131683171],[99.96044347506415,40.002903757579745],[99.73933117016611,40.65841392553809],[99.59571038163222,41.32433089879773],[99.53414411258109,41.981848469485925],[99.5327042584853,42.64075329084873],[99.56294260787092,43.30125479022693],[99.60467631092251,43.97117829260923],[99.65002669088284,44.630437368672446],[99.69317536959181,44.984141334601766],[99.67689021176471,45.65462205220552],[99.84008321687406,45.32427562647072],[99.61413653948222,45.97585969124293],[100.77566743832898,44.847741452830455],[100.16987436082763,45.36441373550923],[99.55376357658321,45.87822720091642],[98.92700761598002,46.389074517741534],[101.2982188290328,45.66779269095685],[100.38013476579317,45.868189543049645],[99.45569294835025,46.061484141398026],[99.69320953697945,46.148468526968365],[98.7271774916303,46.203488932492725],[97.66563178406847,46.259453267586615],[96.60510855748515,46.314952653713334],[95.54451544062528,46.3701127104246],[94.48551162701301,46.42508587986686],[93.51480812682456,46.48106270853796],[93.29105183044226,46.49196323757806],[92.69086618083458,46.46671553721948],[91.64148216971114,46.35522522544175],[90.68010452975341,46.25750985580068],[89.63618839470791,46.148536498730635],[88.596325494636,46.03931189040773],[87.56045400017632,45.929819612295866],[86.5965873466672,45.83117181942863],[85.57560981044332,45.72595722880119],[84.55342881700744,45.619160271337876],[83.5283872762327,45.510925499111245],[82.57118323338648,45.41316456770986],[81.55783345072041,45.30996730901173],[80.54325581717893,45.2056756698918],[79.5323439319115,45.10106886106922],[78.59129488356683,45.00755590269133],[77.58504105825801,44.90587920238051],[76.58236773165993,44.80388461289581],[75.58323005029766,44.70154445473461],[74.64813987425049,44.610410156901],[73.65345649272894,44.51111864660351],[72.66223954962936,44.41147114972177],[71.53712028957699,44.29450294442168],[70.6035699962332,44.23254966000483],[68.10376462411824,44.369699034419746],[67.22366761108248,44.60498363977444],[64.84843172374136,45.50852711933577],[64.24840810805699,46.02827282511637],[63.63579204914248,46.544037410688105],[62.647917710274925,47.77328586916786],[62.31192802536492,48.39893513643658],[61.9317524787638,49.35493831258409],[61.65964706592828,50.28203179294009],[61.61853288719371,50.944031791275776],[61.69432808241953,52.13515653556674],[61.98324280533515,52.77239272572095],[62.2321862612512,53.41467520768127],[63.82461645090268,54.743446885023495],[64.70952361681137,55.16530018719569],[65.61090127895037,55.58212358079647],[66.52933177446536,55.99361620604846],[68.99372377145568,56.47294394255205],[70.17219385265173,56.6131911089151],[72.15153634862492,56.49299179806543],[73.8676540474303,56.03635085738117],[75.00058980266033,55.54130985891701],[75.9365119353943,55.13303641543827],[76.77351941394829,54.91882437162843],[77.22726898684647,54.86879371266316],[78.41981466679977,54.91187474447379],[78.72768461389126,55.10717443916298],[79.6378220472634,55.29196507042598],[81.2545999157328,55.524650154163325],[82.43208302968651,55.62125915420042],[82.27605566712703,51.44716212272321],[81.20729624141717,51.568001465873294],[80.56355594392767,51.64578017871954],[79.27298913647655,51.6761793993806],[77.42234475489437,51.82477054664803],[76.40791278854374,52.120219073126925],[74.8555800120534,52.62848131957193],[73.7168294263663,53.06371949342797],[72.71700173654725,53.36630490535428],[71.7854833363163,53.46557111814558],[71.27566991144482,53.41603738126187],[70.89894689242658,53.42283436467721],[69.77874297899697,53.39562454285843],[69.95092288333109,53.58664027695294],[69.10170901598309,53.15847483786291],[68.26838395604727,52.724989757841186],[67.45071743732859,52.286264427685445],[67.61459563497144,52.65308596890471],[67.37773267181737,52.00553808247157],[67.18864916861455,51.35048376994517],[67.3272664232527,51.22786664862772],[67.46687026631315,50.566493609403345],[67.69893490085474,50.203903127632515],[67.86986141959801,49.884626447585845],[68.3113153045422,49.279800734573406],[68.20021555999696,49.34076246437539],[68.9347874597108,48.87319872812105],[69.65509972114495,48.400585440536474],[69.02609455639515,48.90692261989491],[70.02360395222018,48.76712970004829],[69.27478957497686,48.85146984972464],[70.25455787057513,49.037347196274574],[71.01290154888312,49.22077767501542],[71.92098455160209,49.4263359806107],[72.8311857182056,49.6311163639723],[73.8108174174996,49.848524928724416],[74.72522441623218,50.056321215921535],[75.64187804569787,50.263305738591626],[76.56083242195979,50.469486395334904],[77.55561703745843,50.690333450605905],[78.47924495738806,50.89931834653067],[79.40530032469928,51.10745657306021],[80.33931182200303,51.3156866720451],[81.33917840052737,51.53817001665211],[82.27000009219972,51.74868745671153],[83.21098239393672,51.95948965184289],[84.1606816371434,52.16998798628623],[85.1791008320215,52.39404029948843],[86.12357521798793,52.60506739494748],[87.07081263584729,52.815162500983895],[88.02085061014856,53.02432039564958],[89.07001848351638,53.251270744084344],[90.02625805038019,53.462537683399525],[91.52409491292252,53.71723686478387],[93.4969600027901,53.90707829520168],[94.62839554483128,53.9601135810267],[95.65730447270454,54.0140107885179],[96.68452714953384,54.067119143161705],[97.71201834741942,54.11925680201514],[98.7385057944727,54.17028414999107],[99.87787168543036,54.221422086013774],[102.37884412102807,54.0346934528685],[103.49667511217609,53.92000978504935],[104.60843770667952,53.79591403324528],[108.74150299650967,52.04487354531909],[109.46411963189462,51.553783752603344],[110.17292845477505,51.0592210366794],[110.86838031208822,50.56132404422343],[112.44144205336306,48.10969183360127],[112.67707294749414,47.46670614416351],[112.88713767173317,45.81799334363257],[112.90710925620613,45.156284617850766],[112.85827005245562,44.18320157753516],[112.81851025845941,43.51147439073828],[112.7792678409063,42.85033681604051],[112.72914299874071,42.181105709973956],[112.6502767211025,41.51378003531102],[112.51466299375863,40.85190902513249],[112.30167668582021,40.207444770383965],[112.01241776118093,39.56087515556783],[111.67723031557836,38.91688840953487],[111.32747478141403,38.275679169614634],[110.97991888410053,37.64141759506843],[110.63715509362095,36.99735526265307],[110.30128813079278,36.35310097491948],[109.94578739646568,35.54419005682737],[109.58617003578252,34.91863192327658],[109.06395721749152,33.9167848829573],[108.59911709642654,33.2500372488372],[107.7390040415874,32.19741964086008],[107.18324271046498,31.705069377243994],[105.28654245300964,30.321844557287374],[104.53641144514899,30.15848796919984],[103.78328106723416,30.000366276936063],[101.29103673022075,30.15355880618223],[100.66381675532375,30.598281042956135],[100.02218673949193,31.02108643647309],[98.95474520724383,31.999339383469028],[98.51481664066534,32.483105301810006],[98.19847949706588,32.551618954038126],[96.78756257929001,33.40710526745279],[96.07092709992486,34.664128362386805],[95.89451294990715,35.21151500867826],[95.80135261532462,35.73720483466624],[95.66559754594664,36.005548112259916],[95.99906297813914,35.96065747710301],[95.409625459692,36.46159845707503],[95.60042786681669,36.513242025882406],[95.14115047559204,36.63170212420959],[94.3452232789785,36.439099340635636],[93.71036023681876,36.11277626429652],[93.01354615116713,35.72251134926843],[92.28022834791722,35.40571606806805],[91.27005051854724,35.23748898425489],[89.92103296795034,35.32988954304906],[88.69137156251725,35.7374576509429],[87.91992207264798,35.979883551684566],[87.09040599434354,36.206085823511316],[86.51611425327076,36.308303548681074],[85.8920378992517,36.36067914817321],[85.06332539140851,36.35117109512163],[84.04516672836996,36.41331326850471],[82.64192464554719,36.71537863980363],[81.95549170971094,37.09906320579458],[81.05506957854709,37.92833230034006],[80.61312798585641,38.50355612758692],[80.14111599975422,39.337036504789474],[79.83351055243168,39.896495726195326],[79.53055290442956,40.27380035174964],[79.67485904524813,39.92009527293828],[79.61372423497181,41.80806492898328]]]}},{"type":"Feature","properties":{"window":"1997-2001","pathway_id":"1997-2001_P01","rank":1,"pathway_color":"#1f77b4","associated_events":11,"data_start_km":181.42,"data_end_km":9804.77,"data_path_length_km":9623.34,"median_width20_km":128.97,"median_width50_km":165.34,"median_width90_km":241.58,"guide_rail_offset_km":100.0,"mean_bearing_deg":102.77311383311479,"direction":"E","directional_dominance":0.9135802469135803,"transition_probability":0.6371252204585538,"feature_type":"containment_envelope","containment_level":50,"fill_color":"#1f77b4","fill_opacity":0.35,"draw_order":2,"outline":false},"geometry":{"type":"Polygon","coordinates":[[[79.62904102214628,41.35861595543333],[81.00661795659266,41.17657521348234],[81.53656240978853,40.50506837511473],[81.87966259062023,39.85278130403888],[82.11466744074568,39.34054735940487],[82.60558591494106,38.789426246412454],[82.98137884707569,38.44758194261338],[83.73698117999174,38.135322006401175],[84.24315196905775,38.128613026798384],[84.97613020105246,38.13936770912688],[85.82466414889507,38.17683989298047],[86.79051252739453,38.086583354049964],[87.75140062826915,37.89940353375488],[88.5358744242447,37.72125482754126],[89.34971152244384,37.54380797806514],[89.93531488055669,37.48430936308204],[90.57312023490408,37.47695532111575],[91.33436623430237,37.59219337001303],[92.12919273084992,37.8169409989168],[92.93129983125607,38.04075048858817],[93.77861169408419,38.26719586934128],[94.57852159130016,38.51461918914202],[95.63780376099993,38.68381786660498],[97.06964426331939,38.50429697009203],[97.78029249055857,38.132574999050654],[98.58346570249955,37.22581641540584],[98.9389940305661,36.43723168176714],[99.0210777989891,35.70737275768229],[99.09897212160519,34.99929831168085],[99.13902184301719,34.60634747282968],[99.33897757916992,34.33117104383171],[100.14374049077173,33.78708408359032],[100.74534126346867,33.28966454324824],[100.99904269920842,33.113455370996846],[101.81053625293595,33.01055686464575],[102.63110644508743,32.923526869563474],[102.08938914002539,33.04464679064919],[102.75090140134762,33.42189714659614],[103.43990049997183,33.75705563797009],[102.9990350957217,33.53294985426851],[103.27124254970886,34.16139915539315],[103.37943668465277,34.42114274656597],[103.42962779926717,35.03770536850357],[103.4310799294849,35.45746343915956],[103.38597650550008,36.1285946316085],[103.29913873913534,36.69650818295857],[103.21042509600056,37.36097952701558],[103.10037183000782,38.02498473061485],[102.98176078242199,38.69363166405696],[102.85643170599036,39.35777158942432],[102.71707661309108,40.02059368541099],[102.5643574346069,40.68377480746428],[102.42730731874951,41.35160011688538],[102.34675474251253,42.01335165173091],[102.33078097004784,42.67481921685444],[102.3535252793522,43.33666431504072],[102.39015511046534,44.003752774700885],[102.43005483845303,44.664587522916804],[102.44679885121434,45.14792222129212],[102.42578309871482,45.815265319592555],[102.43031705346232,45.89220492349062],[102.19705585668532,46.53982642329831],[102.68847717365702,46.11387264665747],[102.06083389865825,46.6223296886207],[101.4223077807082,47.127792483549605],[100.77255414596891,47.63014715432123],[101.87936542534419,47.35806575741092],[100.92658102088598,47.53729266483468],[99.96718757465305,47.70772135065165],[99.71117240701454,47.80189595236827],[98.71562597066452,47.82920417972318],[97.66186859417053,47.857455810131626],[96.60867663025527,47.88509927235812],[95.55537930634887,47.91226605546508],[94.50299190130801,47.939113721815076],[93.50500198076458,47.96684037976376],[92.97296108959978,47.93265629620931],[92.21527931917382,47.85772852016994],[91.18450127433476,47.71993097713177],[90.2096225995158,47.59064214601321],[89.1844104608611,47.45525421866032],[88.16296130953435,47.319465312240716],[87.14521551231854,47.18326453155768],[86.17387625282475,47.053724560576015],[85.16747149047808,46.92112268439087],[84.16153452236375,46.78714020768339],[83.15491848719836,46.65199394949758],[82.19250548254581,46.5234805184085],[81.19496957413662,46.39288437717686],[80.197696208622,46.26137575513151],[79.20378258365037,46.12944343434628],[78.25590689922308,46.004789679784324],[77.26660921994267,45.87576082977037],[76.28057189656516,45.746317902591954],[75.29774504929145,45.61643843530333],[74.35771810806784,45.49442203981188],[73.37924731326905,45.36759084871422],[72.40389931807258,45.24032465072349],[71.33956682532875,45.101823103858614],[70.40083231213501,45.00940844799578],[68.40592919788753,45.0992899135372],[67.50406839870959,45.308776073715876],[65.59022933323192,45.98548294580726],[64.96040760062823,46.48969116059369],[64.3177472595168,46.989636909033294],[63.49360281488006,48.02010825974783],[63.12573106427112,48.63720252476514],[62.76675118714803,49.49632203072965],[62.489238260800164,50.339769109463],[62.414026361474015,50.999618036404165],[62.454540137834925,52.0431321700513],[62.70890027855228,52.684664858369494],[62.96822883637475,53.32595130258251],[64.34786098955874,54.41400861120833],[65.23179621811755,54.83226696874014],[66.13187003453413,55.24546458513593],[67.0486396486545,55.65330226207454],[69.12687816474366,55.993303504087],[70.31996928310801,56.017497422234875],[71.95789938136545,55.840981857419926],[73.38686177323405,55.47013640860359],[74.51627381158818,55.100027914273575],[75.51676963592564,54.75840367267079],[76.42482814199315,54.52066424615334],[77.09010430656156,54.42840185460921],[78.27026706150104,54.47257138210736],[78.80491884671306,54.66072173459947],[79.77756640565701,54.784728142357906],[81.24777695292454,54.882728279476716],[82.40402639992101,54.893647297424],[82.30248928169544,52.17518676179315],[81.21578183700058,52.21027015080138],[80.4446527124997,52.154304991816545],[79.20779794899943,52.12325607584763],[77.55741906098109,52.264919817176605],[76.53380050282863,52.56121731133183],[75.17735438312144,53.03024671789931],[74.10680302442958,53.4433783063663],[73.16600312283612,53.81327908638242],[72.22662234259826,54.03654685993218],[71.45383906644142,54.06870233136645],[70.77437686776818,54.01985812848859],[69.66624959529963,53.87654062156868],[69.48321377179107,53.939645640188],[68.63242525678791,53.50833198361798],[67.7978369536794,53.071726126213406],[66.97920199445122,52.62991020826711],[66.9003702846523,52.76945089681683],[66.67334720865918,52.120980303043524],[66.45068197736879,51.47229613839267],[66.52359610501557,51.2039838620078],[66.62894460692763,50.542591444893304],[66.83955881296245,50.09601620581546],[67.01564834035725,49.677363027580874],[67.4239917422033,49.06598878021647],[67.45872811303951,48.91532728340828],[68.16055471763647,48.43357296829148],[68.84842471022924,47.94710448536226],[68.71659752364894,48.20544481065272],[69.6886770406397,48.04034892538916],[69.51931022771774,48.07868083477018],[70.49407668068972,48.23391457257843],[71.32306202301558,48.39746764698799],[72.25051336227475,48.5758168334492],[73.18055167031372,48.75348023579161],[74.15566108756639,48.93974732423529],[75.0901002335554,49.12041533460069],[76.02723543685613,49.30037363584617],[76.96711674599646,49.47963497876988],[77.95501718023712,49.66897216792827],[78.89968567933329,49.851045113047775],[79.84721184464439,50.03238854072143],[80.80099585175225,50.213587428258414],[81.79565727317043,50.40495085642517],[82.74941291508708,50.58899049224392],[83.71078233431467,50.77296074822263],[84.67890498538907,50.95635855461125],[85.68908559269522,51.149016110502444],[86.65628670698527,51.33371682108677],[87.62666595759862,51.517633858416346],[88.60026590637477,51.70076742405807],[89.6333740407976,51.89536251322338],[90.61304851187242,52.080671030452514],[91.91375922530688,52.28088960191286],[93.49369889249505,52.42280431774748],[94.58730391929271,52.447805319103765],[95.62143569353975,52.47360300856011],[96.65463541006858,52.49873407489448],[97.68803315440744,52.52302607952284],[98.72090085950003,52.5463414331487],[99.81805266777178,52.570141817959374],[101.67879686185722,52.40666002627071],[102.74699638265031,52.27158783734959],[103.80937241925687,52.12897863380891],[106.51450674953355,50.95080062698978],[107.21354269432959,50.456041334185905],[107.89955200975214,49.95795142036764],[108.57295525332893,49.456661200844195],[109.68775421743953,47.788024773927134],[109.91823068772464,47.144015210737116],[110.12547934240831,45.910624958073015],[110.14027441995887,45.2482916188158],[110.11174599458695,44.40410163922521],[110.06685872375346,43.73628971850021],[110.02128855473228,43.07466579108136],[109.9637216577276,42.408559069475416],[109.87036382658351,41.744460841598766],[109.71547721538741,41.08469261779161],[109.50674049584336,40.43419826898839],[109.28390068887711,39.77942173334735],[109.07637907381468,39.12277315815139],[108.88487191366073,38.46599406021168],[108.70197537722106,37.81276532875404],[108.5286170554864,37.15398224379218],[108.37849045223601,36.49411802440093],[108.21662772648477,35.73864088813849],[108.0340292067151,35.08918632435385],[107.72343137529606,34.21316139104118],[107.43316396567042,33.53655288287024],[106.81854108156642,32.624034891992984],[106.38662029794938,32.07114334294066],[104.96083998557691,30.94528024670945],[104.22952242493955,30.735135217834976],[103.48172953748121,30.556581945089597],[101.55051652216491,30.709871143415334],[100.91838230865346,31.150419411950423],[100.26979437580258,31.56505878699828],[99.46580985626923,32.3757269377044],[99.02507652390636,32.89966386093485],[98.6176877865779,33.218147488306066],[97.80991729486601,33.9402718150368],[97.47868536543456,34.83140035920714],[97.29116599777524,35.44559715958238],[97.06328081541301,36.03194682949762],[96.66902113372419,36.43956110425337],[96.48904615636468,36.575871682546776],[95.79031386464732,36.94397626141213],[95.60848594281867,37.03435650920141],[94.97506229105613,37.196304575155615],[94.13377892154199,37.13080825104471],[93.36737525844944,36.97351857636499],[92.57464364507513,36.7764777002183],[91.78637238861046,36.5632775714672],[90.93010503073401,36.34586670893633],[89.9263250725403,36.19407002976419],[88.86168854489489,36.214225681172714],[88.07032458877228,36.41345168362067],[87.25524345802125,36.63635678068681],[86.58383929386196,36.75553506427244],[85.87568850848936,36.811046552629676],[85.04186710436755,36.80136692949536],[84.09961581406935,36.89215666840086],[83.01859030674927,37.211214955380186],[82.33159927879382,37.60030773484274],[81.57329904809137,38.22088004958253],[81.07850511791514,38.767273705686186],[80.68157832053078,39.50112123008481],[80.36239584199222,40.08944222424705],[79.98755193223633,40.55794914901554],[79.66105070853263,40.36967909393299],[79.62904102214628,41.35861595543333]]]}},{"type":"Feature","properties":{"window":"1997-2001","pathway_id":"1997-2001_P01","rank":1,"pathway_color":"#1f77b4","associated_events":11,"data_start_km":181.42,"data_end_km":9804.77,"data_path_length_km":9623.34,"median_width20_km":128.97,"median_width50_km":165.34,"median_width90_km":241.58,"guide_rail_offset_km":100.0,"mean_bearing_deg":102.77311383311479,"direction":"E","directional_dominance":0.9135802469135803,"transition_probability":0.6371252204585538,"feature_type":"containment_envelope","containment_level":20,"fill_color":"#1f77b4","fill_opacity":0.68,"draw_order":3,"outline":false},"geometry":{"type":"Polygon","coordinates":[[[79.63651719338759,41.133875514489134],[80.77334410642834,41.03677621389891],[81.26842544406043,40.41168882199213],[81.60628208357383,39.773994880622226],[81.87767480600911,39.2111038482756],[82.36951204548211,38.661057341062524],[82.83236756094215,38.255353986204994],[83.58653346574539,37.94411246922779],[84.21679465803646,37.904363389183736],[84.98739786375074,37.914335301015576],[85.83322855720496,37.951717931943726],[86.7552593632347,37.863094457795775],[87.6657454077112,37.68474981663915],[88.4575862208797,37.5049038014515],[89.2691759521013,37.328073324977034],[89.93364926017142,37.25912565614509],[90.65742191953365,37.21285964394246],[91.44948881137219,37.332881764855216],[92.2435565167442,37.55260190917902],[93.0454734342594,37.76424261306076],[93.87521406840057,37.961262267119295],[94.6990706322452,38.118269131654486],[95.62877893461183,38.21029497686141],[96.71561372095164,38.08169285420797],[97.43611975777742,37.726599624826484],[98.12164181719692,37.041090984696794],[98.55620621123285,36.35767808202898],[98.71951211175531,35.663965749230044],[98.82860873377837,34.97310588675028],[98.9069746733299,34.49223121196265],[99.20993271624656,34.13512527260023],[99.94877450916249,33.63493757166504],[100.5228995322276,33.13365639085909],[100.87056087421394,32.8463372808089],[101.66344555745411,32.711680309618686],[102.46842466180965,32.60055842939156],[102.28201710875197,32.70831274044391],[102.94521484691893,33.077522304469724],[103.63008458051439,33.41449188472721],[103.39099670190592,33.371553109945424],[103.64705564407234,34.00641729656798],[103.76526890771743,34.344306001670844],[103.79733071143721,34.974436041301786],[103.78299911795148,35.436513752823295],[103.71649155019207,36.109048109370946],[103.608065165033,36.69121359561687],[103.49718239028556,37.35665110082176],[103.38434584473629,38.02134020992319],[103.26849182271837,38.690119401029165],[103.14598380367363,39.354831484348686],[103.00952459943124,40.018351747881646],[102.85978447824192,40.6821942215328],[102.72581829878868,41.35021264353214],[102.6484118588923,42.01247216867826],[102.6356745674803,42.674271010839355],[102.6617540528797,43.336303708948925],[102.70184696420358,44.00311254719129],[102.74528542190859,44.66415987990968],[102.76405581179318,45.16243501523283],[102.74682999366848,45.82965576348537],[102.73958707642561,45.95522690808603],[102.5098385445126,46.603314252593414],[102.92700007940493,46.26513581612213],[102.30009463297677,46.77485088819344],[101.66225414430983,47.281591531927624],[101.01312924137505,47.78524389114579],[101.95754458874598,47.575388617571285],[101.00161363426605,47.75645207114546],[100.03935925475639,47.929966487900295],[99.71437448644554,48.0316704645607],[98.71448618649629,48.06154575575154],[97.66181489858258,48.09236629733888],[96.60970297498534,48.12256594305094],[95.55754500463638,48.15227563725199],[94.50625297282949,48.181652430612694],[93.50365145971841,48.21189788728549],[92.91749051779169,48.17731813792575],[92.12972907677727,48.100977787544444],[91.09979499507546,47.965860455268924],[90.11972745318053,47.83826747606266],[89.0954017954503,47.70554978385675],[88.07488937477734,47.5724213454186],[87.0581327149315,47.4388708782195],[86.08236774597827,47.31109587004049],[85.07622147827817,47.181003183289704],[84.07100095163673,47.04958719760735],[83.06572456555858,46.91708746702665],[82.0989813087159,46.79029276850366],[81.10222397959672,46.66222743345176],[80.10623523306867,46.53331054950265],[79.11367327786434,46.40395753538424],[78.16056651293081,46.2808154071575],[77.17268423148266,46.15435155503777],[76.18813452432602,46.02746058716073],[75.20687000929709,45.90011968101632],[74.2616015702782,45.77955022055407],[73.28476420586617,45.65524249715884],[72.31112971309369,45.530485853792285],[71.2654384192353,45.39678865136195],[70.3214221482695,45.30589991267448],[68.52823349190962,45.39059173352288],[67.62286978422043,45.603109611113254],[65.91947002234872,46.19347967103958],[65.29239331282804,46.70115004026262],[64.65237419750775,47.20461037695836],[63.929240934765176,48.144180582228394],[63.568701923615265,48.76382906987003],[63.24689727077981,49.57473932446321],[62.994510166740355,50.37212132742094],[62.92995597314902,51.03287301198317],[62.97842187815681,51.97667691705886],[63.243976196727345,52.616958763515996],[63.5148520162528,53.25695401881163],[64.73497651078839,54.16508330337761],[65.62079884522848,54.57887247505492],[66.52225535334384,54.98770167835681],[67.43836645454513,55.39230229614363],[69.21602310357488,55.66329715439751],[70.39377544844552,55.71067599515425],[71.88015622855909,55.574735534249484],[73.19505975752122,55.23978535500978],[74.24713449071447,54.85026213067296],[75.19603313428524,54.46701751409369],[76.13725987955308,54.18634526286649],[76.96340126079957,54.014662288181086],[78.10295719537385,53.971464528191696],[78.90333100310295,54.074254133465416],[79.93816828433296,54.18394658218428],[81.24094304144859,54.270338321630106],[82.37905848042533,54.23726829888363],[82.32658435629844,52.83178861282971],[81.22359938638567,52.82286578083612],[80.29997060597924,52.75607078311309],[79.11970559608909,52.71025875167903],[77.71410877174247,52.76664756167082],[76.65384234570064,52.9753151652153],[75.4511481868646,53.36641048252763],[74.41359673373216,53.73711817017281],[73.42321939712895,54.06496639705122],[72.40876188790256,54.26805798628026],[71.52766658536649,54.3351145385261],[70.70834450320348,54.32712525573989],[69.58686474009835,54.20714969024591],[69.12114526153744,54.207445806824815],[68.26992879291242,53.773213563814195],[67.43681691785878,53.33253060678704],[66.62011947490336,52.88653146609259],[66.36560044367903,52.85345232280012],[66.14983734845589,52.20374215526557],[65.93808636085203,51.55385097851621],[66.00378955508768,51.185746791678476],[66.11996785145772,50.52526540205066],[66.34922499633441,50.03158501180708],[66.5567607534258,49.56293829147189],[66.97285449490647,48.95419350785704],[67.10313636374815,48.707451235983996],[67.80777198450534,48.2293927836582],[68.49857318985869,47.746561247693315],[68.58900980369651,47.91181030713333],[69.5569383054862,47.7498563982397],[69.61021088525598,47.78330880172666],[70.57923925209198,47.93997146218361],[71.4288757868801,48.108702072747334],[72.35834159071158,48.28960152573128],[73.29030970930523,48.46982786322202],[74.25972743063386,48.657425642459806],[75.19601126650286,48.84066721938802],[76.13491173812872,49.02321119816504],[77.07648134588493,49.20506995151296],[78.05862639471854,49.39579504591094],[79.0049047691698,49.580475334391224],[79.95396902719585,49.76443724246486],[80.90872326743175,49.948181639941666],[81.8985700374667,50.14115513249907],[82.85392480668224,50.32786702328308],[83.81618808115911,50.51441462769139],[84.78468279927864,50.70032098123557],[85.78986712900797,50.89462794558593],[86.75826655230622,51.08199381655586],[87.72978759493975,51.26858506129039],[88.70447512955752,51.45440153638207],[89.73162888427021,51.65055432030175],[90.71233317143589,51.83855217153355],[91.97780096508757,52.036749246048274],[93.49352981479893,52.177922761882385],[94.58137853248957,52.20546181156119],[95.61653036903499,52.23378584200406],[96.65080797445307,52.261456011859146],[97.68521845936499,52.28829990225103],[98.71911207522743,52.31417903750716],[99.81076575658682,52.340578032674784],[101.58873442094341,52.18614298354441],[102.65321336654358,52.054337183309215],[103.71150910858006,51.913764335219085],[106.2397531836009,50.8088365045516],[106.93987166156228,50.31560450363774],[107.62702448660775,49.81901535345471],[108.30162622376417,49.319199525899414],[109.36046685668566,47.74501983401446],[109.59484125611556,47.10143269892],[109.80337768724621,45.91706047582787],[109.82194085531393,45.25452316233884],[109.79920856787408,44.42493353175752],[109.75784969070207,43.75724663177674],[109.71561086908741,43.09525381286619],[109.66134463948663,42.42916630834382],[109.57117349910754,41.76502773249899],[109.41934212486007,41.10505591199607],[109.21346874687265,40.453757980033686],[108.9934725378817,39.79856540513158],[108.78873592629299,39.14162117085035],[108.59993483041899,38.484509256727776],[108.41962428229988,37.830561091202675],[108.24342381712586,37.17190142246317],[108.07116976128407,36.51336425512779],[107.88931902349589,35.77217048750287],[107.68525060118975,35.12427385655972],[107.36274861234762,34.289705752019074],[107.05498877899618,33.626372016703776],[106.45491848952071,32.78938087033888],[106.00644918687777,32.242813309803665],[104.77936569875737,31.289408296726396],[104.0437204571412,31.081102050534632],[103.29691452024338,30.894435605657492],[101.70430911926684,31.034957377348743],[101.05880392171764,31.450842554698117],[100.39347696696967,31.833259721447003],[99.68382834198053,32.53430377888341],[99.21621612269945,33.05378751612226],[98.74336803198469,33.415130861925796],[98.0385590902423,34.057015366132234],[97.74804903305494,34.86113360309517],[97.59097408735545,35.49318779605011],[97.44266862002416,36.11706771974573],[97.12305546252907,36.630948396281866],[96.82143484348211,36.985429598123694],[96.13229922348194,37.37014343555654],[95.61630244471598,37.507986716062675],[94.85707684427848,37.59292093974844],[94.03907223997868,37.43694867499571],[93.25544503033973,37.25033617470655],[92.4625131926494,37.04114394079956],[91.67349881768155,36.8229323076757],[90.84762308871723,36.61017931884512],[89.92779889378028,36.41929497337824],[88.93968294895467,36.43033026466063],[88.14621058522368,36.63013934296117],[87.33839907002186,36.85138225314647],[86.6180138760725,36.979121975299186],[85.86742782730028,37.03621626294192],[85.03101671510996,37.026449746458574],[84.1253356941138,37.11646589318241],[83.16604999881037,37.40319671379117],[82.47795415810003,37.79320132210702],[81.8064515193584,38.3509358618692],[81.31250072920881,38.8984036574332],[80.95277875824866,39.58217573609192],[80.62797033467444,40.1849784651365],[80.21749774193779,40.699338059013634],[79.6539750946335,40.59445535389646],[79.63651719338759,41.133875514489134]]]}},{"type":"Feature","properties":{"window":"1997-2001","pathway_id":"1997-2001_P01","rank":1,"pathway_color":"#1f77b4","associated_events":11,"data_start_km":181.42,"data_end_km":9804.77,"data_path_length_km":9623.34,"median_width20_km":128.97,"median_width50_km":165.34,"median_width90_km":241.58,"guide_rail_offset_km":100.0,"mean_bearing_deg":102.77311383311479,"direction":"E","directional_dominance":0.9135802469135803,"transition_probability":0.6371252204585538,"feature_type":"guide_rail","rail_side":"left","line_color":"#111111","line_width":1.6,"draw_order":4},"geometry":{"type":"LineString","coordinates":[[79.61527803216461,41.76312195282895],[81.42901320355833,41.42700847832057],[82.02110475815238,40.6715293783603],[82.37334985070561,39.992895033696094],[82.54349979137442,39.5722705615015],[83.03270690375149,39.019215273211046],[83.2516226978492,38.79308455985863],[83.97760819608868,38.43861496279227],[84.27613241409875,38.40744707632561],[84.96446213639092,38.37056132338669],[85.81632413104137,38.39449458731787],[86.82680305340892,38.31514052949064],[87.84282005316271,38.12695936062776],[88.61307415048663,37.933202536021895],[89.42434907297798,37.74246372272823],[89.93725666374854,37.73997303472183],[90.47415697244196,37.78462308812029],[91.18437641956274,37.92724859129981],[91.98444538507829,38.14876706585952],[92.79702089728147,38.36331946748856],[93.68140474342493,38.572673958378985],[94.51223598747788,38.73091692672863],[95.63926210541428,38.757945460655286],[97.04556154467002,38.47576810258817],[97.75389705667237,38.10166574328417],[98.61935815864592,37.24004301407218],[99.07109828177943,36.46431355563698],[99.23579930384938,35.73770907841709],[99.368990341872,35.02473057354057],[99.39858613859332,34.732918316910755],[99.49065925684374,34.559916017036805],[100.3596493611679,33.95434962620801],[100.91346789391315,33.406785892072094],[101.0254488111342,33.168059581032864],[101.7591641434907,32.90651513645873],[102.48825113214218,32.64010980344926],[102.33560408306249,32.61429719730234],[103.04759258520625,32.89501912722477],[103.7647671573468,33.17033155883792],[103.75334049934202,33.22056924942712],[104.10251705896547,33.816110979518776],[104.37067014754928,34.22064958428128],[104.52571715043774,34.84507874830945],[104.6470817128772,35.380032360114896],[104.70702102124557,36.04421754472366],[104.72897851340099,36.66438805130071],[104.7496600565243,37.328633265416144],[104.7710603865138,37.99265031629339],[104.79297264665132,38.65853715018742],[104.81535381492375,39.322680036082495],[104.83843066749517,39.98640272787293],[104.86228436417832,40.65034615355916],[104.88691022083515,41.315913962208626],[104.91192974499467,41.9795502787897],[104.93783737263834,42.64310365704876],[104.96469396533035,43.306716050121324],[104.9924441154613,43.971944680485635],[105.0205777708432,44.63509702466728],[105.01673897888679,45.23974498799969],[104.9837583715364,45.90469448637452],[104.86824987000182,46.361955151057906],[104.62101589102969,47.0053386528007],[104.52593222045829,47.242978168107435],[103.87166069821177,47.74131372581431],[103.20590645312114,48.23645863369542],[102.52831135227058,48.72829090455034],[102.44609946432695,48.88341679397377],[101.45770932819607,49.04034283327016],[100.46343913518103,49.189303541140454],[99.73519316990519,49.29158885252142],[98.71070760969337,49.292617459602354],[97.66366467182013,49.29451698868011],[96.61676268218162,49.29568002812851],[95.56973177338762,49.29624285841992],[94.52297687047269,49.296368673701615],[93.49862676842588,49.29729557533188],[92.6758488211907,49.22072067719757],[91.77078547822134,49.09898168437706],[90.75808751656137,48.93618431044776],[89.77134186453031,48.77700130929166],[88.76430119611388,48.61652442930939],[87.76071678492849,48.455508649427586],[86.76053094911322,48.29394822160191],[85.78311807667916,48.135187390258764],[84.7909889645806,47.976608156066874],[83.80083517321879,47.81683560074713],[82.81196065736304,47.656150987580155],[81.84571096843331,47.498583666981155],[80.86350688898358,47.34200904336189],[79.88287595725501,47.18468715809286],[78.90527890859732,47.02684119457419],[77.95225211517425,46.87281913516685],[76.9792010721842,46.71785798203688],[76.00906942724339,46.56239344925614],[75.04180215079026,46.40640790748032],[74.0984687612409,46.255298576773804],[73.13542674771088,46.102365411301214],[72.17514236458345,45.948923511885944],[71.16504202006786,45.78961178319917],[70.22273069915582,45.66849032890466],[68.66588461338154,45.715688005532854],[67.74389028630915,45.900584071185285],[66.2201267434686,46.38145594194947],[65.56136787752104,46.870772887305804],[64.88956565257192,47.35553841481489],[64.19391262324024,48.21854957047939],[63.79443327745358,48.8275319000821],[63.444983701119526,49.60648143009681],[63.15481867506921,50.38194195283678],[63.04548619455571,51.04001899659762],[63.04737921600463,51.96774391817228],[63.26603855773956,52.6141118110327],[63.48868793377699,53.260317207788766],[64.68267186347828,54.198978593720454],[65.5348273798025,54.635272325844035],[66.40365557184322,55.06651504411389],[67.2895946567483,55.49250972390443],[69.17432815165796,55.818558316727845],[70.34726264008017,55.90477785052039],[71.95605807804424,55.83470568015103],[73.46192698615656,55.55958877346566],[74.64260869363147,55.216143467000876],[75.62394936228662,54.85478194195056],[76.47226365614483,54.57529148202831],[77.07401904563346,54.37624753310988],[78.1949953163354,54.24839373248968],[78.86823398817785,54.285727930301114],[79.89221731184466,54.35783569989173],[81.24291637993394,54.44434684742254],[82.38644455724489,54.432293491801836]]}},{"type":"Feature","properties":{"window":"1997-2001","pathway_id":"1997-2001_P01","rank":1,"pathway_color":"#1f77b4","associated_events":11,"data_start_km":181.42,"data_end_km":9804.77,"data_path_length_km":9623.34,"median_width20_km":128.97,"median_width50_km":165.34,"median_width90_km":241.58,"guide_rail_offset_km":100.0,"mean_bearing_deg":102.77311383311479,"direction":"E","directional_dominance":0.9135802469135803,"transition_probability":0.6371252204585538,"feature_type":"guide_rail","rail_side":"right","line_color":"#111111","line_width":1.6,"draw_order":4},"geometry":{"type":"LineString","coordinates":[[79.67349855975584,39.965055526366335],[79.5760802273781,40.30229679491449],[79.88626322599401,39.915902178112646],[80.19504561375174,39.35356295368203],[80.65950953499339,38.53001468194191],[81.1557665890507,37.98555368868927],[82.07007600487896,37.25261988181568],[82.78592399217285,36.90586457633648],[84.06782234215848,36.61321168292859],[85.05293054980564,36.570100291576196],[85.88362076241378,36.593327769805576],[86.54910264234093,36.52683669989234],[87.16759513340344,36.4082401055563],[87.99640432441049,36.20104441892966],[88.79026423323182,36.01510217870614],[89.92469945177066,35.938338400697106],[91.02554744322333,36.03777923958654],[91.93120546900428,36.227435599102705],[92.71442804010064,36.44392464681225],[93.49704923747134,36.6503138475261],[94.22769686292861,36.82497134900563],[95.03901754311522,36.97976477556672],[95.60730493909125,36.960204289022556],[95.81329840341789,36.972829991794285],[96.5142483518419,36.60714371643405],[96.63393676957895,36.424643325465006],[96.9327496755588,36.00228877983845],[97.07814455610423,35.41121366559939],[97.21006307790213,34.80102335093195],[97.55583274212262,33.80947286692515],[98.47176423538883,32.98779788632808],[98.81523662597772,32.72926218551673],[99.30222801412532,32.25596613261184],[100.24461707233036,31.510177321114654],[100.96714122005756,31.25506715431114],[101.68540681147158,30.99518582956923],[103.24507230749725,30.988790500809262],[103.94483315880507,31.264258077079432],[104.64940772362047,31.53441716631796],[105.65233495239318,32.40096586899374],[106.01046939880479,32.98904691786416],[106.4584119527317,33.764983870119565],[106.64445038760095,34.43813050657131],[106.82669157219732,35.20560575731993],[106.90560262586774,35.86669348763822],[106.9543456298876,36.575692136255384],[106.99569917982194,37.241184820512004],[107.03835930018579,37.90672278831774],[107.08193528536287,38.57023505264408],[107.12676003024018,39.23531365247043],[107.1729566004368,39.90062318890921],[107.22056404803698,40.56551972474946],[107.2694451115562,41.22860715174156],[107.3196436846984,41.89344318446009],[107.37147853738514,42.55815383106859],[107.42502407732599,43.222592764974124],[107.48006083925236,43.88521573437187],[107.53657657085955,44.54972259457964],[107.56427626821142,45.27300195514672],[107.56164730560528,45.936642302640294],[107.40296547954381,46.786030159193864],[107.18543531450712,47.43298753771959],[106.5610265678257,48.40087889259791],[105.91430319380709,48.91012226965227],[105.25566435144236,49.41635756803095],[104.58470944794988,49.91946341030382],[103.14412878221617,50.61418081726414],[102.12383036906107,50.77790806475233],[101.09684183190859,50.933357398189145],[99.77493812737367,51.081435743478785],[98.7124616991722,51.08374712329497],[97.67347392162355,51.08678667945978],[96.6343923510558,51.08897352913595],[95.59548758641495,51.09044220306296],[94.55632352820112,51.091357482779365],[93.49395987851136,51.093058464911785],[92.24447600509313,50.99487109652607],[91.1100203541107,50.84373798448977],[90.110219530969,50.68328383089457],[89.0904398711483,50.518974935013006],[88.09659083712762,50.360765211053945],[87.1063142999912,50.201910489597616],[86.11956471204576,50.042405455868895],[85.11606234811393,49.879233195265925],[84.13201992599608,49.721694624077216],[83.15306489730494,49.563362530265415],[82.17956825176287,49.40466843711517],[81.18896172333058,49.24256163539981],[80.21809389374414,49.08717973294004],[79.2520517505028,48.93145916979809],[78.28923685421648,48.77511189192107],[77.30671950383527,48.61534995461198],[76.34877132227018,48.46182140455519],[75.39395478847467,48.30768853947032],[74.44222490696296,48.15293398156963],[73.4703884175535,47.995912940138744],[72.52321079864464,47.844150421134565],[71.57903078694335,47.69178035400643],[70.69076898448515,47.5481800697009],[69.7196164633711,47.42176227032475],[69.41120813773034,47.425453180325164],[68.46112981146183,47.614881607178404],[68.18336629414222,47.56384552773016],[67.52567542256458,48.06436146150281],[66.85428356144229,48.56047021055921],[66.70071344639655,48.88573906806121],[66.3245432723547,49.50420611801447],[66.14774412023493,50.004501254432526],[65.9587004458761,50.51933245397402],[65.88754468452532,51.18136813667605],[65.8703665569198,51.56443910419461],[66.12817614497061,52.207111136158105],[66.39128239676609,52.84947902907856],[66.6691595019177,52.85174005561555],[67.51740037106129,53.274704145006005],[68.38106470703468,53.69249523711619],[69.26050836873009,54.104925327441144],[69.62441888056051,54.05163280923508],[70.7502686043673,54.13276030556557],[71.45557208607642,54.07498309564103],[72.1563146611914,53.94652328874795],[73.04719004190278,53.69595123497047],[74.0060037231008,53.345922870776256],[75.13293352486141,52.97521571976275],[76.54883654393603,52.6134280622911],[77.62716587983084,52.48942045343019],[79.15179916146599,52.49862919113224],[80.3422872239579,52.58195693803742],[81.2214061802851,52.64881125023789],[82.31939938672679,52.63671202009653]]}},{"type":"Feature","properties":{"window":"1997-2001","pathway_id":"1997-2001_P02","rank":2,"pathway_color":"#ff7f0e","associated_events":10,"data_start_km":0.0,"data_end_km":880.59,"data_path_length_km":880.59,"median_width20_km":30.0,"median_width50_km":55.0,"median_width90_km":120.42,"guide_rail_offset_km":100.0,"mean_bearing_deg":11.166744400463848,"direction":"N","directional_dominance":0.7380952380952381,"transition_probability":0.5559732664995822,"feature_type":"containment_envelope","containment_level":90,"fill_color":"#ff7f0e","fill_opacity":0.18,"draw_order":1,"outline":false},"geometry":{"type":"Polygon","coordinates":[[[2.5082937768092677,10.514301010527392],[2.930312706644031,10.337112727231428],[3.352665480439157,10.247562410686697],[3.7792062294453217,10.241957392779634],[4.202193317036063,10.235745958616878],[4.607846984054277,10.235704901013714],[5.030876342134178,10.236025777912657],[5.9667701023625455,10.094125781711226],[4.7367185425331115,9.947565617778869],[4.8724700893695285,10.306850271930797],[4.864902449591597,10.314379152341454],[5.191317299239046,9.775602966199761],[6.240819629513851,9.375286631922936],[5.463178688024385,8.745343034476317],[5.084180116755704,8.531842825564349],[4.4112902926444235,8.24384146417763],[4.012877724597445,8.021462782923651],[3.2673497457489873,7.8501010401941596],[2.8460659590502075,7.822659565633584],[2.426037901513695,7.832372960260424],[2.5730209688392733,12.57753999830465],[2.999069150922054,12.560983683507912],[3.4238101404785652,12.506195605125594],[3.5154715444560054,12.416605538147627],[3.9590141657725724,12.28710663879954],[4.106449940426302,12.188432358557725],[4.54684490465425,12.18898728581097],[4.5128665135486585,11.931911467014137],[6.286365808890594,11.787007557606843],[6.775886917380802,10.473340265791004],[6.675752249616323,9.667070204330239],[6.513012984808142,9.242576863918671],[4.9035657536416295,8.516310561141825],[5.031114407744468,8.337348248917252],[4.61041389267595,8.337043394152555],[4.172449407621002,8.33735864534097],[3.751793142318604,8.343616696409498],[3.334639353562096,8.349226510705224],[2.9131984014934744,8.266947973660658],[2.4912736781875537,8.095971397343558],[2.5082937768092677,10.514301010527392]]]}},{"type":"Feature","properties":{"window":"1997-2001","pathway_id":"1997-2001_P02","rank":2,"pathway_color":"#ff7f0e","associated_events":10,"data_start_km":0.0,"data_end_km":880.59,"data_path_length_km":880.59,"median_width20_km":30.0,"median_width50_km":55.0,"median_width90_km":120.42,"guide_rail_offset_km":100.0,"mean_bearing_deg":11.166744400463848,"direction":"N","directional_dominance":0.7380952380952381,"transition_probability":0.5559732664995822,"feature_type":"containment_envelope","containment_level":50,"fill_color":"#ff7f0e","fill_opacity":0.35,"draw_order":2,"outline":false},"geometry":{"type":"Polygon","coordinates":[[[2.503563309311687,9.802275114314162],[2.9260180719462596,9.799202084737132],[3.3484643198129618,9.795595327962374],[3.7727326973762842,9.789989134153828],[4.19513466019481,9.783766955237862],[4.608486540522847,9.78366124142727],[5.030931223779419,9.783978267696769],[5.7127068904703435,9.718787613371516],[5.160319142932821,9.780554733790972],[5.302459577649245,10.155398988688367],[5.3197244729674935,10.353237013402463],[5.498999717021093,10.343900874485819],[5.659285798648455,10.241251146492626],[5.135217690392722,9.986693895711392],[4.726534664123534,9.879913771272053],[4.2420643712586354,9.77149091113226],[3.8222482577857306,9.725208102127777],[3.329216516199182,9.68138194768754],[2.907119342296994,9.695072086879254],[2.484988164693391,9.708229232884275],[2.515754543300176,10.701945502715281],[2.9391930604761285,10.688844137370136],[3.3625952039235756,10.67519058085832],[3.710466991570769,10.713445153306386],[4.131549546447502,10.759908169716025],[4.469564754483741,10.841296066559165],[4.879395152844154,10.948396052829503],[5.10061074047718,11.068012878586737],[5.975683714478947,11.219574433663942],[6.32071795269988,10.436505349022562],[6.24702988133771,9.820265401223432],[6.090751428340894,9.411263490385945],[5.155817478242653,8.892303453343006],[5.031055921659487,8.78943226713323],[4.6098309433073155,8.78912363267143],[4.179555478096432,8.789372963912342],[3.758374256785231,8.795619560179343],[3.339022429208427,8.801228265443331],[2.9177983317912037,8.804902058472738],[2.4965661483766155,8.808061183382753],[2.503563309311687,9.802275114314162]]]}},{"type":"Feature","properties":{"window":"1997-2001","pathway_id":"1997-2001_P02","rank":2,"pathway_color":"#ff7f0e","associated_events":10,"data_start_km":0.0,"data_end_km":880.59,"data_path_length_km":880.59,"median_width20_km":30.0,"median_width50_km":55.0,"median_width90_km":120.42,"guide_rail_offset_km":100.0,"mean_bearing_deg":11.166744400463848,"direction":"N","directional_dominance":0.7380952380952381,"transition_probability":0.5559732664995822,"feature_type":"containment_envelope","containment_level":20,"fill_color":"#ff7f0e","fill_opacity":0.68,"draw_order":3,"outline":false},"geometry":{"type":"Polygon","coordinates":[[[2.5020131853406156,9.576322014834208],[2.9241820856419167,9.573229428694782],[3.346342567375217,9.569607465339862],[3.769483645038349,9.56400069179781],[4.191600164351371,9.557773057703471],[4.608799616093108,9.557634870832386],[5.030959085767421,9.55794998040001],[5.585898581260153,9.531037940816512],[5.371959432445664,9.696848291779334],[5.517303385667077,10.079464652731732],[5.547176791790832,10.372430096534913],[5.607092587485425,10.542988059253258],[5.532566852614707,10.429235559086596],[5.07721121444871,10.205284923388042],[4.668273706312533,10.09843390740548],[4.217020605151646,9.996141186712698],[3.796924411252377,9.949818291163393],[3.336813660235805,9.907252126848917],[2.914427980787991,9.920933738201121],[2.492007762155964,9.934078012533128],[2.5087891750064557,10.476105164786944],[2.9319224617731265,10.462991315927312],[3.355019916689969,10.449329658665949],[3.735954002661117,10.488856839699881],[4.15674095906968,10.53527802696756],[4.5281108272474455,10.62282466364525],[4.937674158917304,10.729850144165662],[5.227839016314249,10.880197892189079],[5.867098158621445,11.02062928639522],[6.093173469378314,10.417849621980562],[6.032522672391451,9.896662964556723],[5.879466841796955,9.495415049865887],[5.282144653694644,9.080227019655275],[5.0310271023359405,9.015470252701967],[4.609532902307734,9.015159720376968],[4.1831025678729645,9.015376242900965],[3.7616518836024966,9.02161719540145],[3.3411924983012398,9.027225338692316],[2.9196986200861943,9.030883866561858],[2.4981965571734293,9.034023412838158],[2.5020131853406156,9.576322014834208]]]}},{"type":"Feature","properties":{"window":"1997-2001","pathway_id":"1997-2001_P02","rank":2,"pathway_color":"#ff7f0e","associated_events":10,"data_start_km":0.0,"data_end_km":880.59,"data_path_length_km":880.59,"median_width20_km":30.0,"median_width50_km":55.0,"median_width90_km":120.42,"guide_rail_offset_km":100.0,"mean_bearing_deg":11.166744400463848,"direction":"N","directional_dominance":0.7380952380952381,"transition_probability":0.5559732664995822,"feature_type":"guide_rail","rail_side":"left","line_color":"#111111","line_width":1.6,"draw_order":4},"geometry":{"type":"LineString","coordinates":[[2.5062940384594583,10.208983497139181],[2.9292753117534858,10.20594565738271],[3.3522478989538627,10.202366232302245],[3.7785603365740883,10.196761095801957],[4.201488054270669,10.190548597083646],[4.607911747215951,10.190501091117845],[5.030881779805327,10.190821581906782],[5.941336494993038,10.05660180775943],[4.779097938873548,9.930888853943182],[4.915487256918254,10.291730378302754],[4.910379667033737,10.318293185395222],[5.304780055376767,9.985443689273511],[5.887020672227919,9.902759948262378],[5.239438765656928,9.59319846174349],[4.831204549985131,9.486543288167923],[4.287039020071177,9.367106195093344],[3.8677156557176033,9.320894264766613],[3.3155240837335214,9.2748092022824],[2.8939343419787633,9.288515008646906],[2.4723115559977202,9.301695612976088]]}},{"type":"Feature","properties":{"window":"1997-2001","pathway_id":"1997-2001_P02","rank":2,"pathway_color":"#ff7f0e","associated_events":10,"data_start_km":0.0,"data_end_km":880.59,"data_path_length_km":880.59,"median_width20_km":30.0,"median_width50_km":55.0,"median_width90_km":120.42,"guide_rail_offset_km":100.0,"mean_bearing_deg":11.166744400463848,"direction":"N","directional_dominance":0.7380952380952381,"transition_probability":0.5559732664995822,"feature_type":"guide_rail","rail_side":"right","line_color":"#111111","line_width":1.6,"draw_order":4},"geometry":{"type":"LineString","coordinates":[[2.493571872241489,8.401322835319691],[2.9143300115574675,8.398128448156916],[3.335080244412154,8.394427131151428],[3.7524528198806877,8.388817426880614],[4.1731607453624235,8.382560531348703],[4.610356382860658,8.382251890447778],[5.031108508223298,8.382557122233369],[4.928767250061469,8.553918427326854],[6.470805147016904,9.25946833280024],[6.632897425065153,9.682413536790555],[6.730365250813264,10.469685418649219],[6.171520709227195,11.577565353857418],[4.8712039233248845,11.405947906716884],[4.774279409907564,11.341743376171584],[4.363958890401705,11.234506574881053],[4.086090200371359,11.16422680114226],[3.6644639558261076,11.11768718564465],[3.3762158948421757,11.081732944563466],[2.952253195571018,11.095372235890359],[2.528253142097327,11.108451417094898]]}},{"type":"Feature","properties":{"window":"1997-2001","pathway_id":"1997-2001_P03","rank":3,"pathway_color":"#2ca02c","associated_events":9,"data_start_km":213.65,"data_end_km":2839.22,"data_path_length_km":2625.56,"median_width20_km":107.54,"median_width50_km":183.65,"median_width90_km":403.77,"guide_rail_offset_km":100.0,"mean_bearing_deg":204.23489253584611,"direction":"SW","directional_dominance":0.8833333333333332,"transition_probability":0.6057142857142856,"feature_type":"containment_envelope","containment_level":90,"fill_color":"#2ca02c","fill_opacity":0.18,"draw_order":1,"outline":false},"geometry":{"type":"Polygon","coordinates":[[[114.78794262505414,42.33825938036131],[113.85363729842823,42.33744759011338],[112.96968990372744,42.335818736755506],[112.03450231439194,42.32169517766488],[111.1011920259802,42.23365130194672],[110.4811395046234,41.9079821659559],[109.67336858618216,41.177760944906446],[111.20715288634875,40.593009733293606],[110.87725152432347,39.56741225461352],[110.4316735374885,38.75231186334259],[113.64555850411807,40.91047882219589],[112.68047454414477,40.5883273716564],[111.11845047176485,40.528459995013016],[109.69851334885959,40.38925241253852],[109.60948927090789,42.27416588002466],[109.35799498215022,41.588780731107235],[109.23850755068412,40.44509216533417],[109.28776142745869,39.787600163507285],[109.6194651749912,39.327480498060694],[109.85643114949897,39.53302883655388],[110.26546915251885,38.625108884296864],[110.46929858395686,37.98631402049224],[110.16406210855706,35.237590049053416],[109.29683786394867,33.65043338059288],[108.85626203133415,33.1065311065664],[109.31951113838022,33.97850114646194],[109.0436895640413,35.58344757332639],[109.18129238226817,34.92615709014549],[109.17982604277802,34.237324604317664],[109.00799999002248,32.84408578637225],[108.38427949683211,31.889460873228142],[107.7564447591954,31.189249600411436],[107.34147483743118,30.47299438373138],[107.15386276261688,29.872853503552925],[107.19031626007165,29.30951152852481],[107.42500222556043,28.679778213156002],[107.66779466614463,28.006529264453405],[104.45634969581681,27.50464113114727],[104.44385859948352,28.129515718215938],[104.37772947571693,28.789470174338778],[104.19038295232866,29.523657542507102],[103.83784343342461,30.22226600547411],[103.30311019684109,30.799847942080824],[102.53092646858897,31.376427290534526],[101.68550883894221,31.676149496767227],[101.17334897502008,31.521387343019157],[100.6078900601924,32.03133737568966],[100.16855769524369,32.58090819135484],[99.61352943512446,35.411303955178994],[100.37675240518195,37.56467885948586],[100.80779290294709,38.1244457766727],[100.64911313468099,37.7066210591988],[100.84911394178926,36.21934455573593],[100.68257557482974,36.862485134476906],[100.625150668076,37.22278010164042],[100.45985856648213,38.713849079160916],[100.64278368642852,39.58208226502978],[100.63733012190721,40.238839904358116],[100.3746668906499,40.38304082613275],[99.83073798109712,40.95982130332021],[99.52433429818348,44.0625344674848],[98.73678762014129,44.998316584415925],[97.76001154754391,45.9719517418244],[97.47701519704941,46.74610529148204],[102.25102908273732,49.93982489814208],[103.57968642578447,49.75345042003624],[105.0694180685768,49.349191878196194],[108.78218399786147,49.0919982535905],[109.84635909608397,48.46012842463841],[111.1129411078756,48.16786326926875],[112.03143340571307,48.07883982850663],[112.94796865257285,48.0624781308581],[113.92097558577422,48.05992060595097],[114.83857904462172,48.059140509876975],[114.78794262505414,42.33825938036131]]]}},{"type":"Feature","properties":{"window":"1997-2001","pathway_id":"1997-2001_P03","rank":3,"pathway_color":"#2ca02c","associated_events":9,"data_start_km":213.65,"data_end_km":2839.22,"data_path_length_km":2625.56,"median_width20_km":107.54,"median_width50_km":183.65,"median_width90_km":403.77,"guide_rail_offset_km":100.0,"mean_bearing_deg":204.23489253584611,"direction":"SW","directional_dominance":0.8833333333333332,"transition_probability":0.6057142857142856,"feature_type":"containment_envelope","containment_level":50,"fill_color":"#2ca02c","fill_opacity":0.35,"draw_order":2,"outline":false},"geometry":{"type":"Polygon","coordinates":[[[114.79494769597375,43.548678375905055],[113.86447913631685,43.54821420045248],[112.96362710451967,43.54757858136997],[112.0326469553226,43.54116699699738],[111.10277800274292,43.49804848262559],[110.3546956418715,43.32946900612116],[109.49552080146884,42.93882282642521],[109.9804216942797,42.584238783988226],[109.48060899759798,41.83681215349033],[108.93949336783294,41.169076484747215],[110.40351559326393,42.35075973503944],[109.3847756170029,42.02313971022386],[108.10771930757011,41.795114650386175],[107.11591474858022,41.44601876671357],[106.88009727679304,41.990621799968785],[106.61183999020398,41.29468451408144],[106.31807122122672,40.444079305999296],[106.09150894011941,39.78440614146992],[106.16855734934916,39.179751825656304],[106.51747414912995,38.79526379469367],[107.17276802554966,38.14886234276236],[107.75688953899908,37.5746414205824],[107.87077947005542,35.919966754009764],[107.42361049042955,34.739183722292914],[107.01690867717446,34.17313840431731],[107.03296943471747,34.39501130963428],[106.57886943784456,34.83698908209264],[106.48190119467881,34.10237899285565],[106.47044097627241,33.39777367884268],[106.48280658031814,32.49680527051112],[106.34495378240467,31.745041494723743],[106.19918892582189,31.07302192580729],[106.2491555547943,30.40643158026394],[106.32476517175132,29.783107822880876],[106.41127602242432,29.172896634156352],[106.54820366521216,28.52659042179369],[106.68459785648929,27.862955569491092],[105.4326638379926,27.667278235990814],[105.31369397319372,28.298699315717585],[105.15067211193434,28.93979245379636],[105.01504567827652,29.628764944904763],[104.92607044050544,30.311735475201097],[104.8516521831495,30.955164927781396],[104.5549180987631,31.588085078267127],[104.16667907287786,32.127132748844076],[103.77134255028523,32.48119084743414],[103.18304990624307,32.98716943765729],[102.50770937363416,33.4580069770579],[101.96284902038894,35.14417805959178],[102.38634701164483,36.61142710164404],[102.85658004920236,37.14997881666255],[103.05679263020187,37.17058439672842],[103.47208296139365,36.78676934784363],[103.67737774902366,37.505175372422514],[103.83154141658838,38.122178828721445],[103.87408191860374,39.025882091154266],[103.82727221636435,39.730531374691594],[103.54624801257876,40.37755726966104],[103.05366540720547,40.81665282372002],[102.48330807264853,41.399024673314564],[102.33322890486909,43.17608267779686],[102.08088644465977,43.976990979645436],[101.5205359464893,44.87188523660096],[101.24023554898798,45.672553974919076],[104.26195222580282,47.622127947164955],[105.40829775117584,47.56362113771642],[106.61374235900479,47.41433921552129],[109.00278624989659,47.33403368937443],[109.99619824394694,47.040451900513695],[111.10946242858279,46.90450432199837],[112.03080738381072,46.86033845957173],[112.95101562085807,46.85167141768025],[113.90311113841449,46.8501458496073],[114.82393051478874,46.84970717418436],[114.79494769597375,43.548678375905055]]]}},{"type":"Feature","properties":{"window":"1997-2001","pathway_id":"1997-2001_P03","rank":3,"pathway_color":"#2ca02c","associated_events":9,"data_start_km":213.65,"data_end_km":2839.22,"data_path_length_km":2625.56,"median_width20_km":107.54,"median_width50_km":183.65,"median_width90_km":403.77,"guide_rail_offset_km":100.0,"mean_bearing_deg":204.23489253584611,"direction":"SW","directional_dominance":0.8833333333333332,"transition_probability":0.6057142857142856,"feature_type":"containment_envelope","containment_level":20,"fill_color":"#2ca02c","fill_opacity":0.68,"draw_order":3,"outline":false},"geometry":{"type":"Polygon","coordinates":[[[114.79782620650599,43.97109537847126],[113.86866033725266,43.97077296191895],[112.96168331289982,43.9708345312409],[112.03213737878411,43.97059138358455],[111.10347832167969,43.96406365494892],[110.2999696872439,43.92598435016528],[109.40260987982089,43.820514201990676],[109.24309082291387,43.71917516935268],[108.58023634263242,43.2130600586622],[108.01374338904338,42.576296185607255],[108.76736237470396,43.022622528027505],[108.05961632797681,42.55837550405877],[106.96264341286383,42.245080596243746],[106.0451268087894,41.858432120782744],[105.85920472503267,41.868207532727425],[105.8871643584568,41.2062666518806],[105.8507589594202,40.4373423652461],[105.72746691663735,39.77863411488642],[105.7056655988635,39.15230111756602],[105.83770622075883,38.631714947582516],[106.20501099443828,37.98195716560839],[106.61332334180804,37.380997744911866],[106.78912509433218,36.22216913513217],[106.57520571278849,35.21277595660662],[106.20017201130713,34.62850810298873],[106.02389736373243,34.563144355499276],[105.61108952618463,34.52585960269115],[105.57452069558548,33.80766876211335],[105.65819254104196,33.13046008176168],[105.79324569492485,32.391888453761375],[105.87412840314784,31.706499553855227],[105.92785521697965,31.050582035078346],[105.99040239905537,30.38912573424559],[106.06910004343558,29.75419004994709],[106.16032071232286,29.127679795274368],[106.29885148687782,28.48171229710338],[106.4354613023097,27.825165508551386],[105.68101469092255,27.707243844058397],[105.56211800618433,28.34570901453472],[105.40065104806604,28.987203671822872],[105.27003486477508,29.660023476920284],[105.18439540970593,30.331437222038577],[105.12242110486562,30.980136835427537],[105.02451675448367,31.632000297806535],[104.85214809918614,32.24167227883881],[104.57160090392932,32.761422654180066],[104.07327591497221,33.30007328210333],[103.45137082071676,33.79415023713661],[102.98706218182122,35.011973357515274],[103.24608479245796,36.18462948812717],[103.74922192676246,36.705121800478466],[104.16618640661954,36.90376786037407],[104.59836889365994,37.01041767280169],[104.63312050826147,37.69244651301425],[104.5020588139239,38.296975525116935],[104.33539026721547,39.060405131869636],[104.19084600430085,39.74207082041165],[104.01281100746428,40.393230386700765],[103.77025187727446,40.92183232575255],[103.49035267345795,41.54941222323002],[103.44944525699208,42.79774300646783],[103.29136590434524,43.5749185111819],[102.9496921343017,44.41102200075474],[103.02738238720008,45.106076473140135],[105.36021217579076,46.24780286286243],[106.45179392072691,46.21370571329793],[107.44953646920078,46.296867178021145],[109.10783646730454,46.45322633984728],[110.05685666942583,46.44439743438784],[111.10832423988177,46.438730293175965],[112.0307620455647,46.43113186392774],[112.95228903546644,46.42862805192028],[113.89737037582245,46.42780813246986],[114.819354532175,46.42750982381556],[114.79782620650599,43.97109537847126]]]}},{"type":"Feature","properties":{"window":"1997-2001","pathway_id":"1997-2001_P03","rank":3,"pathway_color":"#2ca02c","associated_events":9,"data_start_km":213.65,"data_end_km":2839.22,"data_path_length_km":2625.56,"median_width20_km":107.54,"median_width50_km":183.65,"median_width90_km":403.77,"guide_rail_offset_km":100.0,"mean_bearing_deg":204.23489253584611,"direction":"SW","directional_dominance":0.8833333333333332,"transition_probability":0.6057142857142856,"feature_type":"guide_rail","rail_side":"left","line_color":"#111111","line_width":1.6,"draw_order":4},"geometry":{"type":"LineString","coordinates":[[114.80023015344659,44.300238663926066],[113.87206575895141,44.300005247115635],[112.96023457266205,44.30025410973688],[112.0317976629587,44.30124355841367],[111.10402609739072,44.30169549381897],[110.26628872200558,44.28759214662514],[109.35743419549487,44.24000091263847],[108.91933501432595,44.203332935083495],[108.10451439756827,43.91386517243071],[107.2972844705564,43.61912466857435],[107.05299466158078,43.688574757371285],[106.64162545657422,43.10556335263547],[106.2374845326637,42.52123448942028],[105.84030258897559,41.935638659106374],[105.85604875675608,41.867815190592246],[105.9996197247608,41.220285212418844],[106.10908987359346,40.441290859036286],[106.12551160082,39.78488876606247],[106.17296296124812,39.18000438964671],[106.2638729483728,38.73478296873117],[106.52707037896124,38.038456088583104],[106.7040210380631,37.39679448660371],[106.54277354656153,36.28925834466989],[106.09910859469716,35.4733013316548],[105.65716680686319,34.92515378561057],[105.58248611977058,34.6336983630116],[105.53476321139374,34.500883622408594],[105.82387374714591,33.8895592005049],[106.10914775917593,33.279769601988356],[106.36686228579777,32.4794681401748],[106.49760267744864,31.757118035688265],[106.56588136889377,31.102315190260086],[106.62225430201113,30.430347337270906],[106.69197955491484,29.823616815221737],[106.784007439231,29.23896735479207],[106.9276496961358,28.593766116865194],[107.05454186313466,27.918018132448697]]}},{"type":"Feature","properties":{"window":"1997-2001","pathway_id":"1997-2001_P03","rank":3,"pathway_color":"#2ca02c","associated_events":9,"data_start_km":213.65,"data_end_km":2839.22,"data_path_length_km":2625.56,"median_width20_km":107.54,"median_width50_km":183.65,"median_width90_km":403.77,"guide_rail_offset_km":100.0,"mean_bearing_deg":204.23489253584611,"direction":"SW","directional_dominance":0.8833333333333332,"transition_probability":0.6057142857142856,"feature_type":"guide_rail","rail_side":"right","line_color":"#111111","line_width":1.6,"draw_order":4},"geometry":{"type":"LineString","coordinates":[[114.81597392686444,46.09849304241374],[113.89306772984264,46.09870314358424],[112.95335257915008,46.099330741839424],[112.030787075457,46.1006033210142],[111.10754610221215,46.10122546335176],[110.09302493952998,46.082983091216335],[109.15664328287272,46.03400446010051],[107.79707511629039,45.81692677640456],[106.96601504185645,45.51998121322331],[106.14326923200667,45.21766683462243],[104.82478824111143,44.49791726425034],[104.42955054414188,43.907988765113295],[104.04133060330105,43.316909076496636],[103.65985608687856,42.72472403861875],[103.49347863200978,41.54986515752674],[103.65878389054438,40.9057683034285],[103.7548568155612,40.38478921847235],[103.79332243333528,39.729397369869496],[103.86969520363755,39.02554511349236],[104.08097077979494,38.18773274922735],[104.31405280410047,37.63087747647171],[104.5085898049328,36.99302661388338],[104.41655597715152,36.84180105232401],[104.24090930336189,36.454717543885],[103.80703802263304,35.89990219917069],[103.43270184687606,34.95144600472674],[103.52641896549574,33.82045130773651],[103.82736751923511,33.2145303270069],[104.12605155603433,32.60628942222742],[104.28169474860778,32.14665392831301],[104.40285411850425,31.57344619996346],[104.48617391164828,30.92042772865971],[104.55395456949446,30.28231943622634],[104.64937332132001,29.582915380277104],[104.7802808183792,28.868461788993592],[104.93655611614798,28.22622211079125],[105.06460294552335,27.60700091818953]]}},{"type":"Feature","properties":{"window":"1997-2001","pathway_id":"1997-2001_P04","rank":4,"pathway_color":"#d62728","associated_events":7,"data_start_km":0.0,"data_end_km":1668.23,"data_path_length_km":1668.23,"median_width20_km":70.2,"median_width50_km":153.67,"median_width90_km":493.08,"guide_rail_offset_km":100.0,"mean_bearing_deg":99.39623261543386,"direction":"E","directional_dominance":0.7083333333333333,"transition_probability":0.6354166666666666,"feature_type":"containment_envelope","containment_level":90,"fill_color":"#d62728","fill_opacity":0.18,"draw_order":1,"outline":false},"geometry":{"type":"Polygon","coordinates":[[[20.491505761334736,55.070738846973555],[21.497042096818546,55.389562770722776],[24.045339370996118,55.9202752315189],[26.728803184975305,56.228380020866425],[27.992289585528653,56.442057612468595],[28.753435156852504,56.56324247545548],[28.32369265422804,56.51410421559477],[29.515296087747913,56.33794814248911],[29.748381756175974,56.12156332177069],[31.846830980915655,55.99286734136826],[35.50160239844834,55.451923898542134],[36.448605088931316,55.07573093801433],[37.535109063333834,54.89667388923116],[38.988966901342735,55.0849960592157],[32.54367674052071,55.83074540259507],[32.8412020542242,56.828116006492316],[33.52864453116638,57.47958262788363],[29.167117229648056,53.54827221921704],[29.55236385223867,54.17657680477272],[30.053935326102078,52.790805780019795],[30.205155383303946,52.53154140252646],[30.135131295610563,52.73106034077239],[29.67977714302495,53.322144355162955],[28.636150584916095,55.07442088852405],[49.42517878876723,56.314704283765174],[49.32929884087943,56.868746730929296],[49.52199279794041,56.22994233949994],[49.75450259774075,55.14261239459473],[49.965268532485084,53.57846108440681],[49.00043991875779,50.97951365742367],[48.82443007402719,50.32424135777893],[42.565319495297956,46.28689496955393],[41.48852966242529,46.37052728196943],[40.163567394217324,46.805610849204555],[33.105481936065274,47.501879554029074],[32.544029561564344,48.27206681420281],[31.695065735883787,48.64367852740868],[30.72717533777046,48.7992717760314],[31.922601938230827,48.39127766239559],[31.735764048527642,48.159137248552504],[30.004473770024106,47.7540275961932],[29.0530233341089,47.52173823948218],[26.792290600675983,47.56079104858595],[25.49793766987517,47.85880846182443],[24.616537886309573,48.29350558383523],[24.92009599280604,48.562424899079275],[25.20282246401365,48.81251367895708],[24.22310431276199,48.69752387260497],[20.491505761334736,55.070738846973555]]]}},{"type":"Feature","properties":{"window":"1997-2001","pathway_id":"1997-2001_P04","rank":4,"pathway_color":"#d62728","associated_events":7,"data_start_km":0.0,"data_end_km":1668.23,"data_path_length_km":1668.23,"median_width20_km":70.2,"median_width50_km":153.67,"median_width90_km":493.08,"guide_rail_offset_km":100.0,"mean_bearing_deg":99.39623261543386,"direction":"E","directional_dominance":0.7083333333333333,"transition_probability":0.6354166666666666,"feature_type":"containment_envelope","containment_level":50,"fill_color":"#d62728","fill_opacity":0.35,"draw_order":2,"outline":false},"geometry":{"type":"Polygon","coordinates":[[[22.080171726143107,52.60979195829627],[23.000688506952713,52.984021206321756],[24.386847872344532,53.40705275952846],[25.96801803906766,53.66836254452788],[27.09242269375261,53.702407349356875],[28.023180402183783,53.60433776566748],[28.616618011599797,53.39603290135232],[29.719062268407498,53.21237382907858],[30.55617138318385,53.23533823515038],[31.874571086963925,53.461196033062244],[33.97950742372956,53.5664665387594],[35.16441405952773,53.53758553473638],[36.347598556772226,53.51454378441486],[37.58688664690922,53.532180280287676],[34.57485834277685,53.80008298614192],[35.51904242975266,54.14012813788009],[36.77175375625495,54.14405813786651],[36.364481024235545,52.79846086102557],[37.403087689187714,53.32141847852197],[38.03363995692621,53.51369763921893],[37.95323158240262,53.993574449749154],[37.73530847347848,54.552426148485225],[37.371847667907986,55.168830820298965],[37.0596552137643,56.007037978178595],[40.68162703880071,56.22432889693103],[40.786538727037566,55.789446790810075],[41.1105026232039,55.165645274100136],[41.41004099531261,54.45794449128913],[41.80756897949948,53.66371859089263],[41.825206238546684,52.59008509919072],[42.27417140865322,51.82353459467358],[40.25099984361145,49.76323650824288],[39.56852790191854,49.17871019452286],[38.65655436190269,48.92308896162166],[34.17483850214617,49.108330935949326],[33.48144838922542,49.692780899848614],[32.72420368394904,50.21978681863236],[31.95330913698632,50.726808133792154],[31.899679969703158,50.925141226907726],[31.09525356031577,51.055822674596435],[29.850283856485277,50.883104595819766],[28.837026885576563,50.644262761229434],[27.360029707625074,50.528883220771405],[26.202340294416814,50.611049741575144],[25.226941511169457,50.86258085672439],[24.66101506707119,51.07993167710383],[23.9710108855854,51.25049409925045],[22.904883662328842,51.192382700164195],[22.080171726143107,52.60979195829627]]]}},{"type":"Feature","properties":{"window":"1997-2001","pathway_id":"1997-2001_P04","rank":4,"pathway_color":"#d62728","associated_events":7,"data_start_km":0.0,"data_end_km":1668.23,"data_path_length_km":1668.23,"median_width20_km":70.2,"median_width50_km":153.67,"median_width90_km":493.08,"guide_rail_offset_km":100.0,"mean_bearing_deg":99.39623261543386,"direction":"E","directional_dominance":0.7083333333333333,"transition_probability":0.6354166666666666,"feature_type":"containment_envelope","containment_level":20,"fill_color":"#d62728","fill_opacity":0.68,"draw_order":3,"outline":false},"geometry":{"type":"Polygon","coordinates":[[[22.35129173377095,52.15513716347385],[23.35261087173265,52.37294754661216],[24.496605672423414,52.51237979915806],[25.66500947682715,52.56052445861152],[26.755485923950033,52.57979460747872],[27.794641213817073,52.58904010853965],[28.689795766393814,52.5255170673039],[29.76440527186091,52.43859009911271],[30.757274641577965,52.44787365147756],[31.88416239635336,52.52098199158989],[33.22170902577187,52.55138872422381],[34.306772623007646,52.43401568263146],[35.447795864507725,52.392955493163015],[36.65683456520679,52.42261655431776],[35.576280496927325,52.70858296092894],[36.46742381685996,53.082894963315724],[37.55483176893085,53.237236324343996],[37.56189728342861,52.62807552572742],[38.241588877629056,53.197124413692165],[38.707552127924146,53.54935139092631],[38.55897170879899,54.08295160922649],[38.32414774480284,54.66758783829611],[37.96737644581532,55.285373567900514],[37.696614602409596,56.0530294415638],[40.03877325038863,56.193555454973996],[40.17541548425504,55.68673279577517],[40.50674126515139,55.06417881129027],[40.79297213221486,54.38308839451752],[41.12971706821574,53.64564742253414],[41.009347786564604,52.7392985739007],[41.11821255207866,52.04116946201145],[39.576679792738815,50.686508793025695],[38.76637041707613,50.2590839572515],[37.8046570677441,50.03931113312183],[34.97621806678791,50.23861496825792],[34.27808592218375,50.830273640424934],[33.500087352459275,51.33551773049346],[32.65088031902104,51.750443545880174],[31.89064597941089,51.865611860602264],[30.906520672539102,51.84406307106646],[29.808393798536542,51.65713524930275],[28.77063139067937,51.51517559165476],[27.56983802901368,51.545245288887266],[26.512665776767932,51.735381682790646],[25.509637263878147,51.97164615091168],[24.559850039966108,51.975053533743925],[23.637493155949784,51.86376371362762],[22.645953835463956,51.6485657036343],[22.35129173377095,52.15513716347385]]]}},{"type":"Feature","properties":{"window":"1997-2001","pathway_id":"1997-2001_P04","rank":4,"pathway_color":"#d62728","associated_events":7,"data_start_km":0.0,"data_end_km":1668.23,"data_path_length_km":1668.23,"median_width20_km":70.2,"median_width50_km":153.67,"median_width90_km":493.08,"guide_rail_offset_km":100.0,"mean_bearing_deg":99.39623261543386,"direction":"E","directional_dominance":0.7083333333333333,"transition_probability":0.6354166666666666,"feature_type":"guide_rail","rail_side":"left","line_color":"#111111","line_width":1.6,"draw_order":4},"geometry":{"type":"LineString","coordinates":[[21.998301110223906,52.744982176907776],[23.01127254151379,52.96592519303664],[24.420318197644377,53.13913127537182],[25.825130469112565,53.15252366353202],[26.892193712383943,53.042023159250434],[27.87646106373765,52.957729700765476],[28.65724047345475,52.91778438819227],[29.734883197560123,52.94593119400627],[30.608256597134528,53.03420153990569],[31.87838023873917,53.09192496668047],[33.53141390495588,52.97272197668448],[34.51043761418512,52.7019163975236],[35.47346315430957,52.425887855068325],[36.42977628199941,52.14142904361323],[36.04633937224426,52.17402383950819],[36.98826809201415,52.47657715157602],[37.943201216575545,52.77131963848308],[37.92758232653196,52.5733494621199],[38.189348380775584,53.205061093568716],[38.41235925515724,53.53421096543245],[38.184497113978864,54.02810551086603],[37.934541238436935,54.5917858395272],[37.569709359696276,55.20794919096906],[37.27118803574973,56.02268298501114]]}},{"type":"Feature","properties":{"window":"1997-2001","pathway_id":"1997-2001_P04","rank":4,"pathway_color":"#d62728","associated_events":7,"data_start_km":0.0,"data_end_km":1668.23,"data_path_length_km":1668.23,"median_width20_km":70.2,"median_width50_km":153.67,"median_width90_km":493.08,"guide_rail_offset_km":100.0,"mean_bearing_deg":99.39623261543386,"direction":"E","directional_dominance":0.7083333333333333,"transition_probability":0.6354166666666666,"feature_type":"guide_rail","rail_side":"right","line_color":"#111111","line_width":1.6,"draw_order":4},"geometry":{"type":"LineString","coordinates":[[22.980894136654967,51.05645782070065],[23.961261773726818,51.268689732448074],[24.63124651911656,51.348046493183475],[25.357061908822857,51.37919096777369],[26.383224393468595,51.272683570133864],[27.492677333395562,51.17629082485191],[28.800909568312818,51.12277490036192],[29.83604058165315,51.14966000193229],[31.04766294217808,51.25724121367452],[31.89616819693171,51.29454912931951],[32.357938743415644,51.32672859981976],[33.308668610076666,51.065795692916375],[34.25420526615707,50.79706590040356],[35.184638698847124,50.522802722119614],[37.37561115156706,50.58064796746155],[38.2928116776136,50.87288146459178],[39.22166443407991,51.15746895274794],[40.761128971414536,52.10568737796353],[41.06047831054269,52.73014091299508],[41.42642368299968,53.65403373357275],[41.17387061775662,54.429701515346544],[40.905495170499705,55.13158645206372],[40.58274371861046,55.755590918297955],[40.46785502909822,56.21446619678654]]}},{"type":"Feature","properties":{"window":"1997-2001","pathway_id":"1997-2001_P05","rank":5,"pathway_color":"#9467bd","associated_events":2,"data_start_km":0.0,"data_end_km":544.8,"data_path_length_km":544.8,"median_width20_km":184.94,"median_width50_km":209.94,"median_width90_km":259.94,"guide_rail_offset_km":100.0,"mean_bearing_deg":74.57778677849213,"direction":"E","directional_dominance":0.7999999999999999,"transition_probability":0.5766666666666667,"feature_type":"containment_envelope","containment_level":90,"fill_color":"#9467bd","fill_opacity":0.18,"draw_order":1,"outline":false},"geometry":{"type":"Polygon","coordinates":[[[-97.50306749581918,64.8313181407907],[-96.94950286255614,64.83149900807518],[-96.37575700755689,64.83159566125018],[-95.8463002510833,64.83165373185757],[-95.29781519038383,64.83173963160941],[-94.85012856665274,64.83107243171163],[-95.78263580790751,64.79319988039221],[-96.8974355723567,64.57422403232628],[-97.63682739964531,64.26806446309503],[-97.95695849314272,64.02195882746618],[-98.02702159324247,63.89228947814921],[-97.92115843279946,64.14521963532624],[-97.95016099658328,64.12503325859348],[-97.92169009963028,64.29976682795467],[-97.935435555982,64.43855064204999],[-97.94953649093189,64.69560388476076],[-97.97734281105657,64.8068972134631],[-98.03004360493868,65.06303437351558],[-98.08785586531792,65.45543410579366],[-98.10673826688605,65.71240256459703],[-86.84882406844321,65.43748769687507],[-86.93905032874123,65.18317267555038],[-86.9699563950613,65.06303437351558],[-87.02265718894343,64.8068972134631],[-87.11866978929243,64.40676080024855],[-87.2050256521888,64.15238098735352],[-87.33549740687523,63.78139992759276],[-87.50462332324896,63.45072200228093],[-87.81483813812142,62.93429832121234],[-88.00200080936811,62.691803622339336],[-88.57401112082401,62.1030744835617],[-89.5017931973884,61.44210093798915],[-90.93921679927772,60.79389906899677],[-92.81439064242674,60.33353458540323],[-94.60924712274971,60.168150364972334],[-95.25862754336617,60.16762711183701],[-95.82190779491332,60.16766227905111],[-96.40143420456589,60.16776656872337],[-96.94313154655488,60.16785828494404],[-97.50205849599993,60.16789729150897],[-97.50306749581918,64.8313181407907]]]}},{"type":"Feature","properties":{"window":"1997-2001","pathway_id":"1997-2001_P05","rank":5,"pathway_color":"#9467bd","associated_events":2,"data_start_km":0.0,"data_end_km":544.8,"data_path_length_km":544.8,"median_width20_km":184.94,"median_width50_km":209.94,"median_width90_km":259.94,"guide_rail_offset_km":100.0,"mean_bearing_deg":74.57778677849213,"direction":"E","directional_dominance":0.7999999999999999,"transition_probability":0.5766666666666667,"feature_type":"containment_envelope","containment_level":50,"fill_color":"#9467bd","fill_opacity":0.35,"draw_order":2,"outline":false},"geometry":{"type":"Polygon","coordinates":[[[-97.5020187807619,64.38293594555851],[-96.94796360072013,64.38309586474504],[-96.37787507953327,64.38317350355763],[-95.84297116292491,64.38321747375942],[-95.29294993999953,64.38329227207284],[-94.82300686520671,64.38276215800533],[-95.45527581831651,64.36739842848581],[-96.25439358676472,64.2225327591985],[-96.78461535768263,64.01786171655132],[-97.00139268872341,63.865507868583535],[-97.0287203368713,63.80831591900543],[-96.91410002851454,64.0605054492751],[-96.92690607814353,64.09354275054991],[-96.8897578788133,64.28381174637623],[-96.89730240225525,64.44543632862958],[-96.90156166898473,64.70257872460432],[-96.9275917520498,64.84197831473539],[-96.97027558068663,65.09847596858843],[-97.00963968158092,65.46509645746583],[-97.01784591646658,65.72218580864225],[-87.91714679467164,65.49982425286284],[-87.99731563749934,65.24488779268589],[-88.02972441931335,65.09847596858843],[-88.0724082479502,64.84197831473539],[-88.14674478427128,64.4689788527925],[-88.22383400293914,64.21400479093876],[-88.33325587839292,63.864612946682094],[-88.48446423325143,63.54825263685107],[-88.74719394040562,63.08135922982953],[-88.92756886622888,62.83762742604707],[-89.42165563922978,62.31416106367228],[-90.21707275589242,61.733750455589814],[-91.44854619510808,61.16812693032281],[-93.06301748589476,60.765208144639864],[-94.62896436231762,60.61677836847947],[-95.2614360551458,60.61634987095233],[-95.82339094707837,60.61637289327504],[-96.39865111516825,60.61646020211161],[-96.94292872014023,60.61653455815504],[-97.50131695219568,60.616552202476576],[-97.5020187807619,64.38293594555851]]]}},{"type":"Feature","properties":{"window":"1997-2001","pathway_id":"1997-2001_P05","rank":5,"pathway_color":"#9467bd","associated_events":2,"data_start_km":0.0,"data_end_km":544.8,"data_path_length_km":544.8,"median_width20_km":184.94,"median_width50_km":209.94,"median_width90_km":259.94,"guide_rail_offset_km":100.0,"mean_bearing_deg":74.57778677849213,"direction":"E","directional_dominance":0.7999999999999999,"transition_probability":0.5766666666666667,"feature_type":"containment_envelope","containment_level":20,"fill_color":"#9467bd","fill_opacity":0.68,"draw_order":3,"outline":false},"geometry":{"type":"Polygon","coordinates":[[[-97.50158127484202,64.1587344785086],[-96.94727859597548,64.15888390923827],[-96.37896584235564,64.15895212595173],[-95.84139665361886,64.15898891052254],[-95.29061787890485,64.15905811074694],[-94.80981007167297,64.15859446235577],[-95.29541550917693,64.15421402999851],[-95.93902361999392,64.045622661773],[-96.36428012867142,63.89088348835978],[-96.52765835776593,63.78490832867237],[-96.5318664515698,63.763729261990754],[-96.41293249085244,64.01552513327006],[-96.41621463040377,64.07508841961776],[-96.3743079630694,64.27309538116283],[-96.37810976124247,64.44612056126721],[-96.37744374229,64.7032795347334],[-96.40176269500797,64.85673366729758],[-96.43940827191396,65.1133832524353],[-96.47031225972965,65.4670551250856],[-96.47317276652542,65.7241745589762],[-88.45314045759368,65.52817092345475],[-88.52822537877695,65.27295167290522],[-88.56059172808604,65.1133832524353],[-88.59823730499201,64.85673366729758],[-88.66246864308461,64.49737990287348],[-88.73487574720926,64.24213445364111],[-88.83429386058954,63.90361511921823],[-88.97684935240072,63.594479009471186],[-89.21687462584812,63.152552237313316],[-89.39376747803237,62.908217901480434],[-89.84993959981166,62.41772016758191],[-90.57982216154853,61.878130424854184],[-91.70779890397358,61.35448723461664],[-93.18989343550126,60.980852439595374],[-94.63906087782829,60.84107953467965],[-95.26290688626197,60.840699778569515],[-95.82419247016418,60.84071676541617],[-96.39728179064592,60.84079568181312],[-96.94288418335125,60.84086130789181],[-97.50100473002757,60.84086828960881],[-97.50158127484202,64.1587344785086]]]}},{"type":"Feature","properties":{"window":"1997-2001","pathway_id":"1997-2001_P05","rank":5,"pathway_color":"#9467bd","associated_events":2,"data_start_km":0.0,"data_end_km":544.8,"data_path_length_km":544.8,"median_width20_km":184.94,"median_width50_km":209.94,"median_width90_km":259.94,"guide_rail_offset_km":100.0,"mean_bearing_deg":74.57778677849213,"direction":"E","directional_dominance":0.7999999999999999,"transition_probability":0.5766666666666667,"feature_type":"guide_rail","rail_side":"left","line_color":"#111111","line_width":1.6,"draw_order":4},"geometry":{"type":"LineString","coordinates":[[-97.50050547502168,63.39697266497339],[-96.94535128982696,63.39708638737832],[-96.38282222491124,63.39712298994292],[-95.83647247053361,63.3971347167314],[-95.28316940432875,63.39718467022748],[-94.76669055703424,63.39693704067371],[-94.77037622739236,63.428590961944664],[-94.89714032731659,63.43950549199567],[-94.96465036805542,63.450422593422864],[-94.93877346908103,63.4994850961181],[-94.85611262862547,63.599443271343375],[-94.72286771219065,63.849789369530164],[-94.68686475457945,63.998963146952846],[-94.62674807613652,64.2230863026496],[-94.61467025180242,64.43470718224658],[-94.59728302797599,64.6917830038096],[-94.61168808408574,64.8929439113357],[-94.63210361670225,65.14996711051742],[-94.63814624846509,65.45939968694343],[-94.62284730612257,65.71646992606904]]}},{"type":"Feature","properties":{"window":"1997-2001","pathway_id":"1997-2001_P05","rank":5,"pathway_color":"#9467bd","associated_events":2,"data_start_km":0.0,"data_end_km":544.8,"data_path_length_km":544.8,"median_width20_km":184.94,"median_width50_km":209.94,"median_width90_km":259.94,"guide_rail_offset_km":100.0,"mean_bearing_deg":74.57778677849213,"direction":"E","directional_dominance":0.7999999999999999,"transition_probability":0.5766666666666667,"feature_type":"guide_rail","rail_side":"right","line_color":"#111111","line_width":1.6,"draw_order":4},"geometry":{"type":"LineString","coordinates":[[-97.50024880530624,61.602911169477075],[-96.94302911832169,61.60294032333467],[-96.39274466950168,61.60290462191141],[-95.82722825065792,61.60285371309317],[-95.26825145368215,61.60285704261017],[-94.67460727950692,61.60306407635693],[-93.63431543518233,61.71248737692086],[-92.6122772245651,61.9837234642752],[-91.83815753171041,62.36121794144946],[-91.3271423614835,62.759435388313484],[-90.99413312722723,63.136291074027405],[-90.82950235779651,63.38258789029139],[-90.66115866043778,63.73874569348139],[-90.54638998886477,64.02303030719366],[-90.4782552837863,64.32425411856347],[-90.42196931711611,64.58029070915964],[-90.38831191591426,64.8929439113357],[-90.36789638329775,65.14996711051742],[-90.33966797392348,65.35428542441149],[-90.28209608237299,65.6103232936712]]}},{"type":"Feature","properties":{"window":"1997-2001","pathway_id":"1997-2001_P06","rank":6,"pathway_color":"#8c564b","associated_events":3,"data_start_km":44.36,"data_end_km":872.13,"data_path_length_km":827.77,"median_width20_km":73.48,"median_width50_km":122.95,"median_width90_km":185.25,"guide_rail_offset_km":100.0,"mean_bearing_deg":207.42782357787132,"direction":"SW","directional_dominance":0.8222222222222223,"transition_probability":0.8888888888888888,"feature_type":"containment_envelope","containment_level":90,"fill_color":"#8c564b","fill_opacity":0.18,"draw_order":1,"outline":false},"geometry":{"type":"Polygon","coordinates":[[[-102.0115771368449,40.52407302034868],[-101.51245512029801,40.524622991918285],[-101.01649428500636,40.52489931747703],[-100.52369010423939,40.523745050308094],[-100.03401613511208,40.51397266631618],[-98.86171768113526,40.403834434730236],[-97.63486030010667,40.02902950279405],[-96.57876371833736,39.333522570325286],[-95.95101101935124,38.41239435839955],[-95.82492525306357,37.47375154270561],[-95.99922096368736,36.751265212355285],[-96.0388933745852,36.27231038762174],[-95.93953593424447,35.6935909498191],[-95.91050630807754,35.15084314775834],[-95.98438760123564,34.75906573104899],[-96.05554462087186,34.5070422572855],[-96.09430572963502,34.280932529705176],[-96.0730349079209,34.09909135674239],[-96.00668792714276,33.95467065150052],[-95.82637964682951,33.77453606930212],[-97.59460467207073,32.156294671658806],[-98.015781125917,32.575501023480584],[-98.38048174166913,33.12638296308535],[-98.64142206238711,33.69064067990362],[-98.85118407792542,34.232762160186994],[-99.01561239876438,34.75906573104899],[-99.08949369192246,35.15084314775834],[-99.12274639557643,35.39019221548893],[-99.1574821084943,35.58769995335399],[-99.44405423593824,35.86238362138349],[-100.01363737874105,35.83631015204019],[-100.43555127208846,35.51686409113194],[-100.54193357013493,35.09687495082944],[-100.39045382785213,34.74479631815924],[-100.1681059106247,34.549593976072074],[-100.02768164251397,34.48527324493282],[-100.52381651764594,34.47528008095149],[-101.0170371108755,34.47394552820474],[-101.50733947809555,34.4741313042011],[-101.99472376490134,34.474436704914204],[-102.0115771368449,40.52407302034868]]]}},{"type":"Feature","properties":{"window":"1997-2001","pathway_id":"1997-2001_P06","rank":6,"pathway_color":"#8c564b","associated_events":3,"data_start_km":44.36,"data_end_km":872.13,"data_path_length_km":827.77,"median_width20_km":73.48,"median_width50_km":122.95,"median_width90_km":185.25,"guide_rail_offset_km":100.0,"mean_bearing_deg":207.42782357787132,"direction":"SW","directional_dominance":0.8222222222222223,"transition_probability":0.8888888888888888,"feature_type":"containment_envelope","containment_level":50,"fill_color":"#8c564b","fill_opacity":0.35,"draw_order":2,"outline":false},"geometry":{"type":"Polygon","coordinates":[[[-102.00354169448852,38.949445766757094],[-101.50803035095859,38.94977271417802],[-101.0140020994068,38.94999967124869],[-100.52145595196552,38.95024919559696],[-100.03039073893947,38.9504703965137],[-99.21458750734438,38.9059936777641],[-98.35163361425704,38.72865528417337],[-97.53101101923872,38.369059592965655],[-96.90578685137062,37.82750822420873],[-96.5885656504279,37.19093982303816],[-96.53462880634038,36.62077762560954],[-96.57757426597676,36.16058114198717],[-96.48886967538944,35.64733474505827],[-96.45920353750061,35.15678408029733],[-96.5304832937067,34.76466091783497],[-96.5967642802026,34.45911775283459],[-96.61849945853288,34.16450633389609],[-96.55851131713547,33.899945236172755],[-96.42750448294365,33.67224441266353],[-96.1940941297355,33.44516904264892],[-97.23765275501717,32.49000790792159],[-97.60551467746738,32.863497239422195],[-97.90367296137673,33.33284391655642],[-98.12301301293095,33.815813462790636],[-98.31281904739673,34.290744892001655],[-98.4695167062933,34.76466091783497],[-98.5407964624994,35.15678408029733],[-98.57681299132305,35.44831321581866],[-98.62638384821958,35.71077576571316],[-98.91872191760788,36.005537883639505],[-99.27572392361003,36.14023573888003],[-99.5354527996258,36.12870300411742],[-99.66628937142923,36.08414460100167],[-99.74277380964169,36.057001348905025],[-99.8506259514841,36.05079495165712],[-100.02741989287418,36.04996126674146],[-100.52160189388007,36.04996905057559],[-101.01436122733304,36.05003915279458],[-101.50569694995468,36.05017862375672],[-101.99560806234436,36.05026928555408],[-102.00354169448852,38.949445766757094]]]}},{"type":"Feature","properties":{"window":"1997-2001","pathway_id":"1997-2001_P06","rank":6,"pathway_color":"#8c564b","associated_events":3,"data_start_km":44.36,"data_end_km":872.13,"data_path_length_km":827.77,"median_width20_km":73.48,"median_width50_km":122.95,"median_width90_km":185.25,"guide_rail_offset_km":100.0,"mean_bearing_deg":207.42782357787132,"direction":"SW","directional_dominance":0.8222222222222223,"transition_probability":0.8888888888888888,"feature_type":"containment_envelope","containment_level":20,"fill_color":"#8c564b","fill_opacity":0.68,"draw_order":3,"outline":false},"geometry":{"type":"Polygon","coordinates":[[[-102.00053478243359,38.16124983287939],[-101.50667610233411,38.16215514614364],[-101.0134876068865,38.16646662869839],[-100.52097399406988,38.18212616858701],[-100.02919609602972,38.218655738362685],[-99.36639211800387,38.24284103052201],[-98.65016497448552,38.171955303375604],[-97.94238907937716,37.94213738991816],[-97.37883849813137,37.531499907882505],[-97.06414340176666,37.01131447564681],[-96.94150635073821,36.519742304895026],[-96.86436416354606,36.09999224474484],[-96.76329592277934,35.62327606073285],[-96.73357787519208,35.15882511860055],[-96.80355477336849,34.76653642566215],[-96.86713704797499,34.434247916971195],[-96.88004839624843,34.10543936162214],[-96.80038961357242,33.79963583552615],[-96.63686134247233,33.53047207715398],[-96.3768835145102,33.28005239882058],[-97.0581643950819,32.65645748999239],[-97.39936977499114,33.006965163834344],[-97.66441620386783,33.43536538471598],[-97.86324031361406,33.87756568782273],[-98.04336149448416,34.31883881429825],[-98.19644522663152,34.76653642566215],[-98.26642212480792,35.15882511860055],[-98.30355732948482,35.47645541587864],[-98.34235593725673,35.77549667670639],[-98.51706281073116,36.11313171740389],[-98.81054412188632,36.328390648283495],[-99.07908792240417,36.43293249588659],[-99.2740757397438,36.51677029803883],[-99.45988716327439,36.61638019686796],[-99.70667824725749,36.71469449922107],[-100.02773326361601,36.78204567591631],[-100.52105191640605,36.818369783715774],[-101.01366329658214,36.83385326356518],[-101.50562326373534,36.83807888153781],[-101.99693109690571,36.838750008071194],[-102.00053478243359,38.16124983287939]]]}},{"type":"Feature","properties":{"window":"1997-2001","pathway_id":"1997-2001_P06","rank":6,"pathway_color":"#8c564b","associated_events":3,"data_start_km":44.36,"data_end_km":872.13,"data_path_length_km":827.77,"median_width20_km":73.48,"median_width50_km":122.95,"median_width90_km":185.25,"guide_rail_offset_km":100.0,"mean_bearing_deg":207.42782357787132,"direction":"SW","directional_dominance":0.8222222222222223,"transition_probability":0.8888888888888888,"feature_type":"guide_rail","rail_side":"left","line_color":"#111111","line_width":1.6,"draw_order":4},"geometry":{"type":"LineString","coordinates":[[-102.00137760584147,38.40034964932659],[-101.50702751272142,38.40059670337022],[-101.01359246296104,38.40075396088845],[-100.521071847622,38.40094299192891],[-100.02946493484927,38.40113435078359],[-99.33847047258288,38.36567079702123],[-98.62138977885691,38.226006284701015],[-97.93379117565298,37.95112422699359],[-97.35398288357972,37.54715656509689],[-96.92988252176258,37.0622978472032],[-96.66680302944566,36.58813398398154],[-96.53184728294015,36.170170628070956],[-96.437303394546,35.65178476763865],[-96.4024561329432,35.15628459056661],[-96.40768117669667,34.76361705141763],[-96.37461367233036,34.47908878065103],[-96.32668350729537,34.22964167938725],[-96.26648615614252,34.02008520062147],[-96.18277016231175,33.83690731716684],[-95.98865289074146,33.6296450557024]]}},{"type":"Feature","properties":{"window":"1997-2001","pathway_id":"1997-2001_P06","rank":6,"pathway_color":"#8c564b","associated_events":3,"data_start_km":44.36,"data_end_km":872.13,"data_path_length_km":827.77,"median_width20_km":73.48,"median_width50_km":122.95,"median_width90_km":185.25,"guide_rail_offset_km":100.0,"mean_bearing_deg":207.42782357787132,"direction":"SW","directional_dominance":0.8222222222222223,"transition_probability":0.8888888888888888,"feature_type":"guide_rail","rail_side":"right","line_color":"#111111","line_width":1.6,"draw_order":4},"geometry":{"type":"LineString","coordinates":[[-101.99646600932928,36.59958627412048],[-101.5055915661068,36.599573998347154],[-101.01382674870682,36.599503699625394],[-100.5211721830442,36.59949423166192],[-100.02762842221199,36.59951683913674],[-99.73350430012735,36.59176056285844],[-99.48750665936193,36.56213132301205],[-99.28236228549667,36.50769080538151],[-99.10324241087912,36.41693045221714],[-98.94231188921171,36.27536235329931],[-98.78847489559396,36.04060378060587],[-98.67158832359364,35.70040453306351],[-98.62811998780053,35.44295862580748],[-98.5975438670568,35.156284590566614],[-98.59231882330334,34.76361705141763],[-98.53396272867869,34.26722633165904],[-98.41197376710784,33.74636127489158],[-98.19102630047145,33.208761481909974],[-97.84477380560074,32.69594379433097],[-97.43775425990687,32.303375632932045]]}},{"type":"Feature","properties":{"window":"1997-2001","pathway_id":"1997-2001_P07","rank":7,"pathway_color":"#e377c2","associated_events":0,"data_start_km":0.0,"data_end_km":902.92,"data_path_length_km":902.92,"median_width20_km":100.0,"median_width50_km":250.0,"median_width90_km":500.0,"guide_rail_offset_km":100.0,"mean_bearing_deg":71.97750332519449,"direction":"E","directional_dominance":0.8888888888888888,"transition_probability":0.7222222222222222,"feature_type":"containment_envelope","containment_level":90,"fill_color":"#e377c2","fill_opacity":0.18,"draw_order":1,"outline":false},"geometry":{"type":"Polygon","coordinates":[[[-107.51170118465652,66.98375292871371],[-106.59195203002493,66.98421895681759],[-105.67215857824752,66.98461462850268],[-104.68905952558202,66.98463143031572],[-110.40565977137595,66.15618950282688],[-112.5454768960264,64.84390160709981],[-112.89553305012225,64.18281167424084],[-112.87875935263287,64.07261944639095],[-112.85476873942744,64.11391747429983],[-112.95449864369841,64.53755619391069],[-113.02252406566906,64.6814306444759],[-113.25416220158296,65.36175620325031],[-113.42485517280463,66.11325717894927],[-113.47997268061675,66.76412483360306],[-113.19837155973349,68.00009028858541],[-112.20777024868855,69.24265258132058],[-105.77591350800857,71.56241161305434],[-99.6633621139155,71.98166973553],[-98.6264618069428,71.98140148916285],[-97.46963387544703,71.98093662741057],[-97.50176968668924,63.01655359005899],[-98.58736075243624,63.01622985525021],[-99.75491682693281,63.01593196795462],[-97.30323622270842,63.18991449717602],[-92.81720866258807,64.43197557155744],[-92.17533656326398,64.78497362109015],[-91.74936243609748,65.13168870850917],[-91.87727074070222,64.9388094337296],[-91.90853856362571,64.84269343321024],[-91.97747593433094,64.6814306444759],[-92.27038455489023,63.988138022582405],[-92.48196445689634,63.57268456549722],[-92.96821870403247,62.792528517175285],[-93.70324039596953,61.895173821467836],[-95.27281492844644,60.567515112629806],[-98.81007681533146,58.92169024670498],[-104.77550566684853,58.012671725542695],[-105.6551239620247,58.01298932445316],[-106.58136419642942,58.01313476642955],[-107.50762106682662,58.013347912393286],[-107.51170118465652,66.98375292871371]]]}},{"type":"Feature","properties":{"window":"1997-2001","pathway_id":"1997-2001_P07","rank":7,"pathway_color":"#e377c2","associated_events":0,"data_start_km":0.0,"data_end_km":902.92,"data_path_length_km":902.92,"median_width20_km":100.0,"median_width50_km":250.0,"median_width90_km":500.0,"guide_rail_offset_km":100.0,"mean_bearing_deg":71.97750332519449,"direction":"E","directional_dominance":0.8888888888888888,"transition_probability":0.7222222222222222,"feature_type":"containment_envelope","containment_level":50,"fill_color":"#e377c2","fill_opacity":0.35,"draw_order":2,"outline":false},"geometry":{"type":"Polygon","coordinates":[[[-107.50284025894612,64.74221933248158],[-106.58245741994827,64.7425162781517],[-105.66205095828387,64.74277704613519],[-104.71262876708882,64.74270662555726],[-106.9410147947687,64.44510362260682],[-107.75530557605049,63.98389039410119],[-107.83413675282728,63.86200838568724],[-107.76197650088483,64.01706594391744],[-107.72037324762844,64.24993164120099],[-107.74030290509322,64.67600274941098],[-107.79791584865828,64.96137578745092],[-107.87749685105678,65.51726474256849],[-107.89331747563035,66.10787414381129],[-107.82357267507005,66.64603975560846],[-107.45622081857536,67.4673549559775],[-106.63830266481624,68.26987526238153],[-103.05141401993657,69.51375918196422],[-99.69861291172478,69.74116030541309],[-98.62089390632204,69.74101738162511],[-97.48952778480664,69.74075849770806],[-97.50353068596827,65.25861335141178],[-98.60064741166222,65.25848018813436],[-99.74219542001451,65.25833779795776],[-98.91387425223735,65.32014340645986],[-96.96035820985774,65.84168692361277],[-96.90587730861324,65.84177821484309],[-96.88572923705706,65.8200392012759],[-97.04474060918913,65.51374362842651],[-97.12874518382034,65.254743984849],[-97.20208415134171,64.96137578745092],[-97.3297476387023,64.3983371183474],[-97.46873461159024,63.97649655093511],[-97.74943268641522,63.37067058229393],[-98.19550024723856,62.70767898491762],[-99.11682094118883,61.82986452714193],[-101.20242453337843,60.815887149632395],[-104.75551668553199,60.25676660066286],[-105.65436329515124,60.25700340888247],[-106.57812810276604,60.25701276886186],[-107.50189892768583,60.257054906052915],[-107.50284025894612,64.74221933248158]]]}},{"type":"Feature","properties":{"window":"1997-2001","pathway_id":"1997-2001_P07","rank":7,"pathway_color":"#e377c2","associated_events":0,"data_start_km":0.0,"data_end_km":902.92,"data_path_length_km":902.92,"median_width20_km":100.0,"median_width50_km":250.0,"median_width90_km":500.0,"guide_rail_offset_km":100.0,"mean_bearing_deg":71.97750332519449,"direction":"E","directional_dominance":0.8888888888888888,"transition_probability":0.7222222222222222,"feature_type":"containment_envelope","containment_level":20,"fill_color":"#e377c2","fill_opacity":0.68,"draw_order":3,"outline":false},"geometry":{"type":"Polygon","coordinates":[[[-107.50050547502168,63.39697266497339],[-106.57936681805006,63.39716814300887],[-105.65821484514487,63.39734802736735],[-104.72600050330065,63.397226778440476],[-105.06725521284858,63.382265017505176],[-105.02963650915495,63.394833967176645],[-104.86350033062195,63.585430107035194],[-104.7132988025537,63.89709605478331],[-104.62736767770187,64.24413511404093],[-104.59875410301936,64.67020450905568],[-104.6233428052826,65.0403225351118],[-104.63464028022743,65.51871700689739],[-104.59049937910278,66.0103242712107],[-104.47134628217397,66.4791600544252],[-104.1481670884775,67.05426975632295],[-103.53137525171336,67.6036034023483],[-101.65327860335255,68.26713874142014],[-99.71484178418338,68.39657680567946],[-98.61589983201722,68.39651526003932],[-97.49675976615407,68.39637615594306],[-97.50213853491813,66.60352330788484],[-98.60772632080207,66.6035058361971],[-99.7320383706319,66.60345301479745],[-100.00904736307119,66.58889195799662],[-99.66236746413247,66.62974936664916],[-99.92374787202553,66.40198655723881],[-100.08797635961727,66.14763999815791],[-100.24256086263811,65.771881327681],[-100.32648605156004,65.41336645415083],[-100.3766571947174,65.0403225351118],[-100.42673562754227,64.55880025618573],[-100.51929082565968,64.13443905529039],[-100.70178419571555,63.637813471383154],[-101.003262410352,63.12250234794776],[-101.5740859432052,62.53143574005092],[-102.77844375183585,61.929252221724326],[-104.7431190619473,61.602855234968864],[-105.65523029471238,61.60304295008755],[-106.577740324981,61.60297106979174],[-107.50024880530624,61.602911169477075],[-107.50050547502168,63.39697266497339]]]}},{"type":"Feature","properties":{"window":"1997-2001","pathway_id":"1997-2001_P07","rank":7,"pathway_color":"#e377c2","associated_events":0,"data_start_km":0.0,"data_end_km":902.92,"data_path_length_km":902.92,"median_width20_km":100.0,"median_width50_km":250.0,"median_width90_km":500.0,"guide_rail_offset_km":100.0,"mean_bearing_deg":71.97750332519449,"direction":"E","directional_dominance":0.8888888888888888,"transition_probability":0.7222222222222222,"feature_type":"guide_rail","rail_side":"left","line_color":"#111111","line_width":1.6,"draw_order":4},"geometry":{"type":"LineString","coordinates":[[-107.50050547502168,63.39697266497339],[-106.57936681805006,63.39716814300887],[-105.65821484514487,63.39734802736735],[-104.72600050330065,63.397226778440476],[-105.06725521284858,63.382265017505176],[-105.02963650915495,63.394833967176645],[-104.86350033062195,63.585430107035194],[-104.7132988025537,63.89709605478331],[-104.62736767770187,64.24413511404094],[-104.59875410301937,64.67020450905568],[-104.62334280528262,65.0403225351118],[-104.63464028022743,65.51871700689739],[-104.59049937910278,66.0103242712107],[-104.47134628217398,66.4791600544252],[-104.1481670884775,67.05426975632295],[-103.53137525171336,67.6036034023483],[-101.65327860335255,68.26713874142014],[-99.71484178418338,68.39657680567946],[-98.61589983201722,68.39651526003932],[-97.49675976615407,68.39637615594306]]}},{"type":"Feature","properties":{"window":"1997-2001","pathway_id":"1997-2001_P07","rank":7,"pathway_color":"#e377c2","associated_events":0,"data_start_km":0.0,"data_end_km":902.92,"data_path_length_km":902.92,"median_width20_km":100.0,"median_width50_km":250.0,"median_width90_km":500.0,"guide_rail_offset_km":100.0,"mean_bearing_deg":71.97750332519449,"direction":"E","directional_dominance":0.8888888888888888,"transition_probability":0.7222222222222222,"feature_type":"guide_rail","rail_side":"right","line_color":"#111111","line_width":1.6,"draw_order":4},"geometry":{"type":"LineString","coordinates":[[-107.50024880530624,61.602911169477075],[-106.577740324981,61.60297106979174],[-105.65523029471238,61.60304295008755],[-104.7431190619473,61.602855234968864],[-102.77844375183585,61.929252221724326],[-101.5740859432052,62.53143574005092],[-101.003262410352,63.12250234794776],[-100.70178419571555,63.637813471383154],[-100.51929082565968,64.13443905529039],[-100.42673562754227,64.55880025618573],[-100.37665719471738,65.0403225351118],[-100.32648605156004,65.41336645415083],[-100.24256086263811,65.771881327681],[-100.08797635961727,66.14763999815791],[-99.92374787202553,66.40198655723881],[-99.66236746413247,66.62974936664916],[-100.00904736307119,66.58889195799662],[-99.7320383706319,66.60345301479745],[-98.60772632080207,66.6035058361971],[-97.50213853491813,66.60352330788484]]}},{"type":"Feature","properties":{"window":"1997-2001","pathway_id":"1997-2001_P08","rank":8,"pathway_color":"#7f7f7f","associated_events":5,"data_start_km":1.4,"data_end_km":1212.28,"data_path_length_km":1210.88,"median_width20_km":76.4,"median_width50_km":131.06,"median_width90_km":223.27,"guide_rail_offset_km":100.0,"mean_bearing_deg":106.81504436679297,"direction":"E","directional_dominance":0.8333333333333333,"transition_probability":0.41666666666666663,"feature_type":"containment_envelope","containment_level":90,"fill_color":"#7f7f7f","fill_opacity":0.18,"draw_order":1,"outline":false},"geometry":{"type":"Polygon","coordinates":[[[120.63500060556396,48.003481403585134],[121.39993587020166,48.26203662079662],[122.29417582783606,48.52486558853208],[123.16011352083751,48.6320957125364],[124.07947029496546,48.57936563442999],[125.93913097397109,48.55268671701285],[128.22301231996505,48.07805239452978],[128.93735287602692,47.7653192473271],[130.34440437607083,46.54934409032199],[130.7271944994086,45.013567515609715],[130.72512802483521,44.421966589804505],[130.7029993548117,43.738199492072965],[131.0098227457459,44.70601156366483],[129.18085699275036,45.92905814518983],[126.64398545738368,45.217870190803076],[127.43825081329373,45.45959139909127],[128.1563991676619,45.39058777630463],[129.95057334742012,45.70028637402324],[131.21185411224906,45.76161310915208],[132.0297888126488,45.83310175888182],[132.66772249996006,43.81400446150214],[131.91483681789248,43.62867866213937],[131.69998288872534,43.20291622887304],[132.18476493148341,42.810367136352674],[131.78639586170965,41.89364782793777],[131.38183492695867,41.364598762443265],[127.55969770759555,40.89166838735807],[124.82394560184048,42.81387318295909],[124.732466559425,44.86400148593255],[125.13237893639428,45.29981658522164],[125.48641788070995,45.83660902849885],[125.75591295736359,45.410508780414474],[126.55674118857957,45.276928472469066],[125.87612657131797,45.592036632868556],[126.55127644565368,45.357156918043714],[126.73213700247749,45.05949396562544],[126.14558046318746,44.47220603311948],[125.50651537084661,44.06948948007443],[124.92605996137235,43.79583119818168],[124.24975121519765,43.497307392790454],[120.63500060556396,48.003481403585134]]]}},{"type":"Feature","properties":{"window":"1997-2001","pathway_id":"1997-2001_P08","rank":8,"pathway_color":"#7f7f7f","associated_events":5,"data_start_km":1.4,"data_end_km":1212.28,"data_path_length_km":1210.88,"median_width20_km":76.4,"median_width50_km":131.06,"median_width90_km":223.27,"guide_rail_offset_km":100.0,"mean_bearing_deg":106.81504436679297,"direction":"E","directional_dominance":0.8333333333333333,"transition_probability":0.41666666666666663,"feature_type":"containment_envelope","containment_level":50,"fill_color":"#7f7f7f","fill_opacity":0.35,"draw_order":2,"outline":false},"geometry":{"type":"Polygon","coordinates":[[[120.97446525068716,47.616469709113325],[121.78958761474735,47.809479294327026],[122.73854159188625,47.9571777889005],[123.63414328683075,48.01918477667271],[124.49895614009341,48.05716594478598],[126.02917326049356,48.10706877451705],[127.85262565532275,47.70371400134867],[128.5641535784987,47.393209908989306],[129.5818835850542,46.375838683274736],[129.84468604731575,45.17069137300527],[129.72221153909754,44.60167139683121],[129.48925679618333,43.996257035023625],[129.49933878728484,44.28614376203054],[128.71748992277844,44.57850715464521],[128.08941669470244,44.11451218760661],[128.7927880854363,44.41124055689128],[129.33496637516464,44.67319901164617],[130.39810291940353,45.08355930737684],[131.36013341489297,45.32414548524946],[132.17190744200116,45.3946830671313],[132.53251337461256,44.25304434120641],[131.7743901740787,44.06688374946216],[131.27958568559671,43.82459802862991],[131.07709935116327,43.55657549384661],[130.53960858315452,42.976937054701914],[130.0604895652624,42.50924890797869],[127.96885754541148,42.24783295579612],[126.2630230946832,43.29562845976377],[125.9837494464947,44.657501506877935],[126.1605721836213,45.16086987766077],[126.39040185044422,45.71329885608201],[126.49283419017382,45.60898750026577],[126.90227903727185,45.65543256351747],[126.21897951234456,45.97255142354041],[126.47022189108014,45.803403293466566],[126.35697828006124,45.589873301400964],[125.73016313596946,45.095627057963426],[125.1219141960139,44.64810928743475],[124.59014535033464,44.25923749947535],[123.95809597576482,43.89427216029008],[120.97446525068716,47.616469709113325]]]}},{"type":"Feature","properties":{"window":"1997-2001","pathway_id":"1997-2001_P08","rank":8,"pathway_color":"#7f7f7f","associated_events":5,"data_start_km":1.4,"data_end_km":1212.28,"data_path_length_km":1210.88,"median_width20_km":76.4,"median_width50_km":131.06,"median_width90_km":223.27,"guide_rail_offset_km":100.0,"mean_bearing_deg":106.81504436679297,"direction":"E","directional_dominance":0.8333333333333333,"transition_probability":0.41666666666666663,"feature_type":"containment_envelope","containment_level":20,"fill_color":"#7f7f7f","fill_opacity":0.68,"draw_order":3,"outline":false},"geometry":{"type":"Polygon","coordinates":[[[121.31853604226319,47.216988075794895],[122.15017198051919,47.3821014705816],[123.0949261694517,47.491177776034846],[123.98218278827358,47.55825750609059],[124.80864479618742,47.663668025345544],[126.10050701462177,47.74826442952614],[127.57310767491617,47.41686487908328],[128.249690772419,47.07461072230473],[128.99401238429812,46.237862220757755],[129.1951818681622,45.281471447644215],[128.9969868982446,44.72546691219712],[128.6697074863232,44.16194061230654],[128.62485346296353,44.0308908278739],[128.50045550448044,43.92221348935056],[128.6388115901242,43.679017178104424],[129.22541226383282,44.064833291431505],[129.69102840341202,44.450512658897175],[130.54189306810912,44.88223670121797],[131.43347666183604,45.10533722663033],[132.24221437833785,45.175406568254765],[132.46422166655844,44.47250203214611],[131.70344475259134,44.28591778833622],[131.140768846112,44.02682877035734],[130.73153856011766,43.78352795423278],[130.12227488990845,43.32829914945259],[129.53176746724046,42.95161793752525],[128.17397195867954,42.9053616116706],[127.11641933665135,43.569134296447956],[126.81754768639007,44.511363360187154],[126.89705517021554,45.0552095523961],[127.05004685137953,45.61847176481718],[127.06773056366387,45.75961293857122],[127.20091157378738,45.977690806920414],[126.48410889619879,46.26262773972993],[126.40399998041158,46.162565215415206],[126.07031932983432,45.98762020832487],[125.41260316554116,45.56201875430868],[124.80125518218642,45.12064280919128],[124.26887758401807,44.6945509663384],[123.6536717517032,44.302005491882255],[121.31853604226319,47.216988075794895]]]}},{"type":"Feature","properties":{"window":"1997-2001","pathway_id":"1997-2001_P08","rank":8,"pathway_color":"#7f7f7f","associated_events":5,"data_start_km":1.4,"data_end_km":1212.28,"data_path_length_km":1210.88,"median_width20_km":76.4,"median_width50_km":131.06,"median_width90_km":223.27,"guide_rail_offset_km":100.0,"mean_bearing_deg":106.81504436679297,"direction":"E","directional_dominance":0.8333333333333333,"transition_probability":0.41666666666666663,"feature_type":"guide_rail","rail_side":"left","line_color":"#111111","line_width":1.6,"draw_order":4},"geometry":{"type":"LineString","coordinates":[[121.88028466740309,46.54876752435484],[122.60547830166274,46.83038769870763],[123.3789900207521,47.11275434953873],[124.12423138509291,47.36742300613417],[124.83878474281033,47.62500393073374],[126.08092918685657,47.84725357165432],[127.74515697094125,47.593872673107974],[128.44783434354508,47.275903557124614],[129.2493512526753,46.298244587087716],[129.36912143788732,45.2522059921785],[129.18195233015126,44.69438106347265],[128.9543398223601,44.10517470341272],[129.0189684196813,44.14704652328172],[128.62140386320885,44.289857164539306],[128.25601333978068,43.98340936968698],[128.8459834645438,44.36895347535293],[129.27148618029196,44.712607118492464],[130.27272580056933,45.25783664112372],[131.27672947187,45.5710150579277],[132.07278820537874,45.701132232900235]]}},{"type":"Feature","properties":{"window":"1997-2001","pathway_id":"1997-2001_P08","rank":8,"pathway_color":"#7f7f7f","associated_events":5,"data_start_km":1.4,"data_end_km":1212.28,"data_path_length_km":1210.88,"median_width20_km":76.4,"median_width50_km":131.06,"median_width90_km":223.27,"guide_rail_offset_km":100.0,"mean_bearing_deg":106.81504436679297,"direction":"E","directional_dominance":0.8333333333333333,"transition_probability":0.41666666666666663,"feature_type":"guide_rail","rail_side":"right","line_color":"#111111","line_width":1.6,"draw_order":4},"geometry":{"type":"LineString","coordinates":[[123.13651306197289,44.97950443334554],[123.84812395261224,45.25323746235785],[124.53745874139418,45.5027723077603],[125.27978999327593,45.754508861778234],[126.04196479580241,46.02661369313504],[126.42235647505538,46.063490630245674],[126.32025384668196,46.08378211183995],[127.01193110513009,45.77428003550597],[126.81729662796494,45.694449490190955],[126.87385931644707,45.64420161724666],[126.7097739305554,45.08256598212427],[126.52897053409299,44.562719432817495],[126.72993093520637,43.44637901446429],[128.05854566335722,42.53714578836563],[129.90176939793315,42.64297095231423],[130.48881154974845,43.02000136404179],[131.13816237917194,43.51618533138258],[131.3991179680828,43.64925339421355],[131.85387261377286,43.81964494587781],[132.62720742324507,43.946197326076984]]}},{"type":"Feature","properties":{"window":"1997-2001","pathway_id":"1997-2001_P09","rank":9,"pathway_color":"#bcbd22","associated_events":3,"data_start_km":0.0,"data_end_km":974.48,"data_path_length_km":974.48,"median_width20_km":126.56,"median_width50_km":180.76,"median_width90_km":448.19,"guide_rail_offset_km":100.0,"mean_bearing_deg":109.93558529193277,"direction":"E","directional_dominance":0.8888888888888888,"transition_probability":0.75,"feature_type":"containment_envelope","containment_level":90,"fill_color":"#bcbd22","fill_opacity":0.18,"draw_order":1,"outline":false},"geometry":{"type":"Polygon","coordinates":[[[-117.50567490867441,64.05434819501275],[-116.50702783515959,64.0573586306897],[-115.5083414018418,64.0802419753062],[-113.38589024400207,64.09796919190512],[-110.22058622829996,63.656148071291426],[-107.32081775450717,63.00628964331896],[-104.63258511073188,62.293732837892634],[-102.81878542457176,61.39824422446695],[-102.16291693894506,60.49303607576252],[-102.22716700155591,59.67439097357399],[-102.38153581824268,59.60010855363302],[-102.7000424245027,59.16655311524167],[-103.05776639805664,59.183488969148215],[-103.98654835873243,60.14528407321024],[-105.09265555611219,60.54864700784085],[-106.47570815178058,60.950372920855614],[-110.07213693929772,61.44371912644657],[-109.18325527566157,61.44196158095414],[-108.33741877557179,61.49649611173579],[-107.4919003705507,61.54761693626069],[-107.49254194824941,53.44977056407227],[-108.35809802891728,53.501136272821846],[-109.22335891131546,53.55581214547944],[-110.05370970542835,53.55455930566205],[-114.54669109500368,54.09720953093337],[-117.0848484985491,54.91228444765188],[-119.1384909636497,55.92753022193929],[-121.08080814431663,57.583114420907535],[-121.94095685213621,58.42603723097203],[-122.37936062389274,58.86172031384296],[-122.7728329984441,59.67439097357399],[-122.67888633252524,59.787699587600706],[-121.98151467232138,59.90891674871653],[-120.43543114667318,60.14131479812094],[-118.4853711234797,60.52564602641665],[-116.79603212489631,60.78805001613393],[-115.54470140855113,60.8471380119499],[-115.51357900890179,60.919885254716874],[-116.50545386817669,60.94255800762407],[-117.49740568290716,60.945301739093615],[-117.50567490867441,64.05434819501275]]]}},{"type":"Feature","properties":{"window":"1997-2001","pathway_id":"1997-2001_P09","rank":9,"pathway_color":"#bcbd22","associated_events":3,"data_start_km":0.0,"data_end_km":974.48,"data_path_length_km":974.48,"median_width20_km":126.56,"median_width50_km":180.76,"median_width90_km":448.19,"guide_rail_offset_km":100.0,"mean_bearing_deg":109.93558529193277,"direction":"E","directional_dominance":0.8888888888888888,"transition_probability":0.75,"feature_type":"containment_envelope","containment_level":50,"fill_color":"#bcbd22","fill_opacity":0.35,"draw_order":2,"outline":false},"geometry":{"type":"Polygon","coordinates":[[[-117.50365113266486,63.595995949715146],[-116.50620603620567,63.59067638380291],[-115.50879180758697,63.578573634032225],[-113.81575409744795,63.50707443714476],[-111.72443787263644,63.07277300595843],[-110.27773531578242,62.472136547302924],[-109.32113967873129,61.87181667769895],[-108.7160771550948,61.24118931332054],[-108.5256176434448,60.61490361532846],[-108.7507151860295,60.023626478742884],[-109.08767946827953,59.69836747372189],[-109.23850165383661,59.241101680414786],[-109.18603587434498,58.94004266950946],[-109.23237381838014,58.99771356182575],[-109.23305895735044,58.92476119343654],[-109.27782754887491,58.917463291027246],[-110.06893064969567,59.11346208122923],[-109.19985674979611,59.32313349875421],[-108.34778964203036,59.651213282952185],[-107.49739300575754,59.91740149985692],[-107.49711019619227,55.081665985524154],[-108.35828477688302,55.348234468922996],[-109.21782570573295,55.67660101787565],[-110.0612143154625,55.88687704769828],[-112.39792294628596,56.24331163928875],[-113.7542278195333,56.78378598405853],[-114.678745218468,57.47256936061673],[-115.31781056056666,58.39331552639219],[-115.58719839162002,58.99571972583694],[-115.86643871382901,59.44692752605773],[-116.24928481397052,60.02362647874287],[-116.50394367774442,60.339345179688216],[-116.45599436663834,60.6370149653412],[-116.18470556640457,60.93360670758251],[-115.86394135000822,61.227832647905714],[-115.49957697325041,61.42282292986757],[-115.18377795710148,61.443061380503785],[-115.51239229569643,61.42174571545977],[-116.50514511266944,61.40941861877596],[-117.49787807082843,61.40382999603668],[-117.50365113266486,63.595995949715146]]]}},{"type":"Feature","properties":{"window":"1997-2001","pathway_id":"1997-2001_P09","rank":9,"pathway_color":"#bcbd22","associated_events":3,"data_start_km":0.0,"data_end_km":974.48,"data_path_length_km":974.48,"median_width20_km":126.56,"median_width50_km":180.76,"median_width90_km":448.19,"guide_rail_offset_km":100.0,"mean_bearing_deg":109.93558529193277,"direction":"E","directional_dominance":0.8888888888888888,"transition_probability":0.75,"feature_type":"containment_envelope","containment_level":20,"fill_color":"#bcbd22","fill_opacity":0.68,"draw_order":3,"outline":false},"geometry":{"type":"Polygon","coordinates":[[[-117.50277120432426,63.371790297481496],[-116.50589084814655,63.36644493367399],[-115.5090435123644,63.35432200699522],[-113.9667742004364,63.293294126212146],[-112.20067770071526,62.87971646802354],[-111.10511732544592,62.30792507278909],[-110.4543599342315,61.744018511307786],[-110.16765478843752,61.16298073030257],[-110.19882133777315,60.59677587118359],[-110.40538082017261,60.060211746929845],[-110.54099888425463,59.67431574077581],[-110.42584011429378,59.21914480035144],[-110.13994721623601,58.87532206372478],[-109.96856047708286,58.81260031149997],[-109.81550891023058,58.67199550999545],[-109.70787897950731,58.576533592493256],[-110.06805918038395,58.66044926984475],[-109.20332806032947,58.77786361212262],[-108.35071861592493,58.94709116512807],[-107.49904186059565,59.04374261573986],[-107.49872358524036,55.955877034388216],[-108.35768404632387,56.05276240085748],[-109.21586684073657,56.222142558327725],[-110.0624977083317,56.34009001086953],[-112.0201343102399,56.59327202425847],[-113.22994906335671,57.05422977515052],[-113.99588178502633,57.68437476650757],[-114.38896119360379,58.496360914492506],[-114.41364760311882,59.0649644610842],[-114.4301144123661,59.530002065127846],[-114.59461917982738,60.060211746929845],[-114.85303712200138,60.435939901770425],[-115.04847520204166,60.781790746271014],[-115.10688367230011,61.1077571619178],[-115.09176499910397,61.41955030379047],[-115.06665594548268,61.62659695872349],[-115.05005002801428,61.65810296112587],[-115.5119018682056,61.64605977641571],[-116.50505970437646,61.6337134112919],[-117.49819577562236,61.62809957595475],[-117.50277120432426,63.371790297481496]]]}},{"type":"Feature","properties":{"window":"1997-2001","pathway_id":"1997-2001_P09","rank":9,"pathway_color":"#bcbd22","associated_events":3,"data_start_km":0.0,"data_end_km":974.48,"data_path_length_km":974.48,"median_width20_km":126.56,"median_width50_km":180.76,"median_width90_km":448.19,"guide_rail_offset_km":100.0,"mean_bearing_deg":109.93558529193277,"direction":"E","directional_dominance":0.8888888888888888,"transition_probability":0.75,"feature_type":"guide_rail","rail_side":"left","line_color":"#111111","line_width":1.6,"draw_order":4},"geometry":{"type":"LineString","coordinates":[[-117.50286620737258,63.39689115622477],[-116.50593099268254,63.39712669638685],[-115.50899290090364,63.397315795257875],[-113.9386738912063,63.33332192667049],[-112.2311826773343,62.86720978844662],[-111.38736744619686,62.250376855224815],[-110.98823274954727,61.6802130535757],[-110.79062098140653,61.12454139204462],[-110.71142943272636,60.587041083283744],[-110.70416292730431,60.06460542489709],[-110.71978715857541,59.670239273770974],[-110.67833067202541,59.21306567427006],[-110.56883004588944,58.84382334311252],[-110.49250245567885,58.67701965501098],[-110.28144389594111,58.46513986547005],[-109.99019074602613,58.348190373832466],[-110.06752082497052,58.39816236536066],[-109.20557105059844,58.39785964422177],[-108.35264539978853,58.39775033725168],[-107.49973353142977,58.39756839589408]]}},{"type":"Feature","properties":{"window":"1997-2001","pathway_id":"1997-2001_P09","rank":9,"pathway_color":"#bcbd22","associated_events":3,"data_start_km":0.0,"data_end_km":974.48,"data_path_length_km":974.48,"median_width20_km":126.56,"median_width50_km":180.76,"median_width90_km":448.19,"guide_rail_offset_km":100.0,"mean_bearing_deg":109.93558529193277,"direction":"E","directional_dominance":0.8888888888888888,"transition_probability":0.75,"feature_type":"guide_rail","rail_side":"right","line_color":"#111111","line_width":1.6,"draw_order":4},"geometry":{"type":"LineString","coordinates":[[-117.49815731796512,61.60299228431212],[-116.50506892748686,61.603023838547905],[-115.51199393585118,61.60305514085398],[-115.07521975314397,61.61786140880368],[-115.03853828852442,61.639694104478394],[-114.82424003772914,61.48442847918695],[-114.59187109859064,61.18731728948675],[-114.43836559138171,60.839611513727704],[-114.34492668431054,60.461464463433536],[-114.29583707269568,60.06460542489709],[-114.2527846072483,59.53913562924935],[-114.16328166630892,59.07832070851474],[-113.96841526931105,58.540592725673505],[-113.50041040239084,57.83419317624992],[-112.79927827891046,57.2717950671195],[-111.76405087478624,56.8261460195798],[-110.0632127619733,56.602462917031055],[-109.21436161074793,56.602279366006755],[-108.35693675384152,56.602309580635264],[-107.49951218328454,56.602303020441155]]}},{"type":"Feature","properties":{"window":"1997-2001","pathway_id":"1997-2001_P10","rank":10,"pathway_color":"#17becf","associated_events":1,"data_start_km":0.0,"data_end_km":543.54,"data_path_length_km":543.54,"median_width20_km":50.0,"median_width50_km":100.0,"median_width90_km":200.0,"guide_rail_offset_km":100.0,"mean_bearing_deg":26.22125321255961,"direction":"NE","directional_dominance":0.6666666666666666,"transition_probability":0.8333333333333334,"feature_type":"containment_envelope","containment_level":90,"fill_color":"#17becf","fill_opacity":0.18,"draw_order":1,"outline":false},"geometry":{"type":"Polygon","coordinates":[[[-114.75836918467486,37.475091363363696],[-114.7664657566032,37.732795583247565],[-114.77464777212796,37.990460932994324],[-114.78291816471517,38.24799385506335],[-114.79127123687844,38.505622237524356],[-114.79972524043572,38.76335533580675],[-114.80826440687619,39.020785834879405],[-114.81690044652328,39.27854635898398],[-114.82562848023403,39.53595152543865],[-114.83446098695443,39.79373906479203],[-114.84337375057156,40.051118939900306],[-114.8424728326891,40.50312369691141],[-114.81504636391709,40.7597370626349],[-114.78366733343559,41.048111793122],[-114.66645576480495,41.512143235477886],[-114.4598871854165,42.06117526464214],[-114.32599319804038,42.298571520948855],[-113.90936730257708,42.86238571234595],[-113.70603429485533,43.07207580666524],[-113.0317423044014,43.56712450192675],[-109.99318490413448,40.763453020064624],[-109.84183778499423,40.9129220093724],[-110.05085427505537,40.71010930826105],[-109.95449213807447,40.81831407740603],[-110.10118472649056,40.58615942595553],[-110.05110515437418,40.63286776071392],[-110.08012475827827,40.59490203301796],[-110.11972329781693,40.37124279818277],[-110.16501819933721,40.11596141955678],[-110.15652059241461,40.05287223287937],[-110.16545329471869,39.79531908483968],[-110.17427122642832,39.53814833475608],[-110.18300150209721,39.28056948800009],[-110.19163443498489,39.02332084580915],[-110.20017766096656,38.76571665674828],[-110.20862215007183,38.50839004733911],[-110.2169863268895,38.25093350418076],[-110.22525452461628,37.993356395516955],[-110.23343496457376,37.73588683141548],[-110.24152720351047,37.478431284458956],[-114.75836918467486,37.475091363363696]]]}},{"type":"Feature","properties":{"window":"1997-2001","pathway_id":"1997-2001_P10","rank":10,"pathway_color":"#17becf","associated_events":1,"data_start_km":0.0,"data_end_km":543.54,"data_path_length_km":543.54,"median_width20_km":50.0,"median_width50_km":100.0,"median_width90_km":200.0,"guide_rail_offset_km":100.0,"mean_bearing_deg":26.22125321255961,"direction":"NE","directional_dominance":0.6666666666666666,"transition_probability":0.8333333333333334,"feature_type":"containment_envelope","containment_level":50,"fill_color":"#17becf","fill_opacity":0.35,"draw_order":2,"outline":false},"geometry":{"type":"Polygon","coordinates":[[[-113.62937908449173,37.49335398837319],[-113.63342887686927,37.751087374090936],[-113.63752133364122,38.00879596874737],[-113.64166105015254,38.26643295846948],[-113.64583621572086,38.5241123438774],[-113.6500641210359,38.781838742862554],[-113.65433842436977,39.03940838300582],[-113.65865440847983,39.297137742842786],[-113.6630237399838,39.55468393573978],[-113.6674394214047,39.81241602568731],[-113.671896819451,40.0699387726638],[-113.66822100383276,40.42468922791565],[-113.63625664557453,40.68106793723986],[-113.6019048898366,40.953300592958655],[-113.50109486210712,41.31018624836049],[-113.35156903063496,41.70845387091827],[-113.2142332653816,41.94458984529325],[-112.92008614947834,42.33697001073622],[-112.71508676994544,42.544936125837864],[-112.24632868928525,42.87416080976413],[-110.72771406739957,41.47208866581804],[-110.78332444086199,41.46506636657588],[-110.99115737414046,41.260540978908644],[-111.02842782233871,41.204205779452664],[-111.17216115249074,40.97069343109434],[-111.19311168389139,40.870380608753614],[-111.24972334241251,40.72660622315497],[-111.28818136236347,40.486744568814736],[-111.32908652912175,40.23103286988651],[-111.32804318986814,40.07081579936831],[-111.33251551372493,39.813206383194846],[-111.33693190288025,39.55578280634242],[-111.34129843571367,39.29814974035816],[-111.34562351649228,39.0406764172735],[-111.349896853637,38.78301989929046],[-111.35412451400715,38.52549681884355],[-111.35831416657727,38.267903383224244],[-111.3624498163408,38.01024429097519],[-111.36654454109045,37.75263362282757],[-111.37059499258292,37.495024615975545],[-113.62937908449173,37.49335398837319]]]}},{"type":"Feature","properties":{"window":"1997-2001","pathway_id":"1997-2001_P10","rank":10,"pathway_color":"#17becf","associated_events":1,"data_start_km":0.0,"data_end_km":543.54,"data_path_length_km":543.54,"median_width20_km":50.0,"median_width50_km":100.0,"median_width90_km":200.0,"guide_rail_offset_km":100.0,"mean_bearing_deg":26.22125321255961,"direction":"NE","directional_dominance":0.6666666666666666,"transition_probability":0.8333333333333334,"feature_type":"containment_envelope","containment_level":20,"fill_color":"#17becf","fill_opacity":0.68,"draw_order":3,"outline":false},"geometry":{"type":"Polygon","coordinates":[[[-113.06471548806769,37.498129562601385],[-113.06673996015803,37.75585469852508],[-113.06878551314001,38.01356187161642],[-113.07085700209666,38.27122765741952],[-113.07294092742676,38.5289090591125],[-113.07505417689141,38.78660836979403],[-113.07719260207269,39.04422367662435],[-113.07934720464286,39.301913238704856],[-113.08153362050653,39.55950556970249],[-113.0837398007108,39.817185227483506],[-113.08596583273356,40.074754549073916],[-113.08218867505623,40.38086051374835],[-113.04797097793254,40.63709700746873],[-113.01236318740139,40.90124526772367],[-112.9211964250346,41.20469054046887],[-112.80204986581869,41.528006107250235],[-112.66305423476719,41.76349851996177],[-112.43170995530416,42.071006976707444],[-112.22594134143114,42.2781116049724],[-111.86027553155519,42.525615167955394],[-111.10105122801731,41.82454956009013],[-111.26010221551236,41.738140117208694],[-111.46728658206989,41.53275610633327],[-111.57014468007773,41.39327455643701],[-111.71233887561475,41.15909430986149],[-111.76716634562867,40.98476672032464],[-111.83622110511871,40.78788688905032],[-111.87388159008277,40.53992578729252],[-111.91257051613516,40.28402292602848],[-111.91398560508658,40.07519310998401],[-111.91622530843856,39.81758044970047],[-111.91843602072383,39.56005506328397],[-111.92061837649189,39.30241929162237],[-111.92278512942832,39.04485775989978],[-111.9249213307319,38.78719901004064],[-111.92703665472023,38.52960136789632],[-111.92913591333578,38.27196294486659],[-111.93120286705671,38.014286106645],[-111.93325164968945,37.75662790102086],[-111.9352780299517,37.498964959832925],[-113.06471548806769,37.498129562601385]]]}},{"type":"Feature","properties":{"window":"1997-2001","pathway_id":"1997-2001_P10","rank":10,"pathway_color":"#17becf","associated_events":1,"data_start_km":0.0,"data_end_km":543.54,"data_path_length_km":543.54,"median_width20_km":50.0,"median_width50_km":100.0,"median_width90_km":200.0,"guide_rail_offset_km":100.0,"mean_bearing_deg":26.22125321255961,"direction":"NE","directional_dominance":0.6666666666666666,"transition_probability":0.8333333333333334,"feature_type":"guide_rail","rail_side":"left","line_color":"#111111","line_width":1.6,"draw_order":4},"geometry":{"type":"LineString","coordinates":[[-113.62937908449173,37.49335398837319],[-113.63342887686929,37.75108737409093],[-113.63752133364122,38.00879596874737],[-113.64166105015254,38.26643295846948],[-113.64583621572086,38.5241123438774],[-113.6500641210359,38.781838742862554],[-113.65433842436977,39.03940838300582],[-113.65865440847983,39.297137742842786],[-113.6630237399838,39.55468393573978],[-113.6674394214047,39.81241602568731],[-113.671896819451,40.0699387726638],[-113.66822100383276,40.42468922791565],[-113.63625664557453,40.68106793723986],[-113.60190488983659,40.953300592958655],[-113.50109486210712,41.31018624836049],[-113.35156903063496,41.70845387091827],[-113.2142332653816,41.94458984529325],[-112.92008614947834,42.33697001073622],[-112.71508676994544,42.544936125837864],[-112.24632868928525,42.87416080976413]]}},{"type":"Feature","properties":{"window":"1997-2001","pathway_id":"1997-2001_P10","rank":10,"pathway_color":"#17becf","associated_events":1,"data_start_km":0.0,"data_end_km":543.54,"data_path_length_km":543.54,"median_width20_km":50.0,"median_width50_km":100.0,"median_width90_km":200.0,"guide_rail_offset_km":100.0,"mean_bearing_deg":26.22125321255961,"direction":"NE","directional_dominance":0.6666666666666666,"transition_probability":0.8333333333333334,"feature_type":"guide_rail","rail_side":"right","line_color":"#111111","line_width":1.6,"draw_order":4},"geometry":{"type":"LineString","coordinates":[[-111.37059499258292,37.495024615975545],[-111.36654454109045,37.75263362282756],[-111.3624498163408,38.01024429097519],[-111.35831416657727,38.267903383224244],[-111.35412451400715,38.52549681884355],[-111.349896853637,38.78301989929046],[-111.34562351649228,39.0406764172735],[-111.34129843571367,39.29814974035816],[-111.33693190288025,39.55578280634243],[-111.33251551372493,39.813206383194846],[-111.32804318986814,40.07081579936831],[-111.32908652912175,40.23103286988651],[-111.28818136236347,40.486744568814736],[-111.24972334241251,40.72660622315497],[-111.19311168389139,40.870380608753614],[-111.17216115249074,40.97069343109434],[-111.02842782233871,41.204205779452664],[-110.99115737414046,41.260540978908644],[-110.78332444086199,41.46506636657588],[-110.72771406739957,41.47208866581804]]}},{"type":"Feature","properties":{"window":"2002-2006","pathway_id":"2002-2006_P01","rank":1,"pathway_color":"#1f77b4","associated_events":12,"data_start_km":405.97,"data_end_km":2579.98,"data_path_length_km":2174.01,"median_width20_km":52.13,"median_width50_km":97.46,"median_width90_km":275.22,"guide_rail_offset_km":100.0,"mean_bearing_deg":312.04576576153465,"direction":"NW","directional_dominance":0.8020833333333333,"transition_probability":0.5015151515151515,"feature_type":"containment_envelope","containment_level":90,"fill_color":"#1f77b4","fill_opacity":0.18,"draw_order":1,"outline":false},"geometry":{"type":"Polygon","coordinates":[[[149.53500663159366,-20.675181461536603],[148.42415632356654,-23.621540227518327],[145.2994517533354,-24.426421276384563],[143.88167576808746,-23.853134557349215],[143.48124621054154,-23.47398090440279],[142.82793272763683,-23.14551854667762],[142.30073234270697,-23.123221079073712],[141.86551894400264,-23.364298112305523],[141.99751620100778,-23.606516991169066],[141.30969406630663,-23.894618702003516],[141.95997713230588,-23.713569547782978],[140.55429782708325,-24.257269985914853],[136.94059820164625,-23.811893724452844],[135.49810928233455,-21.23767004660387],[135.43997344454715,-20.925096951042736],[135.3965685014523,-20.76201782262421],[135.20326949525355,-20.11020604221766],[135.10594515187233,-19.75934547162798],[135.22015226094834,-19.66409181421789],[134.91472918984476,-19.03261711742508],[135.30578290437597,-19.116213886286317],[134.7616055387457,-18.64668152947178],[134.9814337770781,-18.715926126563197],[134.7087356986725,-18.732274122136896],[133.29804717104776,-18.824217208399507],[131.15707040193251,-17.63722061764751],[130.97485966861518,-16.96031263147499],[131.14161833426033,-15.268382713079081],[131.60169754385015,-14.505851980610071],[131.86915929218958,-13.905804127343897],[133.87388827580855,-14.088957343321741],[133.97849535596816,-14.828851279970875],[134.28855038346973,-15.403223931724263],[134.41622528025357,-15.047590903348995],[134.9320425054426,-15.538591473751334],[134.0667412009575,-14.776071040095156],[134.05951249767048,-14.81234051594477],[135.1733943285252,-14.740151369338394],[136.75782516387994,-14.946280109819178],[137.46010818625547,-15.09843793874329],[138.93671675016446,-15.972214070349713],[139.5061033657321,-16.397674750080395],[140.28931078589858,-17.48067677745399],[140.76489847211292,-18.365062765908586],[141.01944116063248,-18.997678685659253],[141.2584175761292,-20.1579727115624],[141.26664866796705,-21.19727550135777],[140.63386217032894,-19.624351418411347],[138.42694491077515,-18.942053596744206],[138.30876386425427,-18.84130973431456],[140.15057752055037,-18.001315129703556],[140.87786040116623,-18.04126275644614],[142.41153836532845,-18.37388697386599],[143.3861266578731,-18.848153681276102],[144.25227965630484,-19.16052048765168],[144.9683466396429,-19.260063259323324],[145.89953856201282,-19.388562562702596],[145.88944919742733,-19.164719923047],[144.11140324282917,-19.668484772030048],[143.4062820889257,-21.468453132343328],[149.53500663159366,-20.675181461536603]]]}},{"type":"Feature","properties":{"window":"2002-2006","pathway_id":"2002-2006_P01","rank":1,"pathway_color":"#1f77b4","associated_events":12,"data_start_km":405.97,"data_end_km":2579.98,"data_path_length_km":2174.01,"median_width20_km":52.13,"median_width50_km":97.46,"median_width90_km":275.22,"guide_rail_offset_km":100.0,"mean_bearing_deg":312.04576576153465,"direction":"NW","directional_dominance":0.8020833333333333,"transition_probability":0.5015151515151515,"feature_type":"containment_envelope","containment_level":50,"fill_color":"#1f77b4","fill_opacity":0.35,"draw_order":2,"outline":false},"geometry":{"type":"Polygon","coordinates":[[[147.1720512151653,-21.005886585606454],[146.7035520409031,-22.086748029804248],[145.53587019177814,-22.326525440218166],[144.6926448144999,-22.08698328245456],[144.047113868966,-21.893613521254924],[143.29556169043042,-21.85723174407935],[142.60695692172328,-21.937086061030406],[142.01104240254796,-22.05504029981681],[141.7036431681655,-22.191274394416933],[141.03047299504965,-22.521126158197617],[141.20757464848816,-22.741876087548256],[140.1832692382062,-23.359404547508202],[137.50563986507666,-23.19192653971399],[136.33952562380398,-21.24322161075726],[136.35901457269887,-20.816858601941124],[136.42556394106282,-20.455182286582193],[136.4522085583389,-19.73644127241499],[136.57576567513297,-19.13470945085918],[136.69268322895198,-18.5680301184861],[136.46405135476783,-17.87770632592952],[136.15899309110148,-17.55252634127873],[135.5205175492015,-17.26314656240263],[135.0460261317985,-17.430271151569205],[134.5270991897762,-17.643051430815436],[133.50465946799602,-17.764619634443754],[132.17529751898212,-17.084604646453116],[131.91650993654184,-16.44813296220915],[131.96889124226925,-15.30876857803401],[132.19908691288606,-14.589768498909915],[132.36481240667473,-13.95297741532677],[133.37758317448902,-14.045508382479857],[133.37969264828416,-14.750218209561394],[133.4604387489121,-15.372685490028605],[133.48933240261556,-15.573767460680953],[133.93175884088055,-16.107882052296084],[133.8704728217757,-15.837242317639713],[134.23881548467108,-15.901810531279613],[135.1137701666613,-16.02632449280082],[136.02028522202528,-16.336282359463226],[136.63216093828476,-16.669571713108926],[137.42121003885921,-17.149030927759757],[138.07069335320034,-17.517259423451023],[138.84794700909003,-18.13541352491871],[139.53638368944996,-18.768346599488037],[140.00878309135817,-19.330502515000436],[140.34689919853304,-20.29095615926214],[140.42561016400487,-21.21460245985608],[140.09527451400618,-20.254486794150086],[138.7770858577382,-19.843873271916763],[139.02353545373035,-19.825504470562493],[140.41267048391114,-19.37709458567829],[141.15441244782653,-19.458878624620766],[142.27032806920465,-19.683786158732723],[143.08950762986478,-20.035480621683345],[143.798009014865,-20.450792856881208],[144.41780437163436,-20.842579402469575],[145.11192570230037,-21.158652406825286],[145.6548025055298,-21.265083141258458],[145.7730709926601,-21.23319906761561],[145.78398395982373,-21.18563580923603],[147.1720512151653,-21.005886585606454]]]}},{"type":"Feature","properties":{"window":"2002-2006","pathway_id":"2002-2006_P01","rank":1,"pathway_color":"#1f77b4","associated_events":12,"data_start_km":405.97,"data_end_km":2579.98,"data_path_length_km":2174.01,"median_width20_km":52.13,"median_width50_km":97.46,"median_width90_km":275.22,"guide_rail_offset_km":100.0,"mean_bearing_deg":312.04576576153465,"direction":"NW","directional_dominance":0.8020833333333333,"transition_probability":0.5015151515151515,"feature_type":"containment_envelope","containment_level":20,"fill_color":"#1f77b4","fill_opacity":0.68,"draw_order":3,"outline":false},"geometry":{"type":"Polygon","coordinates":[[[146.82684902022845,-21.051594898470682],[146.4663739400778,-21.870739555898243],[145.56497059175706,-22.067071643879554],[144.78680510922595,-21.879380739388974],[144.1252331556426,-21.67312859590618],[143.42281900562887,-21.5031439619189],[142.75189367284128,-21.369995811890035],[142.09590711056887,-21.284111601531382],[141.51826026015726,-21.281590327339078],[140.82911086474383,-21.51204949003531],[140.57817491744186,-21.915855865005778],[139.8492628592105,-22.54029625833684],[138.02057454497105,-22.620298522540356],[137.11818091789058,-21.244876773573242],[137.16655692288225,-20.71773572663483],[137.1571314857825,-20.232632805011182],[137.05159944915033,-19.553305935063868],[137.0239431393867,-18.94082144106047],[137.01743000234882,-18.32256048718808],[136.72220395979076,-17.682306287945526],[136.26698342961083,-17.35198807154059],[135.63410926848428,-17.05356599131046],[135.05709575350727,-17.204855401612452],[134.4900722952865,-17.420219272627243],[133.54738549534068,-17.542894424520927],[132.3789864394205,-16.97285307869681],[132.11954523636166,-16.336582883804617],[132.2012850686341,-15.31948044116504],[132.42867316387066,-14.621531926249586],[132.5949087570997,-13.974455179456683],[133.14732986079656,-14.024927156043287],[133.14981614477978,-14.71953969538027],[133.22791701073135,-15.36347511300596],[133.28804347222325,-15.686973490138305],[133.73009506758382,-16.221514996690697],[133.8289811376751,-16.059155360626423],[134.27558660427314,-16.124669830252596],[135.10308189606678,-16.251780041494527],[135.90769465145706,-16.546165878698606],[136.52507039257569,-16.870375193244293],[137.16465458485067,-17.34546524631167],[137.74902179374078,-17.764676988850884],[138.40404423434586,-18.3338205519046],[138.94265711377375,-18.95966331669108],[139.28533686611638,-19.564554538179245],[139.54365647719675,-20.404212848693298],[139.6471897572693,-21.227161118052866],[139.59645734566277,-20.83230855809109],[139.09948827407936,-20.66517868908795],[139.6358624504785,-20.657195196594994],[140.608102928353,-20.38696370971529],[141.33491601326352,-20.369231754332567],[142.18656536336084,-20.454879044609815],[142.94655218931848,-20.602816838114443],[143.67218268821216,-20.805093374568223],[144.34035850312097,-21.063158765254876],[145.0184975636232,-21.366378419522142],[145.62575738438767,-21.52455160225316],[146.00806826478595,-21.45031427533333],[146.12978295380753,-21.141863919143823],[146.82684902022845,-21.051594898470682]]]}},{"type":"Feature","properties":{"window":"2002-2006","pathway_id":"2002-2006_P01","rank":1,"pathway_color":"#1f77b4","associated_events":12,"data_start_km":405.97,"data_end_km":2579.98,"data_path_length_km":2174.01,"median_width20_km":52.13,"median_width50_km":97.46,"median_width90_km":275.22,"guide_rail_offset_km":100.0,"mean_bearing_deg":312.04576576153465,"direction":"NW","directional_dominance":0.8020833333333333,"transition_probability":0.5015151515151515,"feature_type":"guide_rail","rail_side":"left","line_color":"#111111","line_width":1.6,"draw_order":4},"geometry":{"type":"LineString","coordinates":[[147.43065108507585,-20.97120956242765],[146.92940218563933,-22.29144343249983],[145.49479647378712,-22.692408665285466],[144.52593252300892,-22.4532761965122],[143.9295044274961,-22.224517131753174],[143.24065430453254,-22.009553333509103],[142.62558992872766,-21.86438232175532],[142.0427477620077,-21.767640496054128],[141.60579295965215,-21.712735165960833],[140.89374271713598,-21.83761339440339],[140.66125788488944,-22.025573688622323],[139.81217072096445,-22.448707262094846],[138.19597764820708,-22.424150111975564],[137.4196469756963,-21.24461869626529],[137.40585293286813,-20.6876424168598],[137.31546863415304,-20.18398507568935],[137.09412271713677,-19.54022129699369],[136.8528050647255,-19.015046117136414],[136.64296435712583,-18.605493046763733],[136.20379323598786,-18.073849204950758],[135.9639224396891,-17.913292839606484],[135.3369638313966,-17.60044588561727],[135.03615428184764,-17.630016687651896],[134.53055143047425,-17.66381430065523],[133.51939574895948,-17.68824731530519],[132.24321696512533,-17.047385886776752],[131.8941787674546,-16.460377905666483],[131.78489858818,-15.300090661294231],[131.8707945613649,-14.54387900913436],[131.95075841891747,-13.913655447417268]]}},{"type":"Feature","properties":{"window":"2002-2006","pathway_id":"2002-2006_P01","rank":1,"pathway_color":"#1f77b4","associated_events":12,"data_start_km":405.97,"data_end_km":2579.98,"data_path_length_km":2174.01,"median_width20_km":52.13,"median_width50_km":97.46,"median_width90_km":275.22,"guide_rail_offset_km":100.0,"mean_bearing_deg":312.04576576153465,"direction":"NW","directional_dominance":0.8020833333333333,"transition_probability":0.5015151515151515,"feature_type":"guide_rail","rail_side":"right","line_color":"#111111","line_width":1.6,"draw_order":4},"geometry":{"type":"LineString","coordinates":[[145.52467750912297,-21.218020039211],[145.55066314146387,-21.026756690240536],[145.69573741334352,-20.899163113997485],[145.27631604750474,-20.79196792573649],[144.53373140647602,-20.51143986473142],[143.8520041741757,-20.298335656339695],[143.07122285391347,-20.108227588863755],[142.23915779587077,-19.97126566888448],[141.24908774157979,-19.937853176561326],[140.5447706236764,-20.06122609855604],[139.554263907895,-20.54698436858081],[139.1357227862211,-20.7569300816544],[139.424770537217,-21.029884943513448],[139.34578496855323,-21.231125673099683],[139.3052175107773,-20.437122643568816],[139.1282149753684,-19.614923102094266],[138.90043289470964,-18.97317982988861],[138.57379526432817,-18.258129627188616],[138.1197761889374,-17.479393595642943],[137.67867676745794,-16.951080323795896],[136.82427784057404,-16.30793460750199],[136.20099573262308,-15.998122678322],[135.12318210874446,-15.826530964622242],[134.23539090376335,-15.881044726781958],[133.85619799197104,-15.91368485588122],[133.86457306383278,-16.145782409211332],[133.51144021657012,-15.56131071988275],[133.64456617927613,-15.379781251944074],[133.70864394612863,-14.793644508227759],[133.7921523218467,-14.081887661933633]]}},{"type":"Feature","properties":{"window":"2002-2006","pathway_id":"2002-2006_P02","rank":2,"pathway_color":"#ff7f0e","associated_events":8,"data_start_km":206.87,"data_end_km":3133.32,"data_path_length_km":2926.46,"median_width20_km":125.08,"median_width50_km":236.25,"median_width90_km":380.12,"guide_rail_offset_km":100.0,"mean_bearing_deg":31.698895087460674,"direction":"NE","directional_dominance":0.8166666666666667,"transition_probability":0.5066666666666666,"feature_type":"containment_envelope","containment_level":90,"fill_color":"#ff7f0e","fill_opacity":0.18,"draw_order":1,"outline":false},"geometry":{"type":"Polygon","coordinates":[[[-114.35865049961014,45.70642754563291],[-114.33665617716588,45.04859001210177],[-114.22792951097344,44.77437383448542],[-114.25691594931367,44.83646841232037],[-113.8974531654506,44.23060161185989],[-114.15496876675599,44.72058326883647],[-113.32612204186267,44.376920265489076],[-113.78796320421507,45.098335650290096],[-112.41033355335612,44.99103722227917],[-111.32805695534019,45.02116166796575],[-109.62515468512088,45.01551801701521],[-109.18522401685117,45.69478691220922],[-108.81313254585245,46.215510100246696],[-110.6152430975691,46.51124944694267],[-110.87264929784997,45.980232376581256],[-109.81503813440628,45.214194808691644],[-108.77958624962098,44.38677270623733],[-109.72488538251083,43.458417946546255],[-108.76408852861061,43.56562720362949],[-108.0364672960733,43.970428649331595],[-108.9388375651801,43.54276651510224],[-109.33496987813947,43.627975991849816],[-109.07476225104513,44.26392982522572],[-108.98580548009778,42.83040656200768],[-108.80144971091674,43.51743773124517],[-108.49022107346279,44.21724952367],[-107.0708746972849,42.84497481096553],[-107.61947531836914,43.415853525385316],[-108.8846376743705,44.39864817518135],[-110.12995232511228,47.39701942484646],[-105.82915449562199,49.867023476165464],[-103.92947270776652,49.867374434718435],[-102.2218391264552,49.493215298301145],[-101.36961306371646,49.434589633891754],[-100.32852494802137,49.43876464088065],[-99.2479935630381,49.45966769164517],[-97.7453903982406,49.179587679031314],[-96.79181613878578,48.94050027052698],[-96.44929992539001,48.99685420701451],[-98.44177652106659,49.49623624488555],[-97.42665817965614,49.7648591850305],[-97.50676161075144,39.85029951592945],[-98.36452161626609,40.12040157263308],[-101.7383296812792,40.87613811571107],[-103.0526065185319,41.46075885033189],[-103.7433065736831,41.890177717883255],[-103.99513599546276,42.242693595154144],[-104.68877744843395,42.81244236140215],[-105.4111461778093,43.37874479293633],[-106.29612517354302,43.88781312627746],[-106.39006264546002,44.11726609696058],[-106.50496179298456,44.24623163160608],[-103.14106049417192,45.45399071709308],[-103.30003951020817,47.415621399107],[-103.34018253800127,47.43727860827263],[-102.37273627310603,47.20618395022694],[-99.9373323812542,44.79835480876748],[-99.44489935343388,44.154450535182214],[-99.08480961074407,43.505903601470365],[-100.04134107358519,40.928802806643574],[-100.55455950549236,40.395133294356654],[-101.7357406898426,39.35520474504227],[-104.10973006453796,38.39239385225847],[-104.90531029848786,38.17581213798527],[-105.4902913375325,37.64254788392286],[-107.94340474296928,36.467430702105254],[-108.66099145829475,35.524925280654024],[-109.36631566342935,34.62913425331956],[-111.16474477256023,34.12039393069456],[-114.21515394958578,34.574451389706056],[-115.46231999614638,35.50363986739383],[-116.53035447571348,36.87819268374899],[-116.46304336073544,37.58856834660064],[-116.992414662593,38.2298965856581],[-117.2986295399114,38.6528838011635],[-119.33317542614854,39.83384730841675],[-119.79717241871373,40.4164199274045],[-121.21122547736253,41.86070711032115],[-121.58263365749016,42.45549595519548],[-122.1376875899552,43.760808980339846],[-122.36593521891908,44.77814502626875],[-122.43229549949434,45.431991374468836],[-114.35865049961014,45.70642754563291]]]}},{"type":"Feature","properties":{"window":"2002-2006","pathway_id":"2002-2006_P02","rank":2,"pathway_color":"#ff7f0e","associated_events":8,"data_start_km":206.87,"data_end_km":3133.32,"data_path_length_km":2926.46,"median_width20_km":125.08,"median_width50_km":236.25,"median_width90_km":380.12,"guide_rail_offset_km":100.0,"mean_bearing_deg":31.698895087460674,"direction":"NE","directional_dominance":0.8166666666666667,"transition_probability":0.5066666666666666,"feature_type":"containment_envelope","containment_level":50,"fill_color":"#ff7f0e","fill_opacity":0.35,"draw_order":2,"outline":false},"geometry":{"type":"Polygon","coordinates":[[[-117.60631679308275,45.66480271933815],[-117.43616994470071,45.0117471697754],[-117.04865714927364,44.479788409466046],[-116.62130185939914,44.138835005106706],[-116.01249634994247,43.6115066454859],[-115.64231097840002,43.66767446053804],[-114.72952859995738,43.39947674552354],[-114.56365547268074,43.78736392821278],[-113.43039414913743,43.618158180756495],[-112.55960385054924,43.40786300063213],[-111.477738132904,43.0655931456791],[-111.0812044954927,42.973668881761895],[-110.57044331991952,42.89115262013774],[-110.79228772573583,42.898082231256794],[-110.39341939497454,42.81417990554719],[-109.49078298265226,42.78344399634972],[-108.57974874316291,42.66187953712748],[-108.81061552215286,42.302225848455315],[-107.93325788263647,42.49013991672995],[-107.2332208727356,42.91657044989507],[-107.6688724103575,42.87649867088349],[-107.94326502970073,43.182486929010956],[-107.67134131608088,43.81552627948375],[-107.52187851732074,42.98729451866656],[-107.35614036775631,43.6682212459556],[-107.06600440798772,44.36015708897716],[-106.26478847677754,43.657563463068364],[-106.75723193757423,44.2876666488017],[-107.44362324098725,45.23595062265146],[-107.80184558911043,46.81113910852259],[-106.08831311997909,47.867289084251965],[-104.83903454430983,47.89698956767849],[-103.47443146750663,47.91153815799358],[-102.3421212790269,48.11622591700221],[-101.30077428080553,48.118005271705385],[-100.42582166296691,47.86956013120882],[-99.38984124506513,47.40895311120657],[-98.54744705959114,47.08711736777692],[-97.80863966367102,47.16875790993281],[-98.44037968448708,47.82903214745125],[-97.4516003554838,48.52345306346829],[-97.50976932569928,41.0936975332163],[-98.38945589941898,41.78975180405298],[-100.66683524492663,42.75711788073417],[-101.6278297839253,43.38886826453221],[-102.40488355801952,43.727646327155625],[-103.04387574529142,43.872620666822655],[-103.89404386523518,44.16389953122622],[-104.59883641203683,44.72468328328343],[-105.22057651849954,45.50180658753945],[-105.6045212246347,46.10180822368992],[-106.28226696046609,46.248363473107005],[-105.36109642996684,46.131961891357484],[-104.8606906780566,46.63282260859855],[-104.30638447328518,46.59380447100623],[-103.28821139623349,46.42437209380965],[-101.38548603865927,44.74631080986157],[-100.91672732946499,44.10689112746217],[-100.57691500444164,43.461420966420356],[-101.32188208472435,41.46891694813849],[-101.83019758188452,40.92954701833048],[-102.875004627444,40.08622962572593],[-104.80962040382418,39.46783813814634],[-105.63406968187223,39.27334752952576],[-106.28414284402206,38.825626307212715],[-108.1097469802646,38.195200516341515],[-108.9197846716323,37.9610965694463],[-109.73445945914504,37.80428735700822],[-111.01913265763326,37.739309120137584],[-112.84011616195666,37.95463877107985],[-113.94286655440132,38.29476310200787],[-114.99157291777252,38.90616965521566],[-115.42848720151174,39.24129886349276],[-116.12454212005242,39.63216786725482],[-116.63217670109684,39.9806927525159],[-118.07592798196644,40.86472563117071],[-118.45308801906499,41.52019495338587],[-119.21008242529116,42.574395320797606],[-119.34246548517503,43.253495801864744],[-119.37919675644449,44.1809094637521],[-119.28432696613635,44.949448791776526],[-119.20352577247814,45.610468034174815],[-117.60631679308275,45.66480271933815]]]}},{"type":"Feature","properties":{"window":"2002-2006","pathway_id":"2002-2006_P02","rank":2,"pathway_color":"#ff7f0e","associated_events":8,"data_start_km":206.87,"data_end_km":3133.32,"data_path_length_km":2926.46,"median_width20_km":125.08,"median_width50_km":236.25,"median_width90_km":380.12,"guide_rail_offset_km":100.0,"mean_bearing_deg":31.698895087460674,"direction":"NE","directional_dominance":0.8166666666666667,"transition_probability":0.5066666666666666,"feature_type":"containment_envelope","containment_level":20,"fill_color":"#ff7f0e","fill_opacity":0.68,"draw_order":3,"outline":false},"geometry":{"type":"Polygon","coordinates":[[[-117.9614190902447,45.654656905067085],[-117.87131449940217,44.99979635903633],[-117.64236038334933,44.40845769287094],[-117.353141550944,43.90955941697916],[-116.86690814707998,43.34650914566887],[-116.3642338786418,43.13621855135997],[-115.55816932603891,42.79917308450479],[-115.07049735057971,42.89728303085732],[-114.06517666290918,42.727141063504156],[-113.20389166031877,42.52324763405481],[-112.24690978531082,42.2084430940197],[-111.70948779024539,42.00774961486336],[-111.06889910391921,41.87200070283496],[-110.84138141702223,41.83213141176685],[-110.24401781944681,41.74871256050487],[-109.35327011294581,41.68785687059929],[-108.46175910043975,41.596059067216345],[-108.1908041074754,41.48847698757044],[-107.38215360910262,41.75195371306324],[-106.60154210547722,42.05746751031909],[-106.29100557896523,42.1200662910455],[-106.11861123301024,42.56153937025584],[-105.81179151634858,43.18331816398417],[-105.70976106717025,43.153779548798546],[-105.916184279867,43.79919404282161],[-106.05540657300877,44.450255711374496],[-105.8541653012732,44.06074716261372],[-106.44162934620529,44.598660076275884],[-107.0824989110143,45.43913189154911],[-107.39811669166718,46.703458071307935],[-106.12527395170446,47.567224813852725],[-104.99788707805716,47.53515422014506],[-103.85849278153407,47.40272574326505],[-102.8390978883773,47.41062508835775],[-101.82194560882253,47.3755718978322],[-100.86559401227542,47.244547131177484],[-99.83272508557073,46.90495167351567],[-99.0573172469901,46.516020862172525],[-98.39317851930313,46.33226973431738],[-98.43566662585748,46.624532852373655],[-97.47340472995451,47.1577318732817],[-97.50928201655134,42.46095081128388],[-98.4047509061687,42.99522462898032],[-100.15629122840743,43.60719153508044],[-101.1740288268239,43.97261318516594],[-102.01167511890618,44.242484900604595],[-102.65701024282669,44.50692758585749],[-103.43277795647006,44.916688187993266],[-104.1501053428891,45.438585566452346],[-104.86324386129247,46.015495701437715],[-105.45426165577817,46.464624747338306],[-106.24729048596222,46.5485585540354],[-105.75659182629346,46.24664654029753],[-105.23778724689852,46.436910097363096],[-104.64551224100441,46.28922045279198],[-103.73507034852666,46.03137682553848],[-102.40720131600393,44.69831659772368],[-102.37335609230384,44.04063126469259],[-102.41021268571235,43.379145562847],[-103.08334946433104,42.174127808288965],[-103.56451119199039,41.61952898194794],[-104.16912753705986,40.88408293057399],[-105.39340695598011,40.33694014089152],[-106.14517878824294,40.02017011932595],[-106.855874416776,39.650105715810625],[-108.2164455416862,39.26199538863725],[-109.04229118022931,39.057934259083964],[-109.86607677662137,38.8712229800832],[-110.9742923492001,38.806052544208974],[-112.396005950968,38.98173231328493],[-113.38011149713662,39.272858725711714],[-114.29512588903991,39.781385504740655],[-114.84455828033252,40.13799005099832],[-115.54603363240544,40.534049006708386],[-116.16719325061185,40.877225204056735],[-117.29542583709154,41.4826084784903],[-117.76674450261697,42.0642710322419],[-118.37662147673748,42.85675960436917],[-118.62618317949001,43.49531745074898],[-118.78998277520509,44.26127284791123],[-118.8499044665312,44.96680865137719],[-118.84895636186029,45.62446352822159],[-117.9614190902447,45.654656905067085]]]}},{"type":"Feature","properties":{"window":"2002-2006","pathway_id":"2002-2006_P02","rank":2,"pathway_color":"#ff7f0e","associated_events":8,"data_start_km":206.87,"data_end_km":3133.32,"data_path_length_km":2926.46,"median_width20_km":125.08,"median_width50_km":236.25,"median_width90_km":380.12,"guide_rail_offset_km":100.0,"mean_bearing_deg":31.698895087460674,"direction":"NE","directional_dominance":0.8166666666666667,"transition_probability":0.5066666666666666,"feature_type":"guide_rail","rail_side":"left","line_color":"#111111","line_width":1.6,"draw_order":4},"geometry":{"type":"LineString","coordinates":[[-117.1232807154635,45.67683109173302],[-117.09341485107034,45.01998411404722],[-116.97931261741745,44.48790683444643],[-116.85301697753822,44.06693435434572],[-116.4948459625279,43.4629747431479],[-116.21604273025014,43.24642146232234],[-115.57968597329177,42.78335124986391],[-115.16875838860204,42.721590575645614],[-114.2691005791494,42.43476386348326],[-113.4826362671567,42.1316007361569],[-112.64233156421231,41.75649342608057],[-112.0571400618954,41.45886463876513],[-111.35167795856543,41.278027926803425],[-110.86904201985301,41.2192197939883],[-110.17000486149065,41.206171240284036],[-109.30210664016403,41.26992311932329],[-108.43256685818702,41.326765844747754],[-108.09285232430518,41.35760783656102],[-107.32776221999879,41.678002309222556],[-106.55489602823344,41.99294401080938],[-106.17467058175238,42.05456335082489],[-105.92196670346378,42.49206917136159],[-105.53424633317556,43.08515364473262],[-105.2875075891933,43.188201176120224],[-105.38621818413809,43.84259379075877],[-105.4868287690065,44.49684651566088],[-105.57263745758743,44.333068210641784],[-106.31269220482834,44.72448645959912],[-107.17745704224097,45.38595908050927],[-107.78898420961788,46.807736863170014],[-106.07752263227623,47.95416437682696],[-104.85414495221993,47.86280550227164],[-103.77550570849755,47.51364966538876],[-102.9553812543927,47.2422926754159],[-102.10202846392909,46.966203379381355],[-101.24162849878998,46.695930012574934],[-100.30267828853307,46.35688760626893],[-99.48713995146456,46.02247020711383],[-98.76162651340913,45.78849107371411],[-98.4301376483487,45.70745349588851],[-97.49061457433201,45.70668603965422]]}},{"type":"Feature","properties":{"window":"2002-2006","pathway_id":"2002-2006_P02","rank":2,"pathway_color":"#ff7f0e","associated_events":8,"data_start_km":206.87,"data_end_km":3133.32,"data_path_length_km":2926.46,"median_width20_km":125.08,"median_width50_km":236.25,"median_width90_km":380.12,"guide_rail_offset_km":100.0,"mean_bearing_deg":31.698895087460674,"direction":"NE","directional_dominance":0.8166666666666667,"transition_probability":0.5066666666666666,"feature_type":"guide_rail","rail_side":"right","line_color":"#111111","line_width":1.6,"draw_order":4},"geometry":{"type":"LineString","coordinates":[[-119.68534926212575,45.58967773147944],[-119.6262011268619,44.93461123298237],[-119.44781894459678,44.1713373737004],[-119.11688120295634,43.33034122870029],[-118.74138434834877,42.734244540771456],[-117.90953199367237,41.95215174976774],[-117.274761590636,41.4987415028717],[-116.07414791276975,41.05372153953248],[-115.35342008263966,40.82860946346144],[-114.58199336188197,40.53287347384841],[-113.92253488751558,40.23900487682825],[-113.05429618013528,39.82580097103284],[-112.13172934393931,39.57840913487886],[-110.94806980454017,39.41923295505163],[-109.93474216701121,39.41420641925813],[-109.09006446840058,39.47615095068154],[-108.24390891611169,39.53143802052207],[-106.948876310297,39.78207944886849],[-106.19689347775525,40.09469946122946],[-105.43775588896654,40.40194319189021],[-104.28130071783562,40.95164292733147],[-103.75578694651236,41.6930968496947],[-103.35287025482708,42.27825703993183],[-102.83523308307889,43.355707177404476],[-102.90701894235265,44.01156067007662],[-102.97990116154565,44.667321390436776],[-104.03422203454367,45.76400990075768],[-104.78192069773105,46.16542934945346],[-105.13915534002868,46.48841118376084],[-105.37364643335788,46.135629032596846],[-106.292314061303,46.161439184949764],[-105.59040907277164,46.13610627182728],[-104.94163801341232,45.903733831497],[-104.04153630665215,45.608245231679604],[-103.17370014050142,45.32968715610607],[-102.31099866095478,45.060817948440565],[-101.57748438569146,44.798348884055066],[-100.77581222699246,44.473291778042814],[-99.81705752521067,44.15633295046867],[-98.41478366049154,43.91271997704659],[-97.50412403782235,43.912867825584144]]}},{"type":"Feature","properties":{"window":"2002-2006","pathway_id":"2002-2006_P03","rank":3,"pathway_color":"#2ca02c","associated_events":7,"data_start_km":31.06,"data_end_km":2116.74,"data_path_length_km":2085.68,"median_width20_km":56.35,"median_width50_km":143.22,"median_width90_km":388.82,"guide_rail_offset_km":100.0,"mean_bearing_deg":118.89369433314415,"direction":"SE","directional_dominance":0.875,"transition_probability":0.581845238095238,"feature_type":"containment_envelope","containment_level":90,"fill_color":"#2ca02c","fill_opacity":0.18,"draw_order":1,"outline":false},"geometry":{"type":"Polygon","coordinates":[[[87.86344092383194,51.10710843615486],[88.8628172271736,50.90591533767588],[89.9224600561858,50.556251192291164],[90.97062822846186,50.18698849096698],[92.01366588127041,50.147680880268354],[92.76904739126661,50.76951825245742],[93.7661440476171,51.92853037409207],[93.69962101810489,52.975463736205995],[94.82889638658781,53.50627617642544],[98.09266365938083,53.313383023804825],[99.01838436273118,52.60168792085523],[101.50945934919878,51.36704974197651],[102.8100603243937,50.550916291641194],[103.660349822694,50.16033283098881],[104.16217241558053,50.00056971660982],[104.02503069467684,49.983616544772495],[104.99795811709868,49.75396464138658],[104.90255617977118,49.944181052934724],[104.33807696042663,50.12348785559431],[110.60173668322125,48.459679862590285],[111.82095400487412,46.85531752031799],[111.93222296027886,46.0456351673103],[111.56741503612534,45.28367885822006],[110.66643657756339,45.3497532734179],[109.33473560101027,45.38378498382158],[108.67716494074068,45.04050705203528],[108.61844509581863,45.06171109118712],[108.54602884209191,45.050804845955554],[108.01133315547338,44.39108499122868],[113.91734860069784,43.98633662937462],[112.56672608365318,42.17498359598912],[110.97559645773526,41.497363448989766],[109.25291370029322,41.064392841777135],[107.0026026146046,41.212431025428565],[104.42797861614349,42.02104592673253],[102.4418038277662,43.07498102700756],[101.52930803011736,43.52730428453215],[101.038575183982,43.95993163075919],[101.45855712104043,43.58543325973325],[105.5508064192914,42.47984725560467],[103.26119926899332,42.711193429555216],[101.37928697490776,43.133105184627375],[100.521349677952,43.37009912227498],[98.76617620828716,43.959303635904284],[97.61895749056237,44.494047676060624],[96.85558792944983,44.88504210250683],[96.44238039845754,44.77293255800414],[96.96492157703278,44.15195483553181],[95.92658515847671,43.643847817765796],[96.78628757135658,43.36934716001342],[95.9189421367883,43.71218993816181],[94.05663536488595,44.5833775635031],[93.06662033617039,45.70166238732359],[91.84362592098705,46.35540565634193],[90.87722452745442,46.34834009144856],[89.9109979326945,45.992899238685595],[88.95268371525873,45.63800608569783],[87.94078108235783,45.4327052553549],[87.86344092383194,51.10710843615486]]]}},{"type":"Feature","properties":{"window":"2002-2006","pathway_id":"2002-2006_P03","rank":3,"pathway_color":"#2ca02c","associated_events":7,"data_start_km":31.06,"data_end_km":2116.74,"data_path_length_km":2085.68,"median_width20_km":56.35,"median_width50_km":143.22,"median_width90_km":388.82,"guide_rail_offset_km":100.0,"mean_bearing_deg":118.89369433314415,"direction":"SE","directional_dominance":0.875,"transition_probability":0.581845238095238,"feature_type":"containment_envelope","containment_level":50,"fill_color":"#2ca02c","fill_opacity":0.35,"draw_order":2,"outline":false},"geometry":{"type":"Polygon","coordinates":[[[87.89330863785466,49.723889801230285],[88.89525959226387,49.56338705309279],[89.92470576066637,49.33380655857419],[90.94561654697907,49.06451109392572],[91.95614420153322,48.84736089031052],[92.89763791812959,48.805679989241106],[93.90410986563904,48.99653943585637],[94.68810961236682,49.33577983336264],[95.6852814720163,49.65483604615057],[97.23133971712195,49.849175520845606],[98.27924349938013,49.848714667343096],[99.88527193373972,49.45087214321262],[100.9807975073195,48.96763768849718],[101.70321637820967,48.48729212119373],[102.29175388754015,48.085487154000425],[102.76670546256446,47.803981284310254],[103.71042304423395,47.594807437662965],[104.33115882576271,47.65131694499512],[104.74707485510152,47.76325495898545],[107.6032590149548,47.03684885598886],[108.33614572578551,46.06454094659021],[108.5983660099896,45.367829568031404],[108.72906626948429,44.695009457042744],[108.78031958505875,44.42090998744047],[108.65997307008149,44.24522323306219],[108.83098500475961,44.01678017919852],[109.19546164991266,44.22986031299808],[109.32091463437075,44.527933648563675],[108.69687040487344,44.360342146152945],[113.24015126352367,44.04892641951391],[111.84885079098365,42.718754888034255],[110.44579293665277,42.33754399456641],[109.1098851602448,42.08893584225563],[107.60887628754017,42.3625341810153],[106.16726964089014,43.024851715215064],[105.13332287239786,43.82360247158365],[104.66612122708563,44.4142847178391],[104.28380368463269,44.97418939154781],[104.10945490398251,45.16854942903375],[105.20780911775688,44.84452970518336],[103.73516454223983,45.01150771734577],[102.47221224773261,45.31936207321345],[101.59096763217127,45.574854009373134],[100.37382607983363,45.92987236535113],[99.30795896044162,46.232996059868825],[98.42709311066096,46.52948707402992],[97.8066205497442,46.733675536405705],[97.57100838649359,46.913874599209],[96.62534920213562,47.118403599134396],[96.14615157529659,47.23547268183489],[95.15405017161282,47.36884591799845],[93.96187836885758,47.51820183024789],[92.96416438588733,47.66706206073722],[91.90273385545282,47.65620148006959],[90.90679107389201,47.471282846243014],[89.91917419886323,47.21604170145766],[88.9388135664405,46.98157650555197],[87.93229932553635,46.81707316429804],[87.89330863785466,49.723889801230285]]]}},{"type":"Feature","properties":{"window":"2002-2006","pathway_id":"2002-2006_P03","rank":3,"pathway_color":"#2ca02c","associated_events":7,"data_start_km":31.06,"data_end_km":2116.74,"data_path_length_km":2085.68,"median_width20_km":56.35,"median_width50_km":143.22,"median_width90_km":388.82,"guide_rail_offset_km":100.0,"mean_bearing_deg":118.89369433314415,"direction":"SE","directional_dominance":0.875,"transition_probability":0.581845238095238,"feature_type":"containment_envelope","containment_level":20,"fill_color":"#2ca02c","fill_opacity":0.68,"draw_order":3,"outline":false},"geometry":{"type":"Polygon","coordinates":[[[87.90816617159498,48.85590028765583],[88.91076485758612,48.791356112725495],[89.92424903428395,48.69501593000821],[90.93406751305781,48.57399682459082],[91.94156690280823,48.52073772485171],[92.91572490677021,48.50540693819054],[93.91916125248315,48.62887034109441],[94.80316621133659,48.86656450721794],[95.79705302473667,49.09288352383271],[97.09030370006843,49.23616825623801],[98.1145239602663,49.19308781198294],[99.36150041143992,48.79537224681689],[100.21716725715976,48.26747644632714],[100.8348592606975,47.69743807909558],[101.5196018985074,47.242061492415125],[102.30117468543739,46.94462793653723],[103.2163928473409,46.71142569898117],[104.10543277457577,46.682905354667376],[104.90939910484536,46.76747971396581],[106.45141171612642,46.44697446148998],[107.05349056886087,45.73982540229979],[107.34979155262499,45.08354898399452],[107.58796895917703,44.433987299785485],[107.98690560616842,44.010769489283874],[108.36669699152355,43.73362198032679],[108.90256158963444,43.53084580948518],[109.5051687710403,43.772733602472634],[109.92821057101582,44.10794938386672],[109.73442735833635,44.305748248236625],[112.21109745379118,44.13595474746136],[111.2683721074606,43.14856539837891],[110.1496709632753,42.797067288497786],[109.04080539603348,42.57505929015795],[107.88829024908227,42.87647125139282],[106.93446416520084,43.44835903802177],[106.25110726005789,44.10994079934996],[105.88630824504327,44.72857605171533],[105.5324831861492,45.33045651703236],[105.20917460336096,45.78238517632105],[105.05553697057786,45.84098566023597],[103.94707245222764,45.98097818051936],[102.94160733888782,46.20617414101831],[102.03370057290994,46.437242157358696],[101.10957890453147,46.7809767405589],[100.13046523261954,47.03410592304311],[99.14274079429401,47.24102086037196],[98.29156676023581,47.3958271209261],[97.72318496915705,47.57034768391649],[96.75670587273015,47.73203032475946],[96.0435653118987,47.798051991562865],[95.04657433008913,47.83863830314447],[93.94818072009525,47.88596026636083],[92.94715284613875,47.96739953201433],[91.91744928060155,47.982866128872246],[90.91914682803508,47.961879698295014],[89.92203550213912,47.854993758430695],[88.92821458865478,47.753883590054656],[87.92379158919209,47.685405096784514],[87.90816617159498,48.85590028765583]]]}},{"type":"Feature","properties":{"window":"2002-2006","pathway_id":"2002-2006_P03","rank":3,"pathway_color":"#2ca02c","associated_events":7,"data_start_km":31.06,"data_end_km":2116.74,"data_path_length_km":2085.68,"median_width20_km":56.35,"median_width50_km":143.22,"median_width90_km":388.82,"guide_rail_offset_km":100.0,"mean_bearing_deg":118.89369433314415,"direction":"SE","directional_dominance":0.875,"transition_probability":0.581845238095238,"feature_type":"guide_rail","rail_side":"left","line_color":"#111111","line_width":1.6,"draw_order":4},"geometry":{"type":"LineString","coordinates":[[87.90319962618787,49.165291744568215],[88.90348041515642,49.16783659630221],[89.92469256826251,49.17082512956808],[90.94791730470183,49.16414941437963],[91.96952517035265,49.14820087786658],[92.87746466361187,49.13298796473494],[93.89748760300739,49.15477441747053],[94.71189989957446,49.23961127430189],[95.74892994053681,49.33668871406155],[97.12150523028214,49.37294048091717],[98.13340711879607,49.269057771973735],[99.44039973580175,48.89533387880435],[100.45435927542974,48.48751662662017],[101.26559178605248,48.09301513510846],[102.00692992833297,47.77809980789329],[102.61964670830656,47.53572426252206],[103.54355733560874,47.29997007343104],[104.22967313874148,47.22050729938158],[104.83986187040949,47.19829511507249],[106.86207558426122,46.66014138428527],[107.49250038036598,45.85305232357489],[107.81990624346759,45.19257306089331],[108.1098339769394,44.55512511752203],[108.46563413671583,44.25964343616895],[108.59729141153304,44.13674787273183],[108.84128435221305,43.947232625141766],[109.28779652778184,44.09435996243956],[109.71200845644296,44.25850634880289],[109.72710009678565,44.306167913149174]]}},{"type":"Feature","properties":{"window":"2002-2006","pathway_id":"2002-2006_P03","rank":3,"pathway_color":"#2ca02c","associated_events":7,"data_start_km":31.06,"data_end_km":2116.74,"data_path_length_km":2085.68,"median_width20_km":56.35,"median_width50_km":143.22,"median_width90_km":388.82,"guide_rail_offset_km":100.0,"mean_bearing_deg":118.89369433314415,"direction":"SE","directional_dominance":0.875,"transition_probability":0.581845238095238,"feature_type":"guide_rail","rail_side":"right","line_color":"#111111","line_width":1.6,"draw_order":4},"geometry":{"type":"LineString","coordinates":[[87.92711627870767,47.375925049071604],[88.93363046630554,47.377297895168205],[89.9199985895695,47.37907757148456],[90.90423864418369,47.37161877252594],[91.88913327459221,47.35529555290316],[92.98228665847847,47.339631266669315],[93.96764174298187,47.359910183580624],[95.132201780488,47.465162286777456],[96.08838804083558,47.55402156229717],[96.72717671192055,47.59515104451906],[97.70538420075945,47.49430467927939],[98.21697274288272,47.295127946279095],[98.91638004994257,47.01841389289736],[99.7163938320154,46.634439251529905],[100.63988973433254,46.24121757906815],[101.7278195893262,45.84446973602426],[102.62735619800435,45.61583164387597],[103.82852009717283,45.442940299670795],[105.12200623484085,45.40996241612204],[104.81152685864504,45.563237041674874],[105.1016704539,45.20962054669871],[105.42386598945535,44.611443871849744],[105.73728226040294,43.98007457077527],[106.46893411261107,43.19275717437764],[107.66774854568041,42.47165144457258],[109.10004653539863,42.1585182785872],[110.35839414651991,42.473915142530366],[111.47687546799887,42.995187819769406],[112.21838215206265,44.135372818967696]]}},{"type":"Feature","properties":{"window":"2002-2006","pathway_id":"2002-2006_P04","rank":4,"pathway_color":"#d62728","associated_events":9,"data_start_km":55.4,"data_end_km":2159.95,"data_path_length_km":2104.55,"median_width20_km":68.78,"median_width50_km":119.1,"median_width90_km":298.43,"guide_rail_offset_km":100.0,"mean_bearing_deg":106.64112497086026,"direction":"E","directional_dominance":0.9199999999999999,"transition_probability":0.7333333333333334,"feature_type":"containment_envelope","containment_level":90,"fill_color":"#d62728","fill_opacity":0.18,"draw_order":1,"outline":false},"geometry":{"type":"Polygon","coordinates":[[[68.2872680063235,61.979876522262515],[68.24429698691165,61.33372057359308],[68.20956386294921,60.71228901957468],[68.21283642139329,60.061158054599275],[68.81801456164885,59.40951456940732],[69.88834173937016,58.645853013093664],[70.81765963155965,57.83840195583755],[71.44113792928516,57.11581805547616],[71.97332823839281,56.47311224066359],[72.71695534250597,56.13411006895534],[73.55810873215992,55.45449795899285],[74.27420308947728,55.15026810051202],[74.51388314914746,55.31833390708508],[73.28541880274543,56.31344114753762],[73.21756726739295,55.50264751018269],[69.47182756221056,56.11126714339649],[70.42435198534992,55.47151588558938],[69.43450549593052,55.1751512568434],[71.05096293097978,54.8988584641232],[72.42522521042056,54.45337328134484],[73.58470158800213,54.06410378247372],[74.8643214768041,53.92574100799013],[76.28090951339266,54.05966137570732],[77.9198312745981,54.330339558740064],[79.37277482802614,54.68518672889836],[81.49064271238774,54.8884255409758],[83.57970878595432,55.18771158290746],[85.6055443653944,55.63633351182445],[86.63246934792221,56.534134466156125],[88.4677044419625,56.90677654779134],[77.90109160043568,44.54097241161821],[77.54952263548176,45.58983935936048],[76.52167569064204,47.153592107137165],[76.46491253429787,48.39148077214007],[76.48401510817081,49.40181608631502],[76.53107827734061,50.22748558467143],[75.9108408483936,51.05610879627937],[75.40976139180802,51.643367788562244],[74.67495038286137,51.95662022012852],[73.78852098950034,51.863276960383985],[72.78590441528104,51.39108409399347],[71.98789270111254,50.78698214108787],[71.42319384736885,50.26199139555404],[68.5837086266967,49.7180231171956],[67.45999859405379,49.31479747360641],[62.5782859881983,50.43781917562568],[61.327391121559714,50.584328618971284],[59.114404528998506,52.615638546832905],[58.59752969198786,54.038605802367506],[58.88989776452203,55.09598812837531],[59.61755137550415,55.81200226676239],[60.30952391350837,56.84850298246028],[60.991998449062464,57.56198646585784],[61.8260244810576,58.19560851545118],[62.860955405280095,58.75205266386261],[63.92578326313682,59.338968260450876],[64.45126798917084,60.007395865976406],[64.37373922052996,60.65697600623973],[64.32874247362338,61.336553831837996],[64.29025068085227,61.991320996940146],[68.2872680063235,61.979876522262515]]]}},{"type":"Feature","properties":{"window":"2002-2006","pathway_id":"2002-2006_P04","rank":4,"pathway_color":"#d62728","associated_events":9,"data_start_km":55.4,"data_end_km":2159.95,"data_path_length_km":2104.55,"median_width20_km":68.78,"median_width50_km":119.1,"median_width90_km":298.43,"guide_rail_offset_km":100.0,"mean_bearing_deg":106.64112497086026,"direction":"E","directional_dominance":0.9199999999999999,"transition_probability":0.7333333333333334,"feature_type":"containment_envelope","containment_level":50,"fill_color":"#d62728","fill_opacity":0.35,"draw_order":2,"outline":false},"geometry":{"type":"Polygon","coordinates":[[[67.33608894227496,61.99265914118268],[67.31229542329169,61.344223310995154],[67.2952952559699,60.708716496424984],[67.31631755531828,60.05774558836302],[67.41366598331888,59.40749409963413],[67.80686625659544,58.71639437951694],[68.08399381374309,58.01387818059227],[68.15749475378715,57.349656894305106],[68.11605340092183,56.71809481169254],[68.05214083345072,56.17807190981688],[68.09122406056778,55.526756781909015],[68.35356476867264,54.9750802840903],[68.81194050824337,54.58558338667728],[69.00590501330504,54.56999051122416],[69.8710142385965,54.134595656291715],[68.92119270095861,54.450245545876],[70.00494865681375,54.28882946966538],[69.84546502639975,54.25368978993272],[71.2419971962276,54.12455207503249],[72.50023463506349,53.85191403813772],[73.62866159661908,53.607396993716335],[74.81901090820355,53.47249350373181],[76.04516686474176,53.43400868949342],[77.33244967393733,53.42895461399412],[78.50097062302228,53.42424390418296],[79.89711158869352,53.3165354261646],[81.19644110381375,53.195092524320906],[82.33930932169801,53.044488832889854],[83.07800768756482,52.987165955679465],[84.10308643501901,52.761331948903674],[80.90555956409094,48.93632942257609],[80.08316028016361,49.316715175271106],[79.02172917176176,49.91432361690641],[78.37669426893558,50.483993621872145],[77.81219769641064,51.02223652533467],[77.28031499134534,51.50430655007398],[76.4356097188712,51.96521191005071],[75.62601744941236,52.270555944284055],[74.71688370705351,52.41004904310137],[73.747814143937,52.32017085782313],[72.71897688733821,51.99296837888724],[71.82471358828462,51.56291740376937],[71.08278579007515,51.189480169909785],[68.92631045503697,50.90602382886824],[67.9001424426072,50.98295331517373],[65.4115295942023,52.00201973071472],[64.89812109491083,52.58947695105775],[64.35749006392851,53.80077884072124],[64.31777771763717,54.688012023714116],[64.2949449938647,55.4337350639779],[64.232598605296,56.08396464928983],[64.21816715716875,56.84373905011715],[64.33020806983009,57.51327853159451],[64.59745143024463,58.1525093979906],[64.9512570636839,58.75957162708444],[65.32603878345947,59.37738298998803],[65.34560682778411,60.029575598966375],[65.2856634344736,60.67973351025484],[65.26087058942767,61.345707945030234],[65.24196291659763,61.998656068874205],[67.33608894227496,61.99265914118268]]]}},{"type":"Feature","properties":{"window":"2002-2006","pathway_id":"2002-2006_P04","rank":4,"pathway_color":"#d62728","associated_events":9,"data_start_km":55.4,"data_end_km":2159.95,"data_path_length_km":2104.55,"median_width20_km":68.78,"median_width50_km":119.1,"median_width90_km":298.43,"guide_rail_offset_km":100.0,"mean_bearing_deg":106.64112497086026,"direction":"E","directional_dominance":0.9199999999999999,"transition_probability":0.7333333333333334,"feature_type":"containment_envelope","containment_level":20,"fill_color":"#d62728","fill_opacity":0.68,"draw_order":3,"outline":false},"geometry":{"type":"Polygon","coordinates":[[[66.86025472423648,61.99669440991759],[66.84610977785962,61.34717193259977],[66.83827741860813,60.704678676228035],[66.86816546799713,60.053836981173504],[66.94041172908535,59.40351112443622],[67.25161875352262,58.72963278561388],[67.46858484208124,58.04523795890273],[67.50435118045397,57.38580367101166],[67.41796674179773,56.749530111333364],[67.29612110126902,56.16876131863247],[67.33081008114041,55.5175407540617],[67.63704196617857,54.934163557183844],[68.09491980528196,54.47226827498677],[68.28834029463451,54.24704595241126],[68.94519148820623,53.72246033628604],[68.66146324239395,53.61817065919208],[69.68986988299798,53.35352589828644],[70.23317836649488,53.34225259073802],[71.4241110125285,53.35737039332814],[72.56443741036969,53.32287294207262],[73.66168907243224,53.257915720566004],[74.79329523820809,53.210395757255085],[75.92810402701346,53.115786467833686],[77.03183390880957,52.950464195380974],[78.03727068502963,52.71710224882699],[79.15666290829944,52.53435790520699],[80.33773473856593,52.41292928046541],[81.38377583746262,52.1990070508047],[82.17998969793871,51.95998384160237],[83.09133821481817,51.6334812174721],[81.79990979044624,50.08565827870202],[80.87836205493142,50.361961826746274],[79.8824175639457,50.780640837314294],[79.16227847261848,51.28161730879614],[78.50222577254749,51.813626646154056],[77.71810117388611,52.21480463925571],[76.72247458572133,52.44539726175522],[75.73840862466457,52.58914631732884],[74.74156900778127,52.67220213472659],[73.71612389278158,52.66972909485509],[72.65860919024513,52.522211385060295],[71.65738841316602,52.33096461899978],[70.73249800789219,52.10411576639025],[69.20907782757263,51.8435653698342],[68.13171181441874,51.81684945474364],[66.2669938005235,52.44091853679697],[65.56221124058186,52.93205060999003],[65.05201134858564,53.93605417413895],[65.02597880002213,54.748413244515845],[65.05250327065619,55.4617080001741],[64.9856736128304,56.11182902258972],[64.92007244439611,56.83005629434354],[64.98816489083458,57.49338558925525],[65.21676279224067,58.13478266154512],[65.50760039474332,58.756004318388506],[65.79865399595766,59.38704223201037],[65.7931793832334,60.03847025042446],[65.74205802349752,60.688868396972005],[65.72708988050147,61.347981812196274],[65.71793888898571,61.99996578076609],[66.86025472423648,61.99669440991759]]]}},{"type":"Feature","properties":{"window":"2002-2006","pathway_id":"2002-2006_P04","rank":4,"pathway_color":"#d62728","associated_events":9,"data_start_km":55.4,"data_end_km":2159.95,"data_path_length_km":2104.55,"median_width20_km":68.78,"median_width50_km":119.1,"median_width90_km":298.43,"guide_rail_offset_km":100.0,"mean_bearing_deg":106.64112497086026,"direction":"E","directional_dominance":0.9199999999999999,"transition_probability":0.7333333333333334,"feature_type":"guide_rail","rail_side":"left","line_color":"#111111","line_width":1.6,"draw_order":4},"geometry":{"type":"LineString","coordinates":[[68.19218748977636,61.98143734041592],[68.15112651385869,61.335047046530555],[68.11813005368668,60.712202011934],[68.12317822892658,60.06108114583583],[68.1280755915007,59.4103532646128],[68.10366103738076,58.708356626291874],[68.03081311358386,58.01670549726235],[67.90449321194632,57.3640631517299],[67.80133504975669,56.732751937741945],[67.74854146692235,56.17488406032698],[67.77281706491652,55.523470409717746],[67.87754682921701,54.94837712897274],[68.04052537788868,54.46347254207841],[68.09292013086636,54.15747430115686],[68.76976223704855,53.642633519555986],[68.65651350178643,53.60199677857036],[69.73186384939791,53.480593171827785],[70.12719865970365,53.59559378858506],[71.33552389806982,53.73418640894689],[72.50430325873211,53.81878259810257],[73.60437339479478,53.86091220388563],[74.8554847992155,53.83819108296907],[76.15564641177696,53.729710485273095],[77.40235464040092,53.538526019979756],[78.41946568528238,53.30184321555956],[79.55169584383754,52.95593748025524],[80.5403019379749,52.60071011678886],[81.42688150905525,52.23807548817944],[82.17943597637714,51.95933216917129],[83.10772386159209,51.6523200007617]]}},{"type":"Feature","properties":{"window":"2002-2006","pathway_id":"2002-2006_P04","rank":4,"pathway_color":"#d62728","associated_events":9,"data_start_km":55.4,"data_end_km":2159.95,"data_path_length_km":2104.55,"median_width20_km":68.78,"median_width50_km":119.1,"median_width90_km":298.43,"guide_rail_offset_km":100.0,"mean_bearing_deg":106.64112497086026,"direction":"E","directional_dominance":0.9199999999999999,"transition_probability":0.7333333333333334,"feature_type":"guide_rail","rail_side":"right","line_color":"#111111","line_width":1.6,"draw_order":4},"geometry":{"type":"LineString","coordinates":[[64.38539946665591,61.992337353036206],[64.4219291511418,61.337745514942924],[64.4648728267432,60.659520738794896],[64.54064701905241,60.00987700226395],[64.61330141984388,59.35966262833354],[64.65365916829217,58.760518704482564],[64.65103582830989,58.151092814099755],[64.58531081086471,57.50596931916005],[64.53481436611332,56.83805085536055],[64.53484175676448,56.09569950178951],[64.6119830432433,55.44601492364364],[64.78787198303385,54.72858656846596],[65.10503994498492,53.94618234559959],[65.74671042717489,53.02562910031813],[66.4329414146896,52.524349807887624],[68.13629135850698,51.83304728600454],[69.17001589318753,51.71629496278125],[70.831275824243,51.850159034566694],[71.74029762055932,51.9538162317438],[72.71523819810693,52.026117183907296],[73.77050749008305,52.0665638955909],[74.68297694466366,52.04421362689599],[75.5230421569583,51.97426280818113],[76.37074608565001,51.85501909972262],[77.35515352695347,51.627570712377484],[78.12777964742963,51.38828589658139],[78.97172839768842,51.09129624021013],[79.84210508128359,50.740959017028395],[80.87887643038346,50.36262041027886],[81.78466100957047,50.0666115729515]]}},{"type":"Feature","properties":{"window":"2002-2006","pathway_id":"2002-2006_P05","rank":5,"pathway_color":"#9467bd","associated_events":7,"data_start_km":195.42,"data_end_km":2773.17,"data_path_length_km":2577.75,"median_width20_km":344.18,"median_width50_km":423.42,"median_width90_km":475.46,"guide_rail_offset_km":100.0,"mean_bearing_deg":79.1829637298007,"direction":"E","directional_dominance":0.9047619047619048,"transition_probability":0.738095238095238,"feature_type":"containment_envelope","containment_level":90,"fill_color":"#9467bd","fill_opacity":0.18,"draw_order":1,"outline":false},"geometry":{"type":"Polygon","coordinates":[[[36.052076118276574,60.827906097011585],[34.75195706952664,60.65032222342371],[33.466440535611326,60.46044806356268],[37.369097650912806,61.66521244238299],[36.54903994036147,61.13427982750776],[35.755758042694424,60.598645993819204],[34.9880207371196,60.05856151312759],[35.99456481595411,60.98157734271816],[35.69893087720021,60.33694323648495],[35.70768087463307,60.277938232150355],[35.61208866605588,60.2572568035108],[35.72732064339718,59.76053907009195],[35.830021825856164,59.25291699223647],[35.60976834228046,59.94420107788674],[36.18720337149361,59.351343218275],[34.12330930864465,60.47714457168231],[35.237116403106256,60.11473054879112],[36.32635073219325,59.74308870089365],[37.39125964445006,59.36250508608504],[32.82960936639208,59.882098298577986],[34.13337949038214,59.9757187129824],[33.98665756650462,59.89329743150833],[35.31650288316183,59.97754795678174],[36.69794791583706,59.89472161838875],[37.83871567298672,59.61917779412549],[39.355199464552925,59.38252830687765],[40.349282714393354,59.26169387450961],[41.19477115711598,59.50302397990536],[41.940308749498996,60.21582635683897],[42.59972259992989,61.12894248089407],[44.44755924759869,61.94499937562653],[48.18387943953445,62.24192965131793],[49.554139836630725,61.889667369849285],[52.76844102581174,60.957373492395135],[54.00559545544576,60.176209665087185],[54.92156241667942,59.62640636765883],[50.41148013050059,54.46475219812949],[49.179099726364484,54.46445705904725],[48.196168490557056,54.182872095777306],[48.736826876411385,53.69362005398387],[47.609353977366936,53.399439826453026],[48.38036736079337,53.445515712779184],[47.80436757304304,53.860476118458486],[46.34132692243068,54.30737592946241],[44.92715702278116,54.54112380569169],[43.550695687080406,54.31953959179896],[42.27488837249322,53.75597854231852],[41.40852393640546,53.13705502662408],[40.2178916422655,52.50912267673576],[39.24541256611752,52.07294883799765],[38.259807124511326,51.78868657086576],[36.04014734772579,51.52147814345854],[34.99168392278497,51.43559174763413],[29.295956493160787,52.12999232031497],[28.351876242676013,52.44503727434517],[27.393833936299416,52.75176501237652],[26.421819793484985,53.049914731488215],[22.797760480233904,54.85656673457838],[22.098578960409668,55.378481254027555],[20.178394418653284,57.05812185826335],[19.669981802410376,57.81738270538358],[19.140615435204325,58.585414238505614],[18.60861732797349,59.84688762570349],[18.297107306038612,61.09067922201749],[18.23319790767897,61.746712669057196],[18.845771618075446,64.05643234558327],[19.381956744108805,64.67026572410693],[19.94067940150171,65.28238094715411],[20.523603817018824,65.89264881091829],[26.527657420619363,68.45617313421673],[28.18150375892793,68.71207142726793],[29.871475514616776,68.95232479182059],[36.052076118276574,60.827906097011585]]]}},{"type":"Feature","properties":{"window":"2002-2006","pathway_id":"2002-2006_P05","rank":5,"pathway_color":"#9467bd","associated_events":7,"data_start_km":195.42,"data_end_km":2773.17,"data_path_length_km":2577.75,"median_width20_km":344.18,"median_width50_km":423.42,"median_width90_km":475.46,"guide_rail_offset_km":100.0,"mean_bearing_deg":79.1829637298007,"direction":"E","directional_dominance":0.9047619047619048,"transition_probability":0.738095238095238,"feature_type":"containment_envelope","containment_level":50,"fill_color":"#9467bd","fill_opacity":0.35,"draw_order":2,"outline":false},"geometry":{"type":"Polygon","coordinates":[[[35.80012378259059,61.278449254180956],[34.48320653786345,61.09831156245762],[33.18154677158378,60.90572655126518],[36.576594164134804,61.94316415517178],[35.76289981938544,61.40762561415101],[34.97622543330735,60.86751279397511],[34.2152952133558,60.32307371556087],[35.05473008411752,61.0819697160424],[34.77685014859503,60.43544891665975],[34.76944057178889,60.311314832864014],[34.67605419789223,60.22016148489752],[34.80860000910607,59.70685065796564],[34.929170663359315,59.18371931692382],[34.782012129775694,59.73345523778689],[35.370099285062736,59.14427369285728],[33.61754482428097,60.08385067514522],[34.7236097713332,59.72562048547055],[35.805864714352055,59.35817105066718],[36.864368434180136,58.981667677456194],[32.97830719685362,59.41982957373328],[34.26721406636591,59.5028977348031],[34.30316303276561,59.40926581875933],[35.65200710756278,59.428379960711666],[37.05225559325194,59.27901277913293],[38.24594648183907,58.99152292837319],[39.74242040037262,58.73253238134186],[40.94818718002091,58.438688464767836],[42.28531527136337,58.19735520241141],[43.665883345318946,58.137025508750625],[44.93941964014567,58.23587109465023],[46.32555456313679,58.376570362592346],[47.89131750603346,58.505335616696364],[49.16368569396039,58.580419433194265],[50.85904800038975,58.47055606191989],[52.22004043098315,58.30046969346392],[53.41548882762669,58.087540203303185],[51.63778745781306,56.04261987131339],[50.61357535804689,56.38666325316274],[49.68529713413659,56.714150426735884],[49.00964642870963,57.00747433449762],[47.80462932711151,57.140198613891556],[46.93321313062887,57.04359320681324],[45.953054796804395,56.80464972799587],[44.93488581091006,56.42164368460026],[44.029668090767245,55.868913815002045],[43.06956821184758,55.15451158221652],[41.97760727418705,54.41360240818269],[41.11030157366244,53.77459675080678],[39.971153318176334,53.13357507102987],[39.01918505029971,52.63145703617504],[38.04945886462815,52.28241155920109],[35.954814687799654,51.996783404396844],[34.89702898512303,51.90085050986474],[29.66824334659111,52.538253031267004],[28.71744044049288,52.85617710009401],[27.752384856588776,53.165870388706715],[26.772947067639222,53.4669471018833],[23.448147329988018,55.136830662090915],[22.752197230996984,55.66266710567324],[20.980276393608648,57.22602856399422],[20.496736802122598,57.973457391546724],[19.993582296961648,58.728651664030515],[19.524042030240196,59.926700271264146],[19.260914399357375,61.10804617260524],[19.217334028623128,61.764801393758944],[19.837844914335477,63.88974143111535],[20.393208539397932,64.5001730248292],[20.971764393521937,65.10872920609174],[21.5751941121749,65.71527067803119],[27.031129344700105,68.02902580652149],[28.66035730110147,68.28016258441531],[30.32374895240676,68.51586042305063],[35.80012378259059,61.278449254180956]]]}},{"type":"Feature","properties":{"window":"2002-2006","pathway_id":"2002-2006_P05","rank":5,"pathway_color":"#9467bd","associated_events":7,"data_start_km":195.42,"data_end_km":2773.17,"data_path_length_km":2577.75,"median_width20_km":344.18,"median_width50_km":423.42,"median_width90_km":475.46,"guide_rail_offset_km":100.0,"mean_bearing_deg":79.1829637298007,"direction":"E","directional_dominance":0.9047619047619048,"transition_probability":0.738095238095238,"feature_type":"containment_envelope","containment_level":20,"fill_color":"#9467bd","fill_opacity":0.68,"draw_order":3,"outline":false},"geometry":{"type":"Polygon","coordinates":[[[35.41554935212031,61.9406893458974],[34.07309842852527,61.75664970924687],[32.74694036303433,61.559925892255265],[35.383850883171704,62.343897025452065],[34.58068371504547,61.801574896915724],[33.80484479437945,61.25487376577037],[33.0549936039676,60.70403705940525],[33.660899433359646,61.21787711350421],[33.409782909098055,60.56881788084732],[33.38529879668229,60.34845601563529],[33.302446377157054,60.15369168130787],[33.461950080555766,59.61625406995938],[33.61006791993111,59.07060410518754],[33.582456237257276,59.41401724212278],[34.18527973304819,58.830329908804465],[32.894136437531984,59.50156902644594],[33.98807270811693,59.14883916831659],[35.05363039463046,58.78252552205605],[36.0651676563032,58.383477535227115],[33.23750361156766,58.57957023130139],[34.5629034261116,58.40462954145055],[35.14187370874916,58.0495543470162],[36.55117289619446,57.855885003329306],[37.90998593846348,57.683850219210626],[39.12501635019578,57.54820606806985],[40.44039787382593,57.49277713740083],[41.6166751949998,57.46880073152206],[42.85793049803789,57.46732262720553],[44.12506679668735,57.535894061491526],[45.27657886176479,57.772836248808915],[46.514687705887724,57.97198124744847],[47.86442936411217,58.097466947205476],[49.115781118487234,58.11045069929447],[50.469229317245606,57.90834364800127],[51.65487167271064,57.653558784297836],[52.76700216803849,57.37227030323509],[52.23907617422216,56.76446400793703],[51.13922560005534,57.03879970797481],[50.049001797992844,57.279123989781176],[49.05384046533405,57.47758976135876],[47.82956331211915,57.54815217040574],[46.75311094081181,57.44880449724384],[45.6329427951986,57.26946718323507],[44.502262441465945,57.025725337806406],[43.5038221481185,56.60430337517629],[42.478392744322946,56.13225332710073],[41.384786515482574,55.66227756863643],[40.390864791294234,55.23239295503282],[39.2982246893213,54.743765331088916],[38.339079336460884,54.22268167245012],[37.43336209476729,53.66245277190983],[35.748671528681285,53.099649679002184],[34.719295088988815,52.74562460393702],[30.26275523512976,53.17270311979006],[29.27332789910895,53.4650160437899],[28.29307948960448,53.774044742192096],[27.302121092497856,54.07901324043562],[24.422053699235136,55.54301915898634],[23.731461824127905,56.07464800520237],[22.173717990918504,57.46380883732959],[21.726558143420192,58.193389708524236],[21.26160855238453,58.929230014639415],[20.87915473483119,60.03264303597761],[20.681089930771236,61.121159947399725],[20.667573301633695,61.77868878931476],[21.27638989885847,63.63212284015664],[21.85854153348265,64.2373415870279],[22.464723409981985,64.84045022525541],[23.096629717982495,65.44129501185513],[27.738694802393866,67.39744896507413],[29.332687082841716,67.64188024368897],[30.958192630499354,67.87117294257527],[35.41554935212031,61.9406893458974]]]}},{"type":"Feature","properties":{"window":"2002-2006","pathway_id":"2002-2006_P05","rank":5,"pathway_color":"#9467bd","associated_events":7,"data_start_km":195.42,"data_end_km":2773.17,"data_path_length_km":2577.75,"median_width20_km":344.18,"median_width50_km":423.42,"median_width90_km":475.46,"guide_rail_offset_km":100.0,"mean_bearing_deg":79.1829637298007,"direction":"E","directional_dominance":0.9047619047619048,"transition_probability":0.738095238095238,"feature_type":"guide_rail","rail_side":"left","line_color":"#111111","line_width":1.6,"draw_order":4},"geometry":{"type":"LineString","coordinates":[[34.051308934198545,64.06662525137438],[32.619485593462684,63.86872152089177],[31.207980340326458,63.65732294601588],[31.321209547442265,63.56241654292067],[30.56231453556711,62.99838536516375],[29.83122141858047,62.4306681227242],[29.126398987837632,61.85948620844746],[29.096277804469906,61.55761008933749],[28.93580659312886,60.902430964961],[28.912361749781212,60.37052288244644],[28.921528958304123,59.84442172419091],[29.178667048898603,59.231938461027035],[29.42447599625862,58.61647468729832],[29.869202704962618,58.313385681333116],[30.512212659722536,57.74791639006203],[30.719964499695834,57.60022202316679],[31.777076811302607,57.266124856026856],[32.814640098773936,56.92298460924892],[33.83276373212266,56.571079180477675],[33.80940671413663,56.55423547813712],[34.996900366783166,56.6449339324279],[35.89587940234293,56.72282594485854],[37.05347807427705,56.907962669761666],[38.21219394638163,57.083766694266096],[39.297130379505404,57.25055068290285],[40.468263308410656,57.441369537449106],[41.49693605285864,57.646672110997415],[42.548288891111326,57.866056102252124],[43.684608416123154,58.11292864467964],[44.84834937708723,58.35879629226441],[46.227986910808596,58.5817672417243],[47.90578228689054,58.71939141936314],[49.175058432481904,58.689621971223076],[50.83496924405162,58.4364079228131],[52.095811282657735,58.160607151981445],[53.220747432096516,57.87625844617717]]}},{"type":"Feature","properties":{"window":"2002-2006","pathway_id":"2002-2006_P05","rank":5,"pathway_color":"#9467bd","associated_events":7,"data_start_km":195.42,"data_end_km":2773.17,"data_path_length_km":2577.75,"median_width20_km":344.18,"median_width50_km":423.42,"median_width90_km":475.46,"guide_rail_offset_km":100.0,"mean_bearing_deg":79.1829637298007,"direction":"E","directional_dominance":0.9047619047619048,"transition_probability":0.738095238095238,"feature_type":"guide_rail","rail_side":"right","line_color":"#111111","line_width":1.6,"draw_order":4},"geometry":{"type":"LineString","coordinates":[[32.78140163137252,65.77745499055158],[31.268392014481435,65.56664263505684],[29.77994819967512,65.3416260458078],[27.779524835784315,64.45946807498295],[27.06945768830201,63.87836927706655],[26.38681572206977,63.29420410875097],[25.729954031263276,62.707167800922],[25.339282413106133,61.72009694236741],[25.255821922847673,61.06242867606228],[25.297049417515325,60.27906033298888],[25.442665731467088,59.48993811941026],[25.788883335201234,58.820111762961275],[26.121844469113825,58.15151333243469],[27.03089979509997,57.34804076815251],[27.698891915057715,56.79767147775941],[29.115605313614424,56.03557396535863],[30.142525127119825,55.7149061247415],[31.152089718795935,55.38533906290162],[32.1443400477645,55.04712392249891],[34.25792241066006,54.77710008556094],[35.39306849916193,54.8633831704574],[36.79304424502175,54.999564954407695],[37.90386404974859,55.17634187918857],[39.031450608997915,55.34673123588918],[40.23624827154285,55.5316355075688],[41.35943125981879,55.71389811356969],[42.58886476150832,55.95344057142233],[43.793274782250336,56.20325754023712],[44.917781872163204,56.4459206253939],[46.0368389843527,56.68096261058816],[47.023179345784,56.83787266020579],[47.79185781205197,56.92606929708735],[48.99958969874206,56.89821979005002],[49.707082051432565,56.7485411104421],[50.72579572242407,56.52811382244292],[51.81322534398606,56.256590619812265]]}},{"type":"Feature","properties":{"window":"2002-2006","pathway_id":"2002-2006_P06","rank":6,"pathway_color":"#8c564b","associated_events":10,"data_start_km":0.0,"data_end_km":2220.86,"data_path_length_km":2220.86,"median_width20_km":52.26,"median_width50_km":104.71,"median_width90_km":221.58,"guide_rail_offset_km":100.0,"mean_bearing_deg":8.159078695443398,"direction":"N","directional_dominance":0.7,"transition_probability":0.4933333333333333,"feature_type":"containment_envelope","containment_level":90,"fill_color":"#8c564b","fill_opacity":0.18,"draw_order":1,"outline":false},"geometry":{"type":"Polygon","coordinates":[[[-51.82239153249603,-7.694606632544333],[-52.6459038950144,-8.335501406583239],[-53.889535115455786,-9.405787431596114],[-54.99627462634788,-10.138374494427557],[-55.66968624321805,-10.639330861004987],[-56.261045886051676,-11.373605199439812],[-56.930386390268865,-12.101070111875586],[-57.7859382767455,-12.7539935570501],[-58.736776173724095,-13.200143989621642],[-59.6560906795232,-13.458242877742881],[-60.33294476371677,-13.558234720536738],[-61.32618729652238,-13.51368932797225],[-62.49398837287613,-13.087268175670081],[-63.472805771624024,-12.225961514236602],[-63.84188239898219,-11.661448404182698],[-64.20263281372058,-10.50130655118563],[-64.31485388066062,-9.462565519462027],[-64.34230701737829,-8.542643000309539],[-64.36137348806565,-7.844495462459433],[-64.36217570869184,-7.203742489465326],[-64.31455414857558,-6.696381804131588],[-64.18253911410444,-6.040460126659376],[-63.900803622493825,-5.205504634449205],[-63.401896058462,-4.163885918299258],[-62.79057239625675,-3.2984350530238307],[-61.77788333364187,-2.4019339572273615],[-61.45409477134683,-2.008389059847215],[-60.01126642676064,-1.3638919607832432],[-58.794815565729024,-1.1504932915918982],[-57.697475911956715,-1.208826045364773],[-57.05142758487649,-1.3649412725256367],[-58.38183414898995,-5.969809242015233],[-59.0148643545304,-5.752868651176419],[-59.23824809036839,-5.671134494671667],[-59.3370525968605,-5.543524475868327],[-59.139649451297515,-5.271723474446757],[-59.71924976252865,-5.815343403098567],[-59.63086014247186,-5.8560297069437155],[-59.7230856285571,-6.119364760361667],[-59.736283282363274,-6.30310843474629],[-59.79206592627125,-6.761990948401648],[-59.876979434675945,-7.426312752422523],[-60.11239343456768,-8.226911494098854],[-60.438798432070854,-8.885864515282282],[-60.80598473055511,-9.48212706052694],[-61.018480943161805,-9.888145987507881],[-61.115149764656636,-10.179007602072442],[-61.218157939809785,-10.314789700706907],[-60.96277459805269,-10.93780142091746],[-60.915234934159486,-10.923630211712661],[-60.8625068389461,-11.016807072864113],[-60.51186465358636,-11.148836625580559],[-59.832681929313594,-11.149749127387636],[-59.451698534564,-11.02083522486512],[-59.239432011696465,-10.80208411388923],[-59.16414445960561,-10.50133333009334],[-59.13378502783644,-10.089291165283063],[-59.18006325998917,-9.597847803209058],[-59.464405242846055,-8.812019781070713],[-60.27898913103354,-8.227376564686304],[-61.344568846664544,-7.955977138865606],[-62.10801176754228,-7.243907925917753],[-51.82239153249603,-7.694606632544333]]]}},{"type":"Feature","properties":{"window":"2002-2006","pathway_id":"2002-2006_P06","rank":6,"pathway_color":"#8c564b","associated_events":10,"data_start_km":0.0,"data_end_km":2220.86,"data_path_length_km":2220.86,"median_width20_km":52.26,"median_width50_km":104.71,"median_width90_km":221.58,"guide_rail_offset_km":100.0,"mean_bearing_deg":8.159078695443398,"direction":"N","directional_dominance":0.7,"transition_probability":0.4933333333333333,"feature_type":"containment_envelope","containment_level":50,"fill_color":"#8c564b","fill_opacity":0.35,"draw_order":2,"outline":false},"geometry":{"type":"Polygon","coordinates":[[[-55.3471182180634,-7.567757817765101],[-55.49526097984187,-8.231013836217823],[-55.707604096919965,-9.081750418240206],[-55.9463758562413,-9.86162130401384],[-56.23067218653051,-10.475563898194894],[-56.731655585146555,-11.165512536307366],[-57.36284261140493,-11.793828957040917],[-58.092800162287716,-12.344659110867738],[-58.88692916392313,-12.745431808251308],[-59.6921272936892,-12.99039703889215],[-60.368702666800814,-13.079339329527457],[-61.23441730656745,-13.023536004895],[-62.18519770641004,-12.667336260121258],[-62.98750039652927,-11.979194056708337],[-63.337595581893225,-11.405070462495617],[-63.608947869990004,-10.44130910236349],[-63.6731610297698,-9.54753301560076],[-63.66347181558784,-8.725520305616822],[-63.6821941549658,-8.027596868488356],[-63.751138762897995,-7.353539915761228],[-63.76692422923334,-6.788861920318268],[-63.644661542137015,-6.131120866823944],[-63.30172214094647,-5.365781204920802],[-62.70094218040887,-4.539365200462654],[-61.99459171508694,-3.9462554926502587],[-61.156695126626275,-3.4361072599044142],[-60.70402854501296,-3.0702801787110428],[-59.78910100841621,-2.747434700678111],[-58.94435388073835,-2.6766954822018114],[-58.14942943556822,-2.771733156994861],[-57.50878705783916,-2.9511002685696113],[-57.92252335107136,-4.383877832788231],[-58.56050265821099,-4.190348031598238],[-59.08831514990891,-4.145020593287923],[-59.56128620558758,-4.160293662477317],[-59.89452281106814,-4.212016244252554],[-60.34477856624032,-4.782746896554132],[-60.43167716278907,-5.211624201019627],[-60.42785253635475,-5.747834225419056],[-60.33747932335761,-6.147136648750831],[-60.33132316650173,-6.6756961787217985],[-60.42612322489856,-7.33844919851893],[-60.72586840966565,-8.081990774876493],[-61.12078789543324,-8.707689472571566],[-61.487430432012985,-9.303688548898148],[-61.661363410637875,-9.807290877935745],[-61.70793669869937,-10.242849264907782],[-61.71899938186395,-10.574234705852888],[-61.44480128120907,-11.187410641766878],[-61.22030977677585,-11.344846519556832],[-60.952854017924906,-11.50716376977486],[-60.476480959774975,-11.627807876057034],[-59.79712499031534,-11.61767486465223],[-59.303366950296976,-11.47587813238065],[-58.93576048486078,-11.212538430510007],[-58.73527557673263,-10.810858882800265],[-58.66626629952317,-10.300535509094052],[-58.621927469566614,-9.76603841154152],[-58.51980781036045,-9.097548942819229],[-58.4689200650034,-8.572247691920328],[-58.49874887096486,-8.099859014418884],[-58.588072907807955,-7.425571108512244],[-55.3471182180634,-7.567757817765101]]]}},{"type":"Feature","properties":{"window":"2002-2006","pathway_id":"2002-2006_P06","rank":6,"pathway_color":"#8c564b","associated_events":10,"data_start_km":0.0,"data_end_km":2220.86,"data_path_length_km":2220.86,"median_width20_km":52.26,"median_width50_km":104.71,"median_width90_km":221.58,"guide_rail_offset_km":100.0,"mean_bearing_deg":8.159078695443398,"direction":"N","directional_dominance":0.7,"transition_probability":0.4933333333333333,"feature_type":"containment_envelope","containment_level":20,"fill_color":"#8c564b","fill_opacity":0.68,"draw_order":3,"outline":false},"geometry":{"type":"Polygon","coordinates":[[[-56.013723246333214,-7.540498954270565],[-56.098918043598644,-8.206376270278133],[-56.25876573216593,-8.98169962293818],[-56.49497062605772,-9.700485576855405],[-56.80695387698944,-10.306250473773733],[-57.24704029546315,-10.936560445423929],[-57.739321589352244,-11.52536483455638],[-58.315541913264894,-12.046583009096471],[-58.99070090176798,-12.430212571157599],[-59.71701430856308,-12.6662955780169],[-60.39316066200314,-12.750981589595106],[-61.17286381250622,-12.693621200608135],[-61.9819267802894,-12.390007200896907],[-62.673615227394876,-11.818990227217657],[-63.017210824160486,-11.241565269437965],[-63.234790987669086,-10.403010017600424],[-63.246734308710046,-9.60343570321211],[-63.10105352770118,-8.876145683684474],[-62.851642348439356,-8.249960210629077],[-62.63852997630565,-7.624043683871924],[-62.54584578869847,-6.9926821286631915],[-62.57398841839313,-6.3097419482085],[-62.51550182540751,-5.574953243630687],[-62.209175903926734,-4.802037444294079],[-61.69352238212228,-4.190729608749813],[-60.982881186047024,-3.7249242522396924],[-60.47419059296854,-3.3949463064022534],[-59.71848624978904,-3.1860855642124597],[-58.98984470102678,-3.1408731215015404],[-58.27937733453011,-3.220577404887573],[-57.64033297524561,-3.4069585833313063],[-57.79079618249696,-3.928040666119588],[-58.430330026557655,-3.741539863380924],[-59.042784145271156,-3.680851962123159],[-59.63212926561296,-3.721677243759724],[-60.12490617967785,-3.8875978835448706],[-60.51913128291372,-4.494125619398007],[-60.73372254142626,-4.967839148979601],[-60.921218123231,-5.48681781592436],[-61.12539425319413,-5.941413376961572],[-61.40359457732984,-6.502131046628752],[-61.64904038119795,-7.140234073021367],[-61.84080882288802,-7.816149322275656],[-61.95317228109198,-8.488537897533137],[-62.05106946577618,-9.155138444433625],[-62.088262207055834,-9.753019822706081],[-62.0817469253318,-10.282632092055072],[-62.03804179025403,-10.7389347194108],[-61.75739794407741,-11.348731151703012],[-61.42211086249763,-11.62268362089067],[-61.013841503794936,-11.837159490730997],[-60.452172191027216,-11.956195879055516],[-59.772427229450216,-11.941807858741074],[-59.200293660021615,-11.791224198175279],[-58.714273941769676,-11.511055119443833],[-58.36052651067831,-11.080424508205375],[-58.15288472355826,-10.531529789064717],[-58.04744976622365,-9.938151180301777],[-57.973044585550824,-9.261604120080737],[-57.91893270889054,-8.675354388366623],[-57.895399852333796,-8.127922560763771],[-57.92181361372255,-7.456780122323395],[-56.013723246333214,-7.540498954270565]]]}},{"type":"Feature","properties":{"window":"2002-2006","pathway_id":"2002-2006_P06","rank":6,"pathway_color":"#8c564b","associated_events":10,"data_start_km":0.0,"data_end_km":2220.86,"data_path_length_km":2220.86,"median_width20_km":52.26,"median_width50_km":104.71,"median_width90_km":221.58,"guide_rail_offset_km":100.0,"mean_bearing_deg":8.159078695443398,"direction":"N","directional_dominance":0.7,"transition_probability":0.4933333333333333,"feature_type":"guide_rail","rail_side":"left","line_color":"#111111","line_width":1.6,"draw_order":4},"geometry":{"type":"LineString","coordinates":[[-56.06263956170429,-7.538457978073566],[-56.09058133946459,-8.206722447959264],[-56.19505672178576,-8.993307128508535],[-56.36139147478562,-9.739810036756074],[-56.55293702455708,-10.38101542052019],[-56.866436911198406,-11.105744187896056],[-57.30767525831968,-11.833091314303244],[-57.97106394827996,-12.507231616393375],[-58.8125666824603,-12.97083452663975],[-59.67558068219208,-13.205430064403597],[-60.35559211249671,-13.255088870916095],[-61.25891425564829,-13.154579658602369],[-62.23866667021079,-12.74016848624633],[-63.029269911608836,-12.000477487148602],[-63.3401084780771,-11.406350995901121],[-63.56614399660843,-10.43694668745654],[-63.57062760543701,-9.561015763398453],[-63.45416750498413,-8.781670715763235],[-63.27922704754015,-8.135698326897662],[-63.12047197185211,-7.507233474337832],[-62.99034523157562,-6.9188724490152635],[-62.88057586256387,-6.258847108570655],[-62.693351933373265,-5.527754894017687],[-62.361753771684434,-4.720607977982847],[-61.91457040100086,-4.0112655442570055],[-61.21700894556368,-3.335826230489236],[-60.821197576519026,-2.9046292442252732],[-59.81905306755252,-2.561200916479829],[-58.928107203913896,-2.510891682100577],[-58.10342540755262,-2.6127626045201],[-57.46491475915796,-2.7990163332571205]]}},{"type":"Feature","properties":{"window":"2002-2006","pathway_id":"2002-2006_P06","rank":6,"pathway_color":"#8c564b","associated_events":10,"data_start_km":0.0,"data_end_km":2220.86,"data_path_length_km":2220.86,"median_width20_km":52.26,"median_width50_km":104.71,"median_width90_km":221.58,"guide_rail_offset_km":100.0,"mean_bearing_deg":8.159078695443398,"direction":"N","directional_dominance":0.7,"transition_probability":0.4933333333333333,"feature_type":"guide_rail","rail_side":"right","line_color":"#111111","line_width":1.6,"draw_order":4},"geometry":{"type":"LineString","coordinates":[[-57.87291562423131,-7.459030448809627],[-57.90373335659184,-8.127540799058437],[-57.98253584317723,-8.66347137845881],[-58.10626881826768,-9.221713965459275],[-58.30081209078023,-9.862370618813511],[-58.53214858727222,-10.360980434824015],[-58.79008031094223,-10.7713656239446],[-59.056433014252505,-11.049592558473602],[-59.37694678001961,-11.250333299167295],[-59.81348144086071,-11.402610160285283],[-60.4894757703959,-11.452034866597424],[-60.928669307009926,-11.376075481483278],[-61.16735651009472,-11.27183604355851],[-61.403252586318075,-11.165935831571511],[-61.71649961872387,-10.57294248239609],[-61.7506923199373,-10.247418214354692],[-61.76403355937525,-9.79428070688382],[-61.69728869714659,-9.248479898417648],[-61.52486432522163,-8.601532288564412],[-61.35819064547297,-7.931607596748507],[-61.20411718148242,-7.2127521895686915],[-61.096705596078124,-6.5520721686980155],[-60.94726808960556,-5.988049983143338],[-60.76823883481222,-5.567831696520542],[-60.51200350946908,-5.1468294992190495],[-60.28420890943568,-4.882934990257355],[-59.776908668886335,-4.377464975306588],[-59.531175034490474,-4.346503442200528],[-59.10458519094547,-4.31081915733763],[-58.606636181781894,-4.349297795154178],[-57.966493763591444,-4.5359503209351315]]}},{"type":"Feature","properties":{"window":"2002-2006","pathway_id":"2002-2006_P07","rank":7,"pathway_color":"#e377c2","associated_events":5,"data_start_km":55.97,"data_end_km":1250.76,"data_path_length_km":1194.79,"median_width20_km":30.0,"median_width50_km":55.0,"median_width90_km":127.05,"guide_rail_offset_km":100.0,"mean_bearing_deg":38.28540803446457,"direction":"NE","directional_dominance":0.7708333333333333,"transition_probability":0.5666666666666667,"feature_type":"containment_envelope","containment_level":90,"fill_color":"#e377c2","fill_opacity":0.18,"draw_order":1,"outline":false},"geometry":{"type":"Polygon","coordinates":[[[72.97564308603557,17.95526786261087],[72.91435274555838,18.402725811858588],[72.82415254800756,18.776768801978182],[72.64887054150671,19.22429310233117],[72.37885589880216,19.66161662015466],[72.09708197043454,20.075702465907757],[71.76831352839793,20.520479740609915],[71.40923125715341,20.970975874705154],[71.0466832346143,21.42009593821036],[70.65765092771505,21.856783708644485],[69.97734061041126,22.12461101326314],[69.30066739823246,22.531397587582198],[68.82552413726228,22.925552740496297],[68.3494388770556,23.878380284877867],[68.23539041559593,25.22319760219542],[68.48930632911893,26.255558843134423],[68.68425819663082,26.79725695377232],[69.02315180701379,27.50335041052387],[69.25519630144191,27.99710808545918],[69.51769824608314,28.515683102153094],[73.6186770022316,26.451676490571973],[73.26186954895121,25.98231199018644],[72.86903713351046,25.492971953097605],[72.59440207294315,25.211825462265224],[72.27990193621383,24.719074671810663],[72.2617670524811,24.652956060439752],[72.20714895006523,24.89177469607827],[72.11615128656655,24.774446699069166],[72.2781775964682,24.202066066908877],[72.28929544328355,23.677877968406456],[72.32308679365087,23.031402026260825],[72.66976428013078,22.56270135791392],[73.03594689498954,22.102670160036904],[73.39884606182005,21.64083333633318],[73.75654613556043,21.150785567782453],[74.11982361512986,20.606409303810548],[74.4465009592073,20.057825642587236],[74.69193746629685,19.44173542392321],[74.87485026176824,18.71465178851349],[74.95463413431256,18.035995990095135],[72.97564308603557,17.95526786261087]]]}},{"type":"Feature","properties":{"window":"2002-2006","pathway_id":"2002-2006_P07","rank":7,"pathway_color":"#e377c2","associated_events":5,"data_start_km":55.97,"data_end_km":1250.76,"data_path_length_km":1194.79,"median_width20_km":30.0,"median_width50_km":55.0,"median_width90_km":127.05,"guide_rail_offset_km":100.0,"mean_bearing_deg":38.28540803446457,"direction":"NE","directional_dominance":0.7708333333333333,"transition_probability":0.5666666666666667,"feature_type":"containment_envelope","containment_level":50,"fill_color":"#e377c2","fill_opacity":0.35,"draw_order":2,"outline":false},"geometry":{"type":"Polygon","coordinates":[[[73.44665029898744,17.976620996884456],[73.38044178907222,18.47910489603337],[73.26742313497942,18.937031473977445],[73.07510772287296,19.424558500858343],[72.79139770002871,19.888264572799212],[72.49001984651844,20.333219147475926],[72.154280931806,20.788718837885227],[71.79424322752692,21.24190299193963],[71.4307835575487,21.693608808553662],[71.06215949052998,22.145443522957684],[70.69382540025083,22.613177765851336],[70.32156858825567,23.114918667943684],[69.99980876158648,23.59874152591693],[69.72495252148934,24.252081202406785],[69.69442416833218,25.029064110072742],[69.84432833696121,25.721398630542925],[69.92842396757521,26.30802379790746],[70.0996376702837,26.957164684317426],[70.29112857205274,27.492779922333078],[70.55484064778184,28.010925236496394],[72.60873488077357,26.976895760731484],[72.25189205099235,26.506503675732187],[71.81834536988708,26.058475397038936],[71.37217531638657,25.722479168279538],[70.94637974517542,25.274576924446386],[70.8110636293886,24.870886470083626],[70.81793531448128,24.539261069020146],[70.92105725845215,24.116490470038077],[71.24081715683894,23.630808515573747],[71.56170670791232,23.19633691690967],[71.91344626719828,22.74588805759352],[72.28094444064718,22.292135083054035],[72.64630878449157,21.834713781571672],[73.00834665200114,21.37558913163546],[73.3592425840481,20.89637616328465],[73.70331887550677,20.383173548318307],[74.01671427985013,19.8611872328616],[74.2457838153282,19.28536140206412],[74.407375601106,18.64250190632351],[74.48327347003129,18.01890904227124],[73.44665029898744,17.976620996884456]]]}},{"type":"Feature","properties":{"window":"2002-2006","pathway_id":"2002-2006_P07","rank":7,"pathway_color":"#e377c2","associated_events":5,"data_start_km":55.97,"data_end_km":1250.76,"data_path_length_km":1194.79,"median_width20_km":30.0,"median_width50_km":55.0,"median_width90_km":127.05,"guide_rail_offset_km":100.0,"mean_bearing_deg":38.28540803446457,"direction":"NE","directional_dominance":0.7708333333333333,"transition_probability":0.5666666666666667,"feature_type":"containment_envelope","containment_level":20,"fill_color":"#e377c2","fill_opacity":0.68,"draw_order":3,"outline":false},"geometry":{"type":"Polygon","coordinates":[[[73.6821988874857,17.98679839890033],[73.61365131556596,18.516801761724498],[73.48939510292129,19.016712809830366],[73.2886384460702,19.524272815608576],[72.99812719779365,20.00119578398363],[72.68699211881307,20.461620724706172],[72.34778651236542,20.92249485650386],[71.98728178574794,21.377025904725567],[71.62337689640805,21.83002747847275],[71.25499798103004,22.282297636589373],[70.89043301877001,22.74611735669231],[70.5298807552478,23.232618828849287],[70.20856293849442,23.716865390303706],[69.96137752905378,24.31493499790748],[69.93921989641916,24.995100012182256],[70.10095810251525,25.618341093621204],[70.30083639934094,26.158816464242115],[70.5561853938093,26.721637363346346],[70.81264003776067,27.23450565019937],[71.09526880158239,27.743283757045113],[72.07534329497008,27.249828376766693],[71.73674117526377,26.76964392286731],[71.36680486898157,26.297751392173478],[71.00240933482371,25.874269447099714],[70.69116624979185,25.379039841790213],[70.56674297816858,24.90620716378536],[70.58069819766524,24.477662768833195],[70.71105950578084,23.999276676450364],[71.03128651558325,23.51401603305384],[71.36381938710025,23.064206922568676],[71.71933260821572,22.609815563167583],[72.08709747522605,22.156499060981865],[72.45204139925738,21.700379931382354],[72.81363724526568,21.242608593174864],[73.16111065663588,20.768799922664435],[73.49553667670924,20.271148679901597],[73.80224066395948,19.762436325430237],[74.02304597032509,19.206712992264652],[74.17379797905622,18.605928448814723],[74.24763098494503,18.00986487836359],[73.6821988874857,17.98679839890033]]]}},{"type":"Feature","properties":{"window":"2002-2006","pathway_id":"2002-2006_P07","rank":7,"pathway_color":"#e377c2","associated_events":5,"data_start_km":55.97,"data_end_km":1250.76,"data_path_length_km":1194.79,"median_width20_km":30.0,"median_width50_km":55.0,"median_width90_km":127.05,"guide_rail_offset_km":100.0,"mean_bearing_deg":38.28540803446457,"direction":"NE","directional_dominance":0.7708333333333333,"transition_probability":0.5666666666666667,"feature_type":"guide_rail","rail_side":"left","line_color":"#111111","line_width":1.6,"draw_order":4},"geometry":{"type":"LineString","coordinates":[[73.02273825298602,17.95746303871978],[72.96094173663289,18.410422709569012],[72.8684392634004,18.792848816895056],[72.69144497754795,19.24436955517272],[72.42005530784925,19.684328235127282],[72.13631572529027,20.10149662267015],[71.80684805162878,20.547344548467898],[71.44766896839545,20.99810913622491],[71.08502852324216,21.44748742724353],[70.71597880772748,21.89853919669192],[70.34086445264711,22.373298985407246],[69.94749807809475,22.90239811502311],[69.62496095068181,23.38545666573883],[69.32532011610863,24.14491869889285],[69.27379744559641,25.086489389308596],[69.48567912322773,25.86441591588394],[69.73818971680419,26.38374947734689],[70.0919107016532,26.96113102385716],[70.39432561943323,27.44190543466835],[70.70243407319248,27.93814567668769]]}},{"type":"Feature","properties":{"window":"2002-2006","pathway_id":"2002-2006_P07","rank":7,"pathway_color":"#e377c2","associated_events":5,"data_start_km":55.97,"data_end_km":1250.76,"data_path_length_km":1194.79,"median_width20_km":30.0,"median_width50_km":55.0,"median_width90_km":127.05,"guide_rail_offset_km":100.0,"mean_bearing_deg":38.28540803446457,"direction":"NE","directional_dominance":0.7708333333333333,"transition_probability":0.5666666666666667,"feature_type":"guide_rail","rail_side":"right","line_color":"#111111","line_width":1.6,"draw_order":4},"geometry":{"type":"LineString","coordinates":[[74.90749368509157,18.034347408381713],[74.82808375211991,18.707496748533362],[74.64728137932548,19.42615364118854],[74.40347176277336,20.03821390153355],[74.07811646972834,20.584134883941164],[73.71675303604655,21.12538954214595],[73.35973087924901,21.614352261773902],[72.99691646238546,22.075917537676077],[72.6308143051022,22.535687415242585],[72.26381249372025,22.990226707613154],[71.91886805683097,23.433558194336083],[71.61888700729926,23.840349656970606],[71.29998680257555,24.326788062417993],[71.21996570956924,24.642716064354797],[71.23025325124337,24.80935715478151],[71.30162311937133,25.128179736084466],[71.56035556221721,25.644748629472176],[71.82595689167673,26.05442262271393],[72.15031363500248,26.558616517546742],[72.46355369773244,27.051489300626038]]}},{"type":"Feature","properties":{"window":"2002-2006","pathway_id":"2002-2006_P08","rank":8,"pathway_color":"#7f7f7f","associated_events":5,"data_start_km":648.72,"data_end_km":1836.73,"data_path_length_km":1188.01,"median_width20_km":42.34,"median_width50_km":77.46,"median_width90_km":211.83,"guide_rail_offset_km":100.0,"mean_bearing_deg":305.73215613700404,"direction":"NW","directional_dominance":0.6874999999999999,"transition_probability":0.5625,"feature_type":"containment_envelope","containment_level":90,"fill_color":"#7f7f7f","fill_opacity":0.18,"draw_order":1,"outline":false},"geometry":{"type":"Polygon","coordinates":[[[1.0909765238541524,29.095919310328078],[1.0308118314116541,29.793407681614624],[0.982058746787402,30.26797598588854],[0.8813557466038162,30.825209079898432],[0.24352542836680868,30.913364865860082],[0.02874674298348623,30.40241732253904],[0.9675233933268998,30.07995573115458],[0.32290676741064317,30.011330201365567],[0.5729938845684899,29.97326960111018],[0.0831538367464475,29.54360489357231],[-1.130706879062302,28.93343649563321],[-3.34327158674256,28.762013581884737],[-3.946668353518362,28.954850281636734],[-4.682206498295102,29.414502999902194],[-5.153989238275216,29.94042409286477],[-5.101114860569339,30.315520061882506],[-5.279305298380024,30.77071662562199],[-5.996356655824059,31.06118364093221],[-6.602079891532981,31.113768050482076],[-7.23944256611361,30.984039263655397],[-7.765479853709934,32.819868695163414],[-7.116567379920355,32.95277218488218],[-6.427431701263231,33.23816759931928],[-5.841037810182456,33.710606369800615],[-4.684756684803972,34.14080401857698],[-3.28496371904032,34.370501950751496],[-2.497115054043519,34.51027551416427],[-1.9816176077597163,34.611097151712876],[-1.3181527080778892,34.479664271018045],[-2.3401634218229788,34.379030787569334],[-2.2855986294433137,33.99245768080615],[-1.5601314596185887,34.02880842421491],[-0.024214913518079584,34.332106706253555],[0.6558872967958678,34.33698264120754],[2.7340055186580514,33.415750602231626],[3.291522827222934,32.04851448082515],[3.1260741500940696,31.101821442104903],[3.209557258635016,30.542609375223076],[3.2642520287199943,29.893897813607357],[3.274477120535664,29.465344064455937],[1.0909765238541524,29.095919310328078]]]}},{"type":"Feature","properties":{"window":"2002-2006","pathway_id":"2002-2006_P08","rank":8,"pathway_color":"#7f7f7f","associated_events":5,"data_start_km":648.72,"data_end_km":1836.73,"data_path_length_km":1188.01,"median_width20_km":42.34,"median_width50_km":77.46,"median_width90_km":211.83,"guide_rail_offset_km":100.0,"mean_bearing_deg":305.73215613700404,"direction":"NW","directional_dominance":0.6874999999999999,"transition_probability":0.5625,"feature_type":"containment_envelope","containment_level":50,"fill_color":"#7f7f7f","fill_opacity":0.35,"draw_order":2,"outline":false},"geometry":{"type":"Polygon","coordinates":[[[1.594717221522643,29.184655891766543],[1.547103431566029,29.82006303172271],[1.4960922787304582,30.334884163686155],[1.3982727111096267,30.892489370553502],[1.1837669365381203,31.274145930122046],[0.9183565692432865,31.42143744858335],[0.8712365373888815,31.435635168485394],[0.23054979071974913,31.202305999984183],[0.11031533024353735,30.886753439004586],[-0.32191429836723273,30.338649533539368],[-1.3042196821109542,29.75850128912457],[-3.05511668921784,29.616371838839758],[-3.637498148670687,29.887323578649546],[-4.279488177024206,30.394058794948858],[-4.7424813315552115,30.9501773507106],[-4.990696494477646,31.34616947654552],[-5.439115656765381,31.63254729670336],[-6.112543627950345,31.66162738534255],[-6.722290187311643,31.55195082567627],[-7.362333648456428,31.421484777290004],[-7.637836045024159,32.38311495557135],[-6.991743491410659,32.51524366249336],[-6.305900932278149,32.63834561023506],[-5.671605448087064,32.84986881801155],[-4.798738232711344,33.11062006787176],[-3.724448528692335,33.36497582177061],[-2.9333946792246195,33.53596933599428],[-2.320201335467118,33.68258823252327],[-1.6350357002847318,33.629317120063256],[-2.146965943862142,33.55628398824914],[-1.8467911362040184,33.204521656459015],[-1.064621717845256,33.122062250772686],[0.07485572610548274,33.141920148064216],[0.7581250310252869,32.98207367143242],[1.8051997984969432,32.409792067027354],[2.3355829323794524,31.703179062512255],[2.6068658385885897,31.041429127931913],[2.693300356549571,30.48249765241722],[2.7471591856385658,29.874060085587903],[2.7678991840821254,29.383155057876692],[1.594717221522643,29.184655891766543]]]}},{"type":"Feature","properties":{"window":"2002-2006","pathway_id":"2002-2006_P08","rank":8,"pathway_color":"#7f7f7f","associated_events":5,"data_start_km":648.72,"data_end_km":1836.73,"data_path_length_km":1188.01,"median_width20_km":42.34,"median_width50_km":77.46,"median_width90_km":211.83,"guide_rail_offset_km":100.0,"mean_bearing_deg":305.73215613700404,"direction":"NW","directional_dominance":0.6874999999999999,"transition_probability":0.5625,"feature_type":"containment_envelope","containment_level":20,"fill_color":"#7f7f7f","fill_opacity":0.68,"draw_order":3,"outline":false},"geometry":{"type":"Polygon","coordinates":[[[1.8469153816917583,29.22829010767303],[1.8053500789924328,29.832622664697166],[1.7533692821262434,30.36757538161981],[1.6569987541786872,30.9253584913329],[1.428984803115327,31.36667552576272],[1.1262246597085834,31.65555405522444],[0.8421548186458097,31.837997655584008],[0.19045047652545577,31.710004338702543],[-0.16691747879124819,31.425075812087353],[-0.6505981376825787,30.973309005882193],[-1.481238897831247,30.584899626318396],[-2.742903539991147,30.526903989330588],[-3.3264530858225783,30.809570917229564],[-3.948793488017884,31.184872038303354],[-4.509601982419355,31.51307239582829],[-4.954438173481293,31.68217130719174],[-5.480974521366704,31.85487677981017],[-6.156017837802921,31.88366361424407],[-6.782919876061186,31.770967534154703],[-7.424319712455514,31.640128570810045],[-7.574587815832473,32.164654881356],[-6.929888590698823,32.29640070863996],[-6.261480969984916,32.41641943231177],[-5.6285586409432256,32.62767432124162],[-4.835589546784291,32.77469581295418],[-3.9657652928632956,32.803355773720654],[-3.279551085382309,32.74757495664748],[-2.6489132984270043,32.76272297122855],[-1.966753023688085,32.7215091682412],[-1.957285682382576,32.73137755860362],[-1.501657426963618,32.57332799483783],[-0.7769389156910904,32.585884430791516],[0.11626268799440709,32.63437574928386],[0.7879022647455542,32.57980137039343],[1.5939233550524534,32.17681105076184],[2.0886070717056384,31.612378710419648],[2.347509649054359,31.01045402719466],[2.4354132405564997,30.451671198771766],[2.4886927483007923,29.863370358245923],[2.514922778120905,29.341316597221155],[1.8469153816917583,29.22829010767303]]]}},{"type":"Feature","properties":{"window":"2002-2006","pathway_id":"2002-2006_P08","rank":8,"pathway_color":"#7f7f7f","associated_events":5,"data_start_km":648.72,"data_end_km":1836.73,"data_path_length_km":1188.01,"median_width20_km":42.34,"median_width50_km":77.46,"median_width90_km":211.83,"guide_rail_offset_km":100.0,"mean_bearing_deg":305.73215613700404,"direction":"NW","directional_dominance":0.6874999999999999,"transition_probability":0.5625,"feature_type":"guide_rail","rail_side":"left","line_color":"#111111","line_width":1.6,"draw_order":4},"geometry":{"type":"LineString","coordinates":[[1.1720987572794002,29.110351914761484],[1.1140349704707546,29.797843728760608],[1.0652634666992356,30.278950182985994],[0.9673214476050305,30.83654696936414],[0.7968081119600186,31.126818474305882],[0.7217353165100064,31.198599584877417],[0.8803556571979811,31.308788133578776],[0.22503804989091236,31.27242680981133],[-0.04131175869463277,31.182015182784056],[-0.6396011387768112,30.952225991385266],[-1.521847436152541,30.77230379770228],[-2.661564692605168,30.76151603573487],[-3.2881598320701073,30.922001840068443],[-3.9762669756690627,31.119640575151617],[-4.593924329957929,31.309971977731845],[-4.992278557043591,31.33148073738597],[-5.386675715928959,31.352032065089496],[-6.034970826426246,31.26188251301945],[-6.6140386661978425,31.157595204027057],[-7.251667515523479,31.02779320031326]]}},{"type":"Feature","properties":{"window":"2002-2006","pathway_id":"2002-2006_P08","rank":8,"pathway_color":"#7f7f7f","associated_events":5,"data_start_km":648.72,"data_end_km":1836.73,"data_path_length_km":1188.01,"median_width20_km":42.34,"median_width50_km":77.46,"median_width90_km":211.83,"guide_rail_offset_km":100.0,"mean_bearing_deg":305.73215613700404,"direction":"NW","directional_dominance":0.6874999999999999,"transition_probability":0.5625,"feature_type":"guide_rail","rail_side":"right","line_color":"#111111","line_width":1.6,"draw_order":4},"geometry":{"type":"LineString","coordinates":[[3.1927822520543714,29.452233049216908],[3.180867109157191,29.890838438400245],[3.125901702662844,30.533013417993875],[3.0396318498103767,31.091916367363364],[2.7272735988405543,31.845851614420077],[2.0070161641945674,32.6308989670729],[0.7486851845901299,33.10887912801454],[0.08060328708424436,33.07182709442194],[-0.9064450359754233,32.82814461843797],[-1.5130512621243497,32.59432740055421],[-1.9147855840377304,32.54419634490559],[-2.051264153348228,32.48734027686508],[-2.688585298514596,32.65047797771318],[-3.2511950896752353,32.812668352185845],[-3.878989192957306,33.00608539209788],[-4.797123877706412,33.12530458343417],[-5.726301451628359,33.13012770978483],[-6.386578679289528,33.03772920562739],[-7.104017397754234,32.90902886787283],[-7.752645868930699,32.776203403080764]]}},{"type":"Feature","properties":{"window":"2002-2006","pathway_id":"2002-2006_P09","rank":9,"pathway_color":"#bcbd22","associated_events":3,"data_start_km":0.0,"data_end_km":1280.77,"data_path_length_km":1280.77,"median_width20_km":95.34,"median_width50_km":162.27,"median_width90_km":214.81,"guide_rail_offset_km":100.0,"mean_bearing_deg":119.91942698141276,"direction":"SE","directional_dominance":0.9166666666666666,"transition_probability":0.6666666666666666,"feature_type":"containment_envelope","containment_level":90,"fill_color":"#bcbd22","fill_opacity":0.18,"draw_order":1,"outline":false},"geometry":{"type":"Polygon","coordinates":[[[92.4946018839986,39.41176670390356],[93.26115181186123,39.386860708047834],[94.02402618328739,39.46623626093198],[94.77745295737054,39.6249099966357],[96.04522106208981,39.64250596841603],[97.37917790633725,39.34463336491877],[99.11721700282868,38.32238156746162],[99.89773397862444,37.38539766482915],[100.33224698286756,36.04317085175899],[100.29404161149898,35.165562220415794],[100.08648737767146,34.81517848178913],[99.90670231036944,34.49536221434101],[99.85324448977588,34.23207836786507],[99.55868264655885,34.392621647069745],[99.71708424154622,34.28571334491845],[99.98777373943523,34.235800993109706],[100.34355255956348,34.24152499176331],[101.06481051706646,34.23502671269719],[101.78043449084817,34.23264384191798],[102.500048236363,34.23185848078002],[102.50284478712206,30.76766564813157],[101.78783946455832,30.767014666922574],[101.06899125565315,30.764946442678173],[100.35555789115813,30.758150430604303],[99.29219855271793,30.77847374393687],[98.18657608663631,31.00121411253449],[97.11795557933982,31.48830123506124],[95.94889004108512,32.587474545699905],[95.37719649678479,33.44588636008899],[94.95681691942707,34.31202532368439],[94.70595838850102,35.165562220415794],[94.54785330086963,35.492020607388234],[94.63307416856446,35.32943229460182],[94.65781190756616,35.444936042867816],[95.21135538471185,35.21790325868746],[95.07005774096092,35.28931724012306],[94.79217312424919,35.37474183046412],[94.02163346049139,35.533443717707115],[93.25993204841944,35.612582270887685],[92.50140653136208,35.58760964913829],[92.4946018839986,39.41176670390356]]]}},{"type":"Feature","properties":{"window":"2002-2006","pathway_id":"2002-2006_P09","rank":9,"pathway_color":"#bcbd22","associated_events":3,"data_start_km":0.0,"data_end_km":1280.77,"data_path_length_km":1280.77,"median_width20_km":95.34,"median_width50_km":162.27,"median_width90_km":214.81,"guide_rail_offset_km":100.0,"mean_bearing_deg":119.91942698141276,"direction":"SE","directional_dominance":0.9166666666666666,"transition_probability":0.6666666666666666,"feature_type":"containment_envelope","containment_level":50,"fill_color":"#bcbd22","fill_opacity":0.35,"draw_order":2,"outline":false},"geometry":{"type":"Polygon","coordinates":[[[92.49624885375522,38.96177963378556],[93.26167562265522,38.93676249907152],[94.02434652382613,38.96035807363112],[94.7801509457858,39.05111250655922],[95.9183834681192,39.102816500086014],[97.13610374323264,38.90533173829115],[98.66513383685924,38.04758291130032],[99.38418142547891,37.19943019258374],[99.77979906756678,36.002694827969854],[99.74535501348117,35.17694523979732],[99.54261010165732,34.772389127736496],[99.3797789524894,34.383305716716926],[99.36482091250923,34.036688438402344],[99.24032537703442,34.02771066565969],[99.51497059277938,33.867598389370784],[99.89495849002822,33.791819269218706],[100.34477262110761,33.79088622485241],[101.06488885972027,33.78445776067148],[101.78085098497888,33.78216127051556],[102.49974791841817,33.78147884157826],[102.50183542679576,31.218260597107427],[101.78634495843028,31.217711723968115],[101.06799625183623,31.215731102628983],[100.35367916111579,31.209004914935896],[99.37834772367745,31.223200027366794],[98.37561222905947,31.421801684456508],[97.41817595424806,31.85892036773406],[96.42119038328701,32.79657614583704],[95.89268406155378,33.57524746698132],[95.49484402059181,34.37530469447151],[95.25464498651883,35.17694523979732],[95.09348757169312,35.55610487504137],[95.12302636248165,35.53499611322308],[95.08081208653539,35.734128479983234],[95.43260424080046,35.661000070076575],[95.1856554638145,35.830078467876085],[94.79086440054675,35.94889982911272],[94.02254602573964,36.0396152971416],[93.26072202540729,36.06293375644011],[92.50141872651898,36.03785573314587],[92.49624885375522,38.96177963378556]]]}},{"type":"Feature","properties":{"window":"2002-2006","pathway_id":"2002-2006_P09","rank":9,"pathway_color":"#bcbd22","associated_events":3,"data_start_km":0.0,"data_end_km":1280.77,"data_path_length_km":1280.77,"median_width20_km":95.34,"median_width50_km":162.27,"median_width90_km":214.81,"guide_rail_offset_km":100.0,"mean_bearing_deg":119.91942698141276,"direction":"SE","directional_dominance":0.9166666666666666,"transition_probability":0.6666666666666666,"feature_type":"containment_envelope","containment_level":20,"fill_color":"#bcbd22","fill_opacity":0.68,"draw_order":3,"outline":false},"geometry":{"type":"Polygon","coordinates":[[[92.49854744923903,38.182545906849036],[93.2621178766313,38.23449155288571],[94.02447599004796,38.3209623874741],[94.78294500118852,38.396698771107715],[95.75103438708362,38.37874270766839],[96.73381200001563,38.165491755688485],[97.87519326136601,37.558425721575446],[98.59531501228787,36.9077230992813],[99.10885443561506,35.95010012189359],[99.24203823883892,35.18520624316533],[99.12830188387352,34.73812053635331],[98.96161211171324,34.29251409935981],[98.89052805382534,33.84415047096452],[98.86205069814963,33.588751401368725],[99.24463586758407,33.3009980768578],[99.76785288521552,33.1752617635626],[100.34659039970427,33.17937247932646],[101.06521312161681,33.1859287392499],[101.78165598130886,33.18832286867731],[102.4996634400299,33.188637029898395],[102.50079361583443,31.811287725898186],[101.78461184607875,31.81173494422266],[101.06687803033105,31.814447118562914],[100.35128107737745,31.820708876013814],[99.49946335490915,31.840426780792164],[98.63435069295656,31.990594602629226],[97.78163736222598,32.30254117641369],[96.88410977341346,32.99878306091631],[96.3038742156566,33.67659172067819],[95.90561637672732,34.42195127300675],[95.75796176116114,35.18520624316534],[95.75806764427017,35.630736191900276],[95.88518083895161,35.848868849618455],[95.83484744272045,36.24104716270582],[95.81000742555187,36.40516791169458],[95.34294526865926,36.55511200401428],[94.78912397201242,36.60358738753884],[94.02345285461729,36.67925789768475],[93.26161749734587,36.76546289843747],[92.50094435662243,36.817374594367315],[92.49854744923903,38.182545906849036]]]}},{"type":"Feature","properties":{"window":"2002-2006","pathway_id":"2002-2006_P09","rank":9,"pathway_color":"#bcbd22","associated_events":3,"data_start_km":0.0,"data_end_km":1280.77,"data_path_length_km":1280.77,"median_width20_km":95.34,"median_width50_km":162.27,"median_width90_km":214.81,"guide_rail_offset_km":100.0,"mean_bearing_deg":119.91942698141276,"direction":"SE","directional_dominance":0.9166666666666666,"transition_probability":0.6666666666666666,"feature_type":"guide_rail","rail_side":"left","line_color":"#111111","line_width":1.6,"draw_order":4},"geometry":{"type":"LineString","coordinates":[[92.4979750902562,38.40016660548179],[93.26205405772305,38.40040620085614],[94.02447637755995,38.40073140248311],[94.78292793020637,38.40091914672373],[95.74531911169129,38.353771710473126],[96.70734166636475,38.11624777328462],[97.72704839134173,37.46540550397079],[98.23956217114062,36.7737613188835],[98.53032226060498,35.90171746950308],[98.59803317966487,35.19273422976429],[98.59767143812053,34.692114375034414],[98.67352211750745,34.2290023474118],[98.8475616452065,33.826571527311614],[98.94110600135696,33.68097304237934],[99.33165374884709,33.484303177512864],[99.81322250329708,33.39647862672776],[100.3459086758192,33.40150871287663],[101.06506765142728,33.40151701344043],[101.78133427532498,33.40118451801965],[102.49965348274452,33.400913067748206]]}},{"type":"Feature","properties":{"window":"2002-2006","pathway_id":"2002-2006_P09","rank":9,"pathway_color":"#bcbd22","associated_events":3,"data_start_km":0.0,"data_end_km":1280.77,"data_path_length_km":1280.77,"median_width20_km":95.34,"median_width50_km":162.27,"median_width90_km":214.81,"guide_rail_offset_km":100.0,"mean_bearing_deg":119.91942698141276,"direction":"SE","directional_dominance":0.9166666666666666,"transition_probability":0.6666666666666666,"feature_type":"guide_rail","rail_side":"right","line_color":"#111111","line_width":1.6,"draw_order":4},"geometry":{"type":"LineString","coordinates":[[92.50114086750574,36.59969511882642],[93.26144345231756,36.599502317641246],[94.02335494734217,36.59946563493051],[94.78913605617373,36.59936571508111],[95.34841590166661,36.58010634883044],[95.83534694047978,36.454608531834104],[95.97842054330442,36.33632823677522],[96.2327344295997,35.98963133380895],[96.33280405396386,35.69225410382744],[96.40196682033513,35.192734229764284],[96.43288636329396,34.47971704025011],[96.5882463586575,33.74572555316403],[96.92625648847775,33.01705874410008],[97.7050628744525,32.20953889103678],[98.55031518615976,31.806725593693994],[99.4558066498069,31.619018517461086],[100.35213189539309,31.59851720014691],[101.06725383115122,31.598804581207652],[101.78520184250613,31.59881985452488],[102.50112887352714,31.59895814899985]]}},{"type":"Feature","properties":{"window":"2002-2006","pathway_id":"2002-2006_P10","rank":10,"pathway_color":"#17becf","associated_events":2,"data_start_km":0.0,"data_end_km":798.34,"data_path_length_km":798.34,"median_width20_km":86.82,"median_width50_km":124.12,"median_width90_km":174.12,"guide_rail_offset_km":100.0,"mean_bearing_deg":106.42844122574726,"direction":"E","directional_dominance":0.8222222222222223,"transition_probability":0.7999999999999999,"feature_type":"containment_envelope","containment_level":90,"fill_color":"#17becf","fill_opacity":0.18,"draw_order":1,"outline":false},"geometry":{"type":"Polygon","coordinates":[[[112.49495972498858,64.06133423776438],[113.30503090195492,64.06154694120023],[114.13028387098899,64.06167590141919],[114.9408886935887,64.06212063989868],[115.76691957559342,64.062165322286],[116.56981498292686,64.06199155501226],[117.38475365870897,64.06231943014483],[118.21079416356287,64.06236761416142],[119.03683365213124,64.06211965692474],[119.82864220762241,64.06227712409661],[121.68708342609187,63.94235495231359],[123.75973598900583,63.36236670727742],[124.85628313243535,62.59364092417719],[125.29207640018956,62.00552354107925],[125.51755167742618,61.45820154636137],[125.60654393636844,61.07242113102511],[125.64220062548736,60.56950274924437],[125.62919683309997,60.08392200221895],[125.59381124921589,59.70741497188748],[125.55923692301587,59.33054088169113],[119.44061601147052,59.33159125177944],[119.40610991503576,59.708011861971116],[119.37066516098537,60.08473338036825],[119.32651177283702,60.35171761646338],[119.27422526037259,60.6010377604709],[119.11958348905387,60.95893619987415],[118.98851176099237,61.14370129166314],[118.85934204371483,61.25770345439971],[119.0727446251218,61.12762941903452],[119.68731118304987,60.95797592553909],[119.84513157023451,60.93787604738488],[119.00841691646644,60.93769540344931],[118.20253963368651,60.93792679774561],[117.3966599935539,60.93793761891458],[116.58078064570606,60.93771458748786],[115.75404952877187,60.93804640325417],[114.9481543813389,60.938199422480054],[114.12836225127285,60.93800569203296],[113.32176278726274,60.93818380268533],[112.50148302328847,60.93831266228647],[112.49495972498858,64.06133423776438]]]}},{"type":"Feature","properties":{"window":"2002-2006","pathway_id":"2002-2006_P10","rank":10,"pathway_color":"#17becf","associated_events":2,"data_start_km":0.0,"data_end_km":798.34,"data_path_length_km":798.34,"median_width20_km":86.82,"median_width50_km":124.12,"median_width90_km":174.12,"guide_rail_offset_km":100.0,"mean_bearing_deg":106.42844122574726,"direction":"E","directional_dominance":0.8222222222222223,"transition_probability":0.7999999999999999,"feature_type":"containment_envelope","containment_level":50,"fill_color":"#17becf","fill_opacity":0.35,"draw_order":2,"outline":false},"geometry":{"type":"Polygon","coordinates":[[[112.49680543681995,63.613008514130236],[113.30837195805145,63.61317274628905],[114.1305904200525,63.61325660702228],[114.94253002922102,63.61366566487119],[115.76529352489518,63.613681425962646],[116.57182248775939,63.6134855123066],[117.3868014401798,63.61379827842938],[118.20957042890439,63.61383777343947],[119.03233818249169,63.61359263907603],[119.83108704491951,63.61375295968996],[121.37433382170269,63.515775907119874],[123.04316790250743,63.051560142662474],[123.96323266564298,62.41815594397818],[124.36610986000511,61.899868495239915],[124.58727044701959,61.40523627316973],[124.68664963366564,61.02326441705812],[124.73100502330561,60.55678013963735],[124.73142888189983,60.102378157244566],[124.70617716427563,59.7256120696485],[124.68150205137835,59.34858023452761],[120.31839754985594,59.349329430350515],[120.29377118318985,59.726037823237604],[120.2684710432851,60.10295690217138],[120.22727695700019,60.40143802891431],[120.17115061002812,60.68703359668941],[120.02493508208022,61.04911244132319],[119.87145070983081,61.285144813307284],[119.68800771144555,61.46530890843643],[119.70386207502844,61.45800347450106],[119.95068348485921,61.38827134964752],[119.84283427812181,61.38657331382472],[119.01211398052135,61.38639644097067],[118.20368978578,61.38662980181924],[117.39526340180953,61.386632345880244],[116.57960718753509,61.3863943006269],[115.75610449663219,61.38670289861346],[114.94766573649076,61.386828006323974],[114.12917900874538,61.38659787411998],[113.32023027195339,61.38673279888025],[112.50138971614126,61.386812048327016],[112.49680543681995,63.613008514130236]]]}},{"type":"Feature","properties":{"window":"2002-2006","pathway_id":"2002-2006_P10","rank":10,"pathway_color":"#17becf","associated_events":2,"data_start_km":0.0,"data_end_km":798.34,"data_path_length_km":798.34,"median_width20_km":86.82,"median_width50_km":124.12,"median_width90_km":174.12,"guide_rail_offset_km":100.0,"mean_bearing_deg":106.42844122574726,"direction":"E","directional_dominance":0.8222222222222223,"transition_probability":0.7999999999999999,"feature_type":"containment_envelope","containment_level":20,"fill_color":"#17becf","fill_opacity":0.68,"draw_order":3,"outline":false},"geometry":{"type":"Polygon","coordinates":[[[112.49796758532796,63.27855534291664],[113.3106423884326,63.278683291467765],[114.1306816664777,63.27873375580625],[114.94361309404314,63.279116118910494],[115.76402845284787,63.27911043715359],[116.57321758612295,63.27889787827456],[117.38824893500436,63.27919938942372],[118.20866683108102,63.279232455464616],[119.02908333496333,63.27898932160729],[119.83289223132448,63.2791518820133],[121.14708059657022,63.19710960149909],[122.51855713013452,62.817379269194504],[123.30392130563882,62.28355938120358],[123.67962344457919,61.81701825662057],[123.89546762034462,61.361589826756],[124.00239547381642,60.98250555045036],[124.05184886292295,60.54322178373627],[124.06116064174887,60.112145786732334],[124.04349041142564,59.7352361050293],[124.02621745010583,59.358135144118556],[120.97370681795553,59.35865936642882],[120.95647230525776,59.735534014462175],[120.93875933447544,60.11255074764521],[120.90091942707181,60.43452577998263],[120.84326328365887,60.74723742038044],[120.70355950707318,61.11240019137282],[120.53519554748073,61.386883073068624],[120.3133041318867,61.616852608346655],[120.18339508271788,61.702498516647694],[120.15193732902173,61.70889441161189],[119.84110672596682,61.72126573780357],[119.01494860274545,61.721091587867754],[118.20455466653357,61.72132649847992],[117.3941586714389,61.72132283023754],[116.57865111236066,61.72107357982882],[115.75759537929326,61.721364968167],[114.94718943849671,61.721469164041],[114.12967908038132,61.721211956798996],[113.31891183221308,61.72131449166017],[112.50115002945114,61.72135685704788],[112.49796758532796,63.27855534291664]]]}},{"type":"Feature","properties":{"window":"2002-2006","pathway_id":"2002-2006_P10","rank":10,"pathway_color":"#17becf","associated_events":2,"data_start_km":0.0,"data_end_km":798.34,"data_path_length_km":798.34,"median_width20_km":86.82,"median_width50_km":124.12,"median_width90_km":174.12,"guide_rail_offset_km":100.0,"mean_bearing_deg":106.42844122574726,"direction":"E","directional_dominance":0.8222222222222223,"transition_probability":0.7999999999999999,"feature_type":"guide_rail","rail_side":"left","line_color":"#111111","line_width":1.6,"draw_order":4},"geometry":{"type":"LineString","coordinates":[[112.49757731096878,63.39676469049734],[113.30986108812948,63.39690547519817],[114.13066252367764,63.39696771974017],[114.9432437728401,63.397359525355625],[115.76448054940528,63.3973614098692],[116.57273427093327,63.39715474601746],[117.3877449689723,63.397460233639805],[118.2089853156287,63.397495566919794],[119.03022432500876,63.397251736042676],[119.83225597675073,63.39741349420017],[121.22682312362923,63.309780810298186],[122.70301548409628,62.900370702827644],[123.53627021691148,62.33148748692443],[123.92182760249193,61.84669218347164],[124.13975367332819,61.377418680969626],[124.244033376321,60.997309396172135],[124.29182062877624,60.54841061428097],[124.29810180216452,60.10908439191232],[124.27775024807403,59.7322206022943],[124.25785974792035,59.355139324127606]]}},{"type":"Feature","properties":{"window":"2002-2006","pathway_id":"2002-2006_P10","rank":10,"pathway_color":"#17becf","associated_events":2,"data_start_km":0.0,"data_end_km":798.34,"data_path_length_km":798.34,"median_width20_km":86.82,"median_width50_km":124.12,"median_width90_km":174.12,"guide_rail_offset_km":100.0,"mean_bearing_deg":106.42844122574726,"direction":"E","directional_dominance":0.8222222222222223,"transition_probability":0.7999999999999999,"feature_type":"guide_rail","rail_side":"right","line_color":"#111111","line_width":1.6,"draw_order":4},"geometry":{"type":"LineString","coordinates":[[112.50125170475576,61.60311882349585],[113.31939529671592,61.60306343403226],[114.1295132240225,61.60294943379666],[114.9473689286927,61.60319707949829],[115.75707263400375,61.603085483445135],[116.57899707714114,61.60278802346195],[117.39455540256688,61.603033312962275],[118.20424829367505,61.60303478173944],[119.01393907933954,61.60280042713062],[119.84171869455264,61.60297553047073],[120.08032944054435,61.59561098273777],[120.01304682353464,61.616279188772275],[120.09160618818743,61.56361956859657],[120.30011310234443,61.35129624366556],[120.46340054485972,61.09042243048882],[120.60542770674533,60.72634614163489],[120.66267438235792,60.42322303156033],[120.70181189467758,60.10955079380391],[120.72220796862524,59.732563710767316],[120.74205679538392,59.35574308435339]]}},{"type":"Feature","properties":{"window":"2007-2011","pathway_id":"2007-2011_P01","rank":1,"pathway_color":"#1f77b4","associated_events":14,"data_start_km":0.0,"data_end_km":3461.69,"data_path_length_km":3461.69,"median_width20_km":75.75,"median_width50_km":206.16,"median_width90_km":478.52,"guide_rail_offset_km":100.0,"mean_bearing_deg":120.29017869873455,"direction":"SE","directional_dominance":0.8214285714285713,"transition_probability":0.5642290249433107,"feature_type":"containment_envelope","containment_level":90,"fill_color":"#1f77b4","fill_opacity":0.18,"draw_order":1,"outline":false},"geometry":{"type":"Polygon","coordinates":[[[57.80352155237233,51.59523343113403],[57.14362616854797,51.01937059918628],[55.930035568901076,49.845665873833376],[54.80673001692111,48.85381783794786],[54.566324538149274,48.15843708891521],[54.53853149224625,46.91421613958382],[56.29315322496251,47.7226976244032],[45.155146325216094,51.93061265148991],[48.7309766881784,52.313374571079144],[51.081832479923776,51.953060288901774],[52.199801151661546,51.810123825319664],[54.8509331212085,51.738381483540095],[57.51311659779202,51.07208751120317],[58.52511787139997,50.794739161625344],[60.04106109358253,50.15670013955919],[61.17036363741826,49.88510399365839],[62.11520255748334,50.03173662063492],[63.58269008258708,49.98893415688304],[63.65793270524961,50.90561459690969],[61.51241151595218,51.88889475596566],[62.585158864598895,51.833532432884546],[58.855454287272096,51.502798113874405],[59.33981557024015,51.04977379904493],[60.638775089339276,50.81730105741992],[62.66355468430828,50.844170924791186],[63.1608062868186,50.77893945630233],[64.1887827086378,50.91900362267584],[65.45315643044631,50.944483025683496],[68.615173657134,50.652257110743],[70.37450193548233,49.88571888201546],[71.22241269119769,49.443596999542045],[72.54700720855158,49.489470564830064],[75.51131421692546,49.283281362107246],[77.15582513768112,49.47451126730576],[79.88150996117145,47.939379852115074],[80.87278675258312,47.147301557240255],[81.39753833160125,46.58193580652026],[71.49588944031603,49.32965366754835],[71.662244713603,49.61128661425821],[77.01434099067103,50.064508212751974],[82.23371248199146,48.54432104519802],[83.51895925868723,47.599693865273395],[83.77732870402815,46.863685315922034],[82.31058582336266,46.91063135602276],[82.77278045174148,46.1350655383313],[81.89668362179702,45.89326672382072],[82.36945511871215,45.27067452520207],[83.17161438889934,44.69180220971929],[81.92212372593514,39.1596179425781],[80.9968305249837,38.79813800925707],[79.78896159988943,38.41961112801259],[77.4138320668905,38.46338440954443],[76.37492306220014,38.27060398205746],[73.7356593298984,38.97650111255154],[72.77067991319714,39.09893910380341],[72.60873924331082,38.99451321372715],[75.61078889147706,38.26992490034274],[78.34071865720063,38.75907565496471],[77.20147321762056,38.27119868586431],[67.04340972895193,41.240445845678806],[66.70221923504229,41.863654833849104],[66.73629203605282,42.27139797462115],[68.28006983949692,41.99180294707566],[68.25239424473463,43.08308675065625],[69.27408147847467,43.544546969326895],[68.72378868096962,44.035260576676976],[67.74634166702018,43.98337003128022],[67.52512379968226,43.41786320517985],[68.48306679057379,43.03724482781857],[67.82365192801629,42.710809960333435],[66.98965959116771,42.45689325527004],[65.67924263152028,42.06413275240529],[65.67684019005313,41.712390596691044],[65.08549432666456,40.98326727367677],[63.77448619286383,40.14284503595839],[59.09830771489439,39.630028500348104],[58.273305670213404,39.82721839031],[54.90102203936988,41.3138955336683],[53.32316450257807,42.923181716773286],[53.260492709009895,43.86767734255087],[52.73650937342478,44.978591245004374],[52.505175627026404,45.736208256383584],[52.595112818506976,46.09348174461313],[52.03112842588959,46.66976165471228],[52.766501809369345,46.60000868688398],[53.285695224520026,46.74096414890882],[52.38125716248885,46.40788630109299],[52.63386002225033,45.57409478026388],[54.18141991004725,45.125456262061455],[42.258570823506574,49.5338028509074],[44.49112797724513,51.737476243765514],[45.824070410262465,51.6284994562167],[46.71366258605508,52.07723415916487],[46.48055563339008,52.236491623464524],[46.00362433821286,52.24476729489679],[45.68312612304484,52.92343020267751],[57.80352155237233,51.59523343113403]]]}},{"type":"Feature","properties":{"window":"2007-2011","pathway_id":"2007-2011_P01","rank":1,"pathway_color":"#1f77b4","associated_events":14,"data_start_km":0.0,"data_end_km":3461.69,"data_path_length_km":3461.69,"median_width20_km":75.75,"median_width50_km":206.16,"median_width90_km":478.52,"guide_rail_offset_km":100.0,"mean_bearing_deg":120.29017869873455,"direction":"SE","directional_dominance":0.8214285714285713,"transition_probability":0.5642290249433107,"feature_type":"containment_envelope","containment_level":50,"fill_color":"#1f77b4","fill_opacity":0.35,"draw_order":2,"outline":false},"geometry":{"type":"Polygon","coordinates":[[[52.91095074243833,52.28632731233226],[52.82367475431761,51.62492647366394],[52.46706888514822,50.83994223544357],[51.90049307818376,50.13020285162366],[51.30753025632214,49.59229216512591],[50.64428084999568,49.010946290965116],[50.505876526492415,48.695168723089566],[49.170800729898275,49.234501062795424],[50.341310650715684,49.79499423852392],[51.55182567565731,50.12797114157676],[52.54813358453117,50.326023055456346],[54.261552579638646,50.38009604359859],[56.159885761038595,50.07418891195494],[57.254281579586404,49.87887055274956],[58.538648042218796,49.36879389456682],[59.35654415890258,48.95179236535889],[59.88861402466563,48.668582460228606],[60.619671653833734,48.217208969073845],[60.84067098867655,48.235156542824],[60.443283297683735,48.44055120641994],[61.52519140902834,48.65535517808861],[60.10689166773918,49.07358675926468],[60.4365043581418,49.4275219391656],[61.329492483166234,49.75473641405749],[63.00344758568548,49.99379482622658],[63.65037511119988,49.85702517158248],[64.82027426344561,49.670315094654754],[66.1580048848437,49.306513876225054],[68.29143116606281,48.7332747256926],[69.4709096618572,48.01751134367298],[70.26707530567046,47.518939991030145],[71.23058017684028,47.27705296377813],[72.63374485641486,47.056678750242106],[73.7576767078437,46.941965272811935],[75.26092200666733,46.257833634916935],[76.22269745669479,45.72408490836178],[76.96770271506279,45.24113589064981],[73.28087456970422,46.28755922541396],[73.74779903883595,46.64384553583712],[76.52410538118556,46.75975510544823],[79.17992564665383,45.96848043895128],[80.15655486541772,45.336116305203504],[80.5705407186631,44.6909323780706],[80.33588166429342,44.38231371826562],[81.01769037289267,43.89449195735903],[81.19891586353816,43.69056626313943],[81.90949500293607,43.324142225257745],[82.75254508952082,42.99890722847812],[82.27086778169007,40.8596072848103],[81.36662755309555,40.753360831393536],[80.342735511704,40.638675666386895],[78.8504300195649,40.77586099006367],[77.9500048071601,40.88633779647092],[76.36315031640288,41.366285643448805],[75.47055023251824,41.604078119285255],[74.98155470357938,41.76751080358212],[75.9183291443066,41.58724277362124],[76.7051138872041,41.7946237025057],[75.79881281624085,41.36305726437505],[70.92242207783733,42.981561860863714],[70.78574358481106,43.68760809108687],[70.7622062440845,44.3085992471248],[71.11212616563111,44.697171070360824],[70.73417105115652,45.42669224417918],[70.41146367743886,45.783321648992526],[69.5562283506842,45.97533894772632],[68.51703091160726,45.86750465379771],[67.78295314301897,45.34122979704208],[67.91930368194573,44.68897246692478],[67.33243538010453,43.97513526682183],[66.61552571533275,43.39232864022751],[65.42488322020466,42.92262128887763],[65.16276352321904,42.799941244623305],[64.28144329975089,42.64873069906116],[62.87673600617762,42.61404421265055],[59.880559523750236,42.83114341643583],[59.07830408111079,43.29623230876316],[57.1127315840223,44.11606247367239],[55.78042870742274,44.86702639159077],[55.13455448424304,45.3469481922186],[54.305532071737446,46.006495119540496],[53.81836903938671,46.594917055457344],[53.698504503729,47.05439543752326],[53.221486141295486,47.70995917332528],[53.28389901712319,47.96438431703397],[52.99581781146813,48.22921684968711],[51.99259864868492,48.23908375077445],[51.29854593136582,48.132121283769536],[50.78249134359859,48.011217949455386],[48.292668117510715,48.98157512274581],[48.87475253137862,49.863964719132014],[49.38642275155479,50.35670458296823],[49.88128067937828,50.936143745630375],[50.172453985309716,51.421559318992834],[50.46534999144541,51.88478227072138],[50.74866875768248,52.52376323341713],[52.91095074243833,52.28632731233226]]]}},{"type":"Feature","properties":{"window":"2007-2011","pathway_id":"2007-2011_P01","rank":1,"pathway_color":"#1f77b4","associated_events":14,"data_start_km":0.0,"data_end_km":3461.69,"data_path_length_km":3461.69,"median_width20_km":75.75,"median_width50_km":206.16,"median_width90_km":478.52,"guide_rail_offset_km":100.0,"mean_bearing_deg":120.29017869873455,"direction":"SE","directional_dominance":0.8214285714285713,"transition_probability":0.5642290249433107,"feature_type":"containment_envelope","containment_level":20,"fill_color":"#1f77b4","fill_opacity":0.68,"draw_order":3,"outline":false},"geometry":{"type":"Polygon","coordinates":[[[52.26582278297727,52.36143854607957],[52.075024779182286,51.71272795750914],[51.748879539275606,51.028398609929276],[51.281736451672685,50.38396761065391],[50.71763122400699,49.8331525782829],[50.10097883198526,49.27914747073815],[49.827060686703874,48.787913947725514],[49.69004771615556,48.849864729280924],[50.67853424932565,49.22430806539517],[51.715115052913745,49.44968350798854],[52.720749830666705,49.544446914700586],[53.883819382759384,49.47133776652623],[55.06360902017474,49.224736994716025],[55.95560356138614,48.89347804911139],[56.89035863799245,48.453317244401255],[57.760352738420494,48.07803890770201],[58.61495569109138,47.83579814132606],[59.56993762501227,47.54076587190824],[60.183680535515805,47.56023812543591],[60.23746719771631,47.72073339323969],[61.28293466308466,47.8691114570657],[60.54454302470069,48.15797846426051],[61.095556422054045,48.39164184288683],[62.081415368320165,48.537159082586754],[63.565230243601036,48.51718852953857],[64.41514261159827,48.33972766092168],[65.4834974519743,48.284100827036696],[66.60771786022042,48.20140596234406],[68.16998015655855,47.96749430991729],[69.27504018403283,47.591544736754884],[70.13668909451926,47.243216288232496],[71.05325760637527,46.9616612928011],[72.13477462343394,46.64149282291243],[72.98280883077547,46.31080486876674],[73.82777953522876,45.67205164372171],[74.3821349097849,45.081845556267545],[74.92676880264844,44.53642969388126],[74.12548900445682,44.721864096004936],[74.72903603073573,45.122174671500545],[76.31754537413656,45.15693608566361],[77.85359960454292,44.73021247858903],[78.69694344687599,44.2506955730602],[79.20349687473617,43.67349178430322],[79.49085334059657,43.20334971803154],[80.19847686619346,42.76437292776087],[80.86571562774515,42.55254528843153],[81.70489967077987,42.39307812999485],[82.58419924557825,42.276447915291335],[82.42818178428763,41.58317995506814],[81.5556809457783,41.685924001078206],[80.6491263603906,41.7797451688912],[79.61159762510641,41.91907148252603],[78.72544047504113,42.0805071199304],[77.62344899762036,42.423558245601946],[76.79905750339844,42.737083098694356],[76.17220343252222,43.044921695826396],[76.08823549880907,43.19259957791477],[75.81942972889726,43.33074981120489],[75.03517740282405,42.939295486876084],[72.85773111344974,43.76241785597727],[72.53911349623928,44.39103561186723],[72.12725911500411,44.934827046984275],[71.84175599816496,45.34210020254941],[71.21082303556321,45.848462450198525],[70.58077387428705,46.09989269132824],[69.68023532696844,46.25186322163383],[68.70002016368767,46.295015142540485],[67.8914983902896,46.107871389815884],[67.52242212077147,45.79923707893369],[66.76460894245025,45.3719890890702],[65.97639778343103,44.92434821041706],[64.96685036392586,44.40907932799116],[64.55350918672798,44.037697108690736],[63.74772273286544,43.70311284906728],[62.52052784753681,43.539329153812474],[60.08515172691713,43.62051079286581],[59.256309084952534,44.018237062328055],[57.69481000045403,44.80723759917579],[56.73453914806936,45.57589602658928],[56.29881070482304,46.21567110559806],[55.7853266477112,46.92511234806288],[55.35704966526393,47.55132361261684],[54.91105778607749,48.06292831625522],[54.256906595484566,48.57519906277077],[53.6425313540544,48.874759289187885],[52.834445792947065,49.0115923541545],[51.83909581633853,48.91810701662147],[50.977306038286656,48.70511090878084],[50.28094921467124,48.40128007363975],[48.97687825558012,48.897940880113765],[49.43154620162153,49.60189124689266],[49.98955515518503,50.12288637797408],[50.5149281539513,50.69006549180104],[50.9030754913569,51.24280604430767],[51.21979619953558,51.80696921434655],[51.39858685159834,52.45667339197577],[52.26582278297727,52.36143854607957]]]}},{"type":"Feature","properties":{"window":"2007-2011","pathway_id":"2007-2011_P01","rank":1,"pathway_color":"#1f77b4","associated_events":14,"data_start_km":0.0,"data_end_km":3461.69,"data_path_length_km":3461.69,"median_width20_km":75.75,"median_width50_km":206.16,"median_width90_km":478.52,"guide_rail_offset_km":100.0,"mean_bearing_deg":120.29017869873455,"direction":"SE","directional_dominance":0.8214285714285713,"transition_probability":0.5642290249433107,"feature_type":"guide_rail","rail_side":"left","line_color":"#111111","line_width":1.6,"draw_order":4},"geometry":{"type":"LineString","coordinates":[[53.27281078639626,52.24259215944048],[53.06821600607299,51.59516677643244],[52.64250030815933,50.7930039524016],[52.08261346065146,50.05434202572647],[51.52896538130713,49.50044409294064],[50.86286746925086,48.90143100991466],[50.73461084646485,48.66293165378548],[49.08385971807874,49.298046541801966],[50.337260784162254,49.80175135647711],[51.56612572620281,50.069530757991544],[52.584097290180864,50.16582701134306],[54.118448884950055,50.03939057490939],[55.53163838752087,49.59199993737037],[56.30684408900706,49.165060993543854],[57.135186896856396,48.59278017563116],[57.77814242845042,48.08805697836636],[58.36957333513607,47.67072635145655],[59.05735707226734,47.20070690395091],[59.606577223864974,46.95005265769255],[59.969496271986316,46.75474675438144],[60.914826815929274,46.62881735455803],[61.20096722111555,46.715004004817644],[61.99888220089849,46.89202659058728],[62.9002492873627,47.13457348178476],[63.98921941318417,47.340849399422794],[64.82197868916361,47.492256433301165],[65.7564000559504,47.69036933582883],[66.73842451096348,47.871059704171635],[68.16448171030072,47.93219800933691],[69.37191752785446,47.80319905954612],[70.30759104313148,47.603957910678744],[71.28356785808003,47.37046643050277],[72.49453395045327,46.941748300690925],[73.23481835446731,46.51839448465649],[74.06640517600928,45.77180413960338],[74.57935477472688,45.15290501362815],[75.00072248699468,44.562968032546266],[74.15086299430257,44.673514055552886],[74.7745072914494,45.04961389986376],[76.30664666759753,45.06824716076063],[77.73461769876388,44.615308222230205],[78.57466859354008,44.15674070896871],[79.24447764394267,43.70483594979754],[79.65683843906163,43.43983405705212],[80.46250675488841,43.13481119178397],[81.00636307008756,43.04021047400089],[81.81977300662282,42.92113404768004],[82.70774355297834,42.80914619633471]]}},{"type":"Feature","properties":{"window":"2007-2011","pathway_id":"2007-2011_P01","rank":1,"pathway_color":"#1f77b4","associated_events":14,"data_start_km":0.0,"data_end_km":3461.69,"data_path_length_km":3461.69,"median_width20_km":75.75,"median_width50_km":206.16,"median_width90_km":478.52,"guide_rail_offset_km":100.0,"mean_bearing_deg":120.29017869873455,"direction":"SE","directional_dominance":0.8214285714285713,"transition_probability":0.5642290249433107,"feature_type":"guide_rail","rail_side":"right","line_color":"#111111","line_width":1.6,"draw_order":4},"geometry":{"type":"LineString","coordinates":[[50.382317248300126,52.55997474525229],[50.21773313460227,51.9092402650132],[49.99221794631603,51.46474668224967],[49.69217580387081,51.008398461941745],[49.15688279789683,50.44423869634164],[48.64722832193985,49.96941990885533],[48.06102784900631,49.0089027472596],[50.8649088826439,47.946286051398886],[51.30230575812689,48.125322366737734],[51.97957477181228,48.29762005340851],[52.96325071527198,48.38965433797429],[53.417131419242,48.30592525646287],[53.806608243724696,48.2033370904835],[54.574077903978775,47.78751509016592],[55.12159952253634,47.40836111661656],[55.7682853522943,46.91480604986658],[56.53157020041451,46.38488657354321],[57.21812778926275,45.92577907376102],[58.23003982424197,45.42650656575037],[59.50128352630978,44.98603358946385],[60.417959419119256,44.86373530897965],[61.937054163349046,44.9909739109381],[62.94410574972517,45.217445743214185],[63.82249098855391,45.45270223826593],[64.58584031533866,45.58950338950296],[65.60573270459886,45.7760589718627],[66.51357804737552,45.968160558305165],[67.40100313280738,46.130490139672695],[67.89658409510483,46.14319524683604],[68.60874267505969,46.08268958892162],[69.5182420324897,45.89000359770782],[70.36167748251654,45.68943694055259],[70.86564509986073,45.5439053645089],[71.60061847324681,45.13120212978315],[71.89578131799905,44.830831312923735],[72.34718342495134,44.31626763731169],[72.78582538526916,43.73440491084644],[75.01109104437609,42.987813179492015],[75.77630549391316,43.403665606682395],[76.09807145029595,43.28136217081968],[76.28453314049278,43.16174393895795],[76.91526436477972,42.83323862369678],[77.5842931562753,42.39153352156812],[78.56764671493613,41.842233324906886],[79.35921601596544,41.54600642719168],[80.51604519161964,41.29121955552922],[81.44744874887385,41.1572274847187],[82.31167885381575,41.04977102830402]]}},{"type":"Feature","properties":{"window":"2007-2011","pathway_id":"2007-2011_P02","rank":2,"pathway_color":"#ff7f0e","associated_events":10,"data_start_km":789.67,"data_end_km":3123.98,"data_path_length_km":2334.31,"median_width20_km":129.19,"median_width50_km":181.99,"median_width90_km":298.98,"guide_rail_offset_km":100.0,"mean_bearing_deg":104.35994441332558,"direction":"E","directional_dominance":0.9120879120879122,"transition_probability":0.5544871794871795,"feature_type":"containment_envelope","containment_level":90,"fill_color":"#ff7f0e","fill_opacity":0.18,"draw_order":1,"outline":false},"geometry":{"type":"Polygon","coordinates":[[[102.5118062618509,38.79729247910752],[102.51191609003263,39.45421393529021],[102.51204854574314,40.11213117456137],[102.51232767665067,40.7699305812837],[102.54708355120681,40.96000032792767],[102.41309878588652,41.608987186582034],[102.57919072641653,40.60331158946337],[101.75178685552618,40.722272037918806],[101.89810585341502,40.197265893419306],[101.07390491842432,40.403514427834175],[100.49553269825367,40.60335190997124],[99.67740554866157,40.817318817036686],[98.79537292469729,40.91553782721697],[97.82228421856593,40.83580794166099],[94.22465140468648,42.43057148460586],[93.29782092646735,42.720074217278174],[91.71751441308055,47.7340023710953],[92.36032840146407,48.30334604427451],[96.26586086699689,50.994056282367126],[97.90877161740895,50.60150979246279],[99.34786612359864,50.37083148036494],[102.29662738085011,50.637990404154976],[103.31463166989442,50.487720499367896],[104.33039969248102,50.380412528872206],[106.76099767370846,49.80848964962442],[107.56466301639256,49.41475452822909],[108.39948226404482,49.12497695587173],[109.30357162564201,48.85567958713871],[110.18894363202332,48.54929241696784],[110.55929604124947,48.41266592717676],[110.82596748011622,48.174356992346276],[111.27225368390839,47.99053700719689],[111.49608758219199,47.85757361415072],[112.08900181592514,44.266265374494225],[110.49098968198103,44.09905062038314],[109.10473145624803,44.08143747422855],[107.71679456850023,44.41435113681447],[106.47462446823897,44.929567648278194],[105.78175296938969,45.376767187407715],[105.09014626862574,45.857195070678515],[104.32055623625763,46.31118635057186],[103.52375776713865,46.66782664181475],[104.03542849672954,46.43808873202739],[103.08409683959394,46.38926947523797],[102.13268231009829,46.28190772808358],[103.15330623364264,46.037987411110315],[102.81493225546899,45.11826684882395],[102.63360806398919,44.0097492413653],[105.71868013568485,45.3274181740559],[105.7476284977343,44.60812266855647],[104.96878020318013,48.560845432616816],[105.03615610387476,47.81903658322786],[102.40550887686805,48.62961334738886],[103.08463132208897,48.04224929978642],[103.86414457000933,47.61734327897986],[104.70700578757521,47.294068018491785],[105.75951856093678,46.884719892889116],[106.51869470509831,46.47741700195706],[108.23963959513526,45.276013151109716],[108.52960203107091,44.420241792003054],[109.52404171210418,42.325104485873034],[109.62246881634326,41.67270029434473],[109.57903082869376,40.551458507722295],[109.51083418781343,39.89796921929538],[109.44434224890426,39.24438401895988],[109.37959509601484,38.58958293475844],[102.5118062618509,38.79729247910752]]]}},{"type":"Feature","properties":{"window":"2007-2011","pathway_id":"2007-2011_P02","rank":2,"pathway_color":"#ff7f0e","associated_events":10,"data_start_km":789.67,"data_end_km":3123.98,"data_path_length_km":2334.31,"median_width20_km":129.19,"median_width50_km":181.99,"median_width90_km":298.98,"guide_rail_offset_km":100.0,"mean_bearing_deg":104.35994441332558,"direction":"E","directional_dominance":0.9120879120879122,"transition_probability":0.5544871794871795,"feature_type":"containment_envelope","containment_level":50,"fill_color":"#ff7f0e","fill_opacity":0.35,"draw_order":2,"outline":false},"geometry":{"type":"Polygon","coordinates":[[[103.08719667140781,38.795930799448236],[103.09275273386942,39.452895823538995],[103.09849365732418,40.110677062563724],[103.10454187926877,40.76834636012017],[103.13278300912145,41.03616397682653],[103.00445262675879,41.68586622322516],[103.2797651670744,41.09332171571941],[102.87305963902872,41.58396989877285],[102.90804803451874,41.69602792513275],[102.27357896579457,42.211640164659045],[101.65171568346568,42.600298496284324],[100.8139451413557,42.82637178256954],[99.8905256571436,42.90634760962442],[98.9130924187661,42.88492035009162],[96.73455590745635,43.85638477748057],[95.8927619731117,44.2184168734887],[95.23955567206434,47.13488451728381],[95.94059434397946,47.680896673450775],[98.2415942304504,49.060474372256216],[99.50813090093294,48.962082586369206],[100.63351073588365,49.00116893968572],[102.24038535338343,49.18392706105763],[103.23102426529022,49.0577947743039],[104.22314753539331,49.00843169107351],[105.60758989069836,48.7413780322096],[106.40203897349892,48.35342588298443],[107.31710886012206,48.109369227573744],[108.29622027292544,47.91621902280142],[109.2604429465062,47.69971533731279],[109.87297447549486,47.50684237988343],[110.37374635771147,47.16213148468954],[111.04399578748973,46.918074720486956],[111.67312052698861,46.82150390360666],[111.92357763145844,45.3030949116484],[110.69423505493398,45.173408392321065],[109.50751213055491,45.09941432455082],[108.32966581385574,45.33316938802648],[107.31417604302726,45.800798940303196],[106.69971066055928,46.337274614203906],[106.08637154342784,46.892676254759884],[105.39845688483399,47.392244369473644],[104.59128766996946,47.75425467401741],[104.13367755204706,47.81081180508969],[103.16149679396005,47.819910389279585],[102.18598336148551,47.73670365561464],[102.00599256325461,47.43517784793613],[101.4339347548929,46.80275320051252],[101.00248974424329,46.017035684246764],[102.41476155242509,46.235055021390224],[102.51152044718833,45.51054310599037],[101.94999570367884,47.26122407489746],[102.16054759641634,46.56948222375881],[101.09497671082755,46.61241996845867],[101.79364786492738,46.08112085789578],[102.53863744061749,45.63813325443652],[103.36246732949013,45.32807814445945],[104.36476844497855,45.113806286603875],[105.34084670974255,45.01184729780573],[106.97663574285934,44.46836335234116],[107.75088970948002,43.96351468837719],[108.92049616380893,42.28177388857183],[109.02497179291186,41.62980303723942],[108.9903568664638,40.586347162730156],[108.92776244380502,39.93226842085923],[108.86671918814943,39.27809759185469],[108.80729843861627,38.62290039906392],[103.08719667140781,38.795930799448236]]]}},{"type":"Feature","properties":{"window":"2007-2011","pathway_id":"2007-2011_P02","rank":2,"pathway_color":"#ff7f0e","associated_events":10,"data_start_km":789.67,"data_end_km":3123.98,"data_path_length_km":2334.31,"median_width20_km":129.19,"median_width50_km":181.99,"median_width90_km":298.98,"guide_rail_offset_km":100.0,"mean_bearing_deg":104.35994441332558,"direction":"E","directional_dominance":0.9120879120879122,"transition_probability":0.5544871794871795,"feature_type":"containment_envelope","containment_level":20,"fill_color":"#ff7f0e","fill_opacity":0.68,"draw_order":3,"outline":false},"geometry":{"type":"Polygon","coordinates":[[[103.37487754086146,38.79415203465355],[103.38315650550987,39.451123645362586],[103.39170027497204,40.10882127398202],[103.40063161837054,40.7664095065856],[103.42613185637111,41.07313103837151],[103.30064774971794,41.72317595639749],[103.51886446976425,41.25796924212388],[103.15642020520954,41.79656184161404],[103.14477145427043,42.03663777647964],[102.54517454791437,42.60612660472206],[101.89735006698561,43.008271729258105],[101.05899583930159,43.24293648746994],[100.18933371118442,43.42826388639577],[99.31579329902547,43.60935949467363],[97.79434039474785,44.42490531795939],[96.94241579497896,44.790025165523964],[96.36046352423193,46.919243239361904],[96.84321665432083,47.50457631555188],[98.69540977872225,48.588748584282236],[99.93927813568695,48.49689076383198],[101.02961263806407,48.56056501800924],[102.22449240435753,48.765190773311566],[103.21484936304847,48.77378632531441],[104.20609292618883,48.78392659317103],[105.41414195425693,48.55693398059257],[106.19169457108023,48.155494250601606],[106.96980629897405,47.77284076415859],[107.7927844771703,47.430509513830394],[108.65476390394076,47.12629750186423],[109.42680460975151,46.89834318036438],[110.14942040986296,46.643939525915314],[110.96381189903269,46.5292451621761],[111.72619107894519,46.50492154945227],[111.87217248107868,45.61978638962049],[110.77006644514324,45.56256798853443],[109.71918699811096,45.61907817196114],[108.75098421186766,45.946064402361316],[107.89132997383729,46.381157854201845],[107.18336822476113,46.82763876695923],[106.42256764619299,47.231765914596956],[105.60291498612861,47.591546246564164],[104.77900712345655,47.93998677721252],[104.15017568430034,48.03536287944403],[103.17723212329565,48.103969620673254],[102.20157712941187,48.15551473707812],[101.62669492204901,47.87912425265456],[101.02989169224628,47.273533661347024],[100.59105568749663,46.497814283548436],[101.55227675132977,46.45255202857264],[101.44457361206787,45.783054827676054],[100.80721683125012,46.7330903109157],[101.02081648721719,46.03934852799436],[100.65187474361016,45.893848796183306],[101.4684349956708,45.563205878823624],[102.27407589613563,45.22464913901963],[103.09788458903137,44.92321831774899],[104.07039782911437,44.72366228237703],[105.08043369579804,44.67591843190349],[106.6679278326996,44.265427343682],[107.49039049560906,43.80797618972898],[108.61903916574619,42.25893190858113],[108.72652698824447,41.60719412128016],[108.69579653346068,40.60266055425298],[108.63601311766496,39.94830248483951],[108.5777036479704,39.29385386567792],[108.52095400449059,38.638473384191656],[103.37487754086146,38.79415203465355]]]}},{"type":"Feature","properties":{"window":"2007-2011","pathway_id":"2007-2011_P02","rank":2,"pathway_color":"#ff7f0e","associated_events":10,"data_start_km":789.67,"data_end_km":3123.98,"data_path_length_km":2334.31,"median_width20_km":129.19,"median_width50_km":181.99,"median_width90_km":298.98,"guide_rail_offset_km":100.0,"mean_bearing_deg":104.35994441332558,"direction":"E","directional_dominance":0.9120879120879122,"transition_probability":0.5544871794871795,"feature_type":"guide_rail","rail_side":"left","line_color":"#111111","line_width":1.6,"draw_order":4},"geometry":{"type":"LineString","coordinates":[[104.8011445836895,38.77451980117222],[104.82291696504853,39.431374436892085],[104.84534377933608,40.08850379153006],[104.86838910875855,40.74553586401125],[104.88302120089844,41.24512060246566],[104.75459582673346,41.89479482769131],[104.55414836019958,41.95593080549708],[104.00068748865465,42.417851353774054],[103.51779726519806,42.565302932132504],[102.72794966339131,42.86858271295997],[101.98144909958086,43.14666775499724],[101.15904214668615,43.41134762531856],[100.32956076929116,43.670114893637134],[99.49304307301702,43.9228653858306],[98.35726566620804,44.719040541186814],[97.81030820044163,45.248162200927574],[97.68612748337085,46.64824309469811],[97.96519431385809,47.274243311593324],[98.95714577745082,48.31176392956472],[99.79309671408873,48.65575943118151],[100.63981939223783,48.994221868407415],[102.24706867312625,49.3589960725486],[103.24707833637092,49.3373089064491],[104.24609127144964,49.30768692492608],[105.86766860559084,48.98684262794761],[106.67428794414195,48.606883458367115],[107.45532321789983,48.241836227298094],[108.24497530595369,47.86727995283076],[109.03416455870286,47.4872961419847],[109.66767220918257,47.22880226093438],[110.30067042140558,46.99451907245145],[111.04777029374173,46.936220060105725],[111.65064454804934,46.954745452096645]]}},{"type":"Feature","properties":{"window":"2007-2011","pathway_id":"2007-2011_P02","rank":2,"pathway_color":"#ff7f0e","associated_events":10,"data_start_km":789.67,"data_end_km":3123.98,"data_path_length_km":2334.31,"median_width20_km":129.19,"median_width50_km":181.99,"median_width90_km":298.98,"guide_rail_offset_km":100.0,"mean_bearing_deg":104.35994441332558,"direction":"E","directional_dominance":0.9120879120879122,"transition_probability":0.5544871794871795,"feature_type":"guide_rail","rail_side":"right","line_color":"#111111","line_width":1.6,"draw_order":4},"geometry":{"type":"LineString","coordinates":[[107.09923266042102,38.70497965260132],[107.14266521360958,39.361122751533685],[107.18732672166254,40.01680008627523],[107.2332411417633,40.67238390650079],[107.25232906487389,41.48392178088301],[107.14739789023497,42.1359101738545],[106.3921681090983,43.136789144278964],[105.77193582549012,43.663832620784994],[104.68128656766089,44.152414171106734],[103.87640857706072,44.46334417684887],[103.0088636378839,44.785630989113834],[102.1680586940276,45.057180727198336],[101.31947840731016,45.322677675503364],[100.46315643675337,45.58200857140867],[100.43221915953393,45.75752891604299],[99.89390343711068,46.29613327322595],[100.15835892436667,46.095557857217145],[100.46273955943849,46.71612035490541],[100.34681868405403,46.778536043158226],[101.16851494776535,47.113106663447745],[102.0000521431324,47.44219816756836],[102.17949746123026,47.561585317577254],[103.14613128569329,47.540316746312605],[104.11187539393325,47.51146228965625],[104.34296299133416,47.50614700284374],[105.13825591880584,47.13598199797225],[105.95488768994778,46.75865706724684],[106.74815518442671,46.38687278820182],[107.52696200955671,46.01650147070545],[108.52119108932646,45.61364648328005],[109.57556264984049,45.26761140836965],[110.69072477698177,45.155243018906916],[111.94508989209089,45.16979023006083]]}},{"type":"Feature","properties":{"window":"2007-2011","pathway_id":"2007-2011_P03","rank":3,"pathway_color":"#2ca02c","associated_events":7,"data_start_km":12.12,"data_end_km":2062.07,"data_path_length_km":2049.96,"median_width20_km":57.29,"median_width50_km":94.47,"median_width90_km":180.44,"guide_rail_offset_km":100.0,"mean_bearing_deg":96.97455692487041,"direction":"E","directional_dominance":0.7777777777777777,"transition_probability":0.6569444444444444,"feature_type":"containment_envelope","containment_level":90,"fill_color":"#2ca02c","fill_opacity":0.18,"draw_order":1,"outline":false},"geometry":{"type":"Polygon","coordinates":[[[26.795051914662963,53.84465516089162],[27.890234581349716,54.17717196107622],[28.10744463540314,54.11921123104968],[28.458826159823502,53.53007351114037],[27.831168741494537,54.077418192877346],[27.66578451313194,54.0899602323197],[26.17539876453077,55.04617664801976],[25.71558849389183,55.887778074678074],[27.53910215917523,58.22051193377562],[31.723056527916896,57.92351181231018],[31.717736345931883,57.71091518574903],[32.837063503657674,57.42714151807981],[32.65327244261533,57.600634674867365],[33.120635587934316,57.70179109603062],[35.84233670805537,58.55412743822456],[37.23498601339139,58.84377846141956],[40.846402767019214,56.995542138318584],[40.83530662999863,55.226877205834],[40.0273131878688,54.353272179930165],[39.15326993647028,53.86445753654812],[38.914825691302184,53.895543645907],[38.677485161093955,53.56821603041451],[38.79952860351341,53.68095029497101],[37.70142530193306,53.75327915215788],[38.80608755238512,53.69424893340613],[38.34973422978487,53.461492553382875],[39.28718407609881,53.81169326703134],[40.38454441101135,54.23438101865613],[41.32257261578627,54.620908394156956],[43.59529826860836,51.40448517268946],[42.54815830326706,51.2701496273634],[41.71195525613524,51.10378405582362],[40.7753218731838,50.81661007672277],[38.29748964903973,50.699565491821005],[37.26691917535956,50.76819341350089],[34.8815407544233,51.811549842399415],[33.612415178264115,52.9360045497339],[33.347948246202805,53.91381024036107],[33.2542803372761,55.22748788754797],[33.194153936330565,55.93579989118232],[33.02590856395119,56.30051046739202],[33.28313096077858,55.81233696809273],[35.93941427759091,55.19207136301214],[34.92829821479481,55.72148116372664],[35.57601760562281,55.85298360191923],[33.982719980262345,55.35657831542125],[31.6260386252915,55.14855052872313],[30.471133563532703,55.22683806046021],[28.490689957375594,55.637501800994634],[30.497284455571787,55.5262955898552],[31.452024976199112,56.929264740559105],[31.74775431612744,56.52381046324439],[31.94657616756831,56.589172931773895],[33.16078575895304,55.56701555164761],[33.5008567669251,54.934366082842885],[33.224559711300685,53.10374637286772],[32.33204480538211,51.931414126431676],[31.997413835126764,51.23595680134446],[26.795051914662963,53.84465516089162]]]}},{"type":"Feature","properties":{"window":"2007-2011","pathway_id":"2007-2011_P03","rank":3,"pathway_color":"#2ca02c","associated_events":7,"data_start_km":12.12,"data_end_km":2062.07,"data_path_length_km":2049.96,"median_width20_km":57.29,"median_width50_km":94.47,"median_width90_km":180.44,"guide_rail_offset_km":100.0,"mean_bearing_deg":96.97455692487041,"direction":"E","directional_dominance":0.7777777777777777,"transition_probability":0.6569444444444444,"feature_type":"containment_envelope","containment_level":50,"fill_color":"#2ca02c","fill_opacity":0.35,"draw_order":2,"outline":false},"geometry":{"type":"Polygon","coordinates":[[[27.711687558498,53.42444015735419],[28.636528094612572,53.82794518380879],[28.898950102754753,53.979724781647846],[29.1993572160967,53.75582245694476],[28.65998028017492,54.33189925343811],[28.346928681200836,54.51899312197118],[27.059647275141344,55.30506547057359],[26.652765837335124,56.07987219977738],[28.1311974616153,57.71769093692575],[31.022098285420498,57.45738571196559],[31.457467226102636,57.21891368268334],[32.59715403075782,56.99749550542044],[32.91839893114113,57.175106122070645],[33.621700206255525,57.34281407312419],[35.58793122609245,57.80962710837238],[36.80467143079619,57.71241066940889],[38.21230214856371,56.64334075113721],[38.222095478010914,55.647834568909495],[38.07089231749225,54.85866566558899],[37.92916913282477,54.17885677600345],[38.0977341216994,53.914545054945386],[37.935053674279686,53.49030917022501],[38.013140555998916,53.32916980647738],[37.58509558313017,52.997292228524266],[38.64464038011036,52.792380294416205],[39.19980191647781,52.57519880485715],[40.14444210908735,52.896927061218484],[41.169255776751356,53.20845063887236],[42.175643648537374,53.47198583398749],[42.8169523636615,52.563004643244724],[41.82800128474878,52.30479988440945],[40.92027957591557,52.029574825715265],[39.98875817496099,51.71405338964308],[38.4427845205324,51.60232934799448],[37.37100585025897,51.52483531351279],[35.61469957309677,52.18426149952417],[34.33619598539886,53.041021355141815],[34.16565128295272,53.92744991636318],[34.544351048372846,54.96135772633223],[35.2627076145223,55.50959012941989],[35.73520810725387,55.9900327666112],[35.81198712440991,56.26749782485001],[36.3142839084899,56.326871292914404],[35.155430964001425,56.4675384433472],[35.112771825655074,56.21955487900859],[33.74176456705001,55.784422752404474],[31.844290142503468,55.5800686522126],[30.70627074195758,55.72086836495617],[29.128282991681942,56.11700226786961],[29.971161585452194,56.04026539480723],[30.47161061314597,56.773449103206865],[30.806193576574316,56.298980773682565],[31.191042935426168,56.180712680358475],[32.279294141989766,55.34388533223582],[32.716395381809946,54.73570844853688],[32.464920069060696,53.27189489023959],[31.64917537909966,52.30389171450982],[31.168712874709485,51.68956884458751],[27.711687558498,53.42444015735419]]]}},{"type":"Feature","properties":{"window":"2007-2011","pathway_id":"2007-2011_P03","rank":3,"pathway_color":"#2ca02c","associated_events":7,"data_start_km":12.12,"data_end_km":2062.07,"data_path_length_km":2049.96,"median_width20_km":57.29,"median_width50_km":94.47,"median_width90_km":180.44,"guide_rail_offset_km":100.0,"mean_bearing_deg":96.97455692487041,"direction":"E","directional_dominance":0.7777777777777777,"transition_probability":0.6569444444444444,"feature_type":"containment_envelope","containment_level":20,"fill_color":"#2ca02c","fill_opacity":0.68,"draw_order":3,"outline":false},"geometry":{"type":"Polygon","coordinates":[[[28.416859522274166,53.09022181756005],[29.222997954710422,53.54587217664877],[29.4711463598598,53.87497508716716],[29.61245781471885,53.87873717951472],[29.00229021055037,54.43445678467853],[28.618712942627326,54.68669975271265],[27.55472314112626,55.44584067084745],[27.36056506577637,56.21911228374877],[28.575739791353726,57.32874100140937],[30.5578644686033,57.13999112961495],[31.305403920511992,56.925186971366514],[32.479224811347734,56.7824980897677],[33.0486877125972,56.96212444627344],[33.868600810924534,57.16259070335513],[35.50743352936993,57.56730398482575],[36.69063599459764,57.399708769845155],[37.595772653393965,56.55189096996257],[37.63325208668735,55.733918912813664],[37.57602032309404,54.97962441101085],[37.508274817220894,54.283015193073545],[37.66577424142707,53.92231764001164],[37.47476848443952,53.43950247373132],[37.611118538958124,53.1449396070953],[37.539630355073314,52.693618061253126],[38.59636833513878,52.514291049913],[39.38176718897154,52.379950506927436],[40.32341445171221,52.700246343245176],[41.321305031106135,53.003390768406746],[42.32368439087304,53.265693112709144],[42.673459387138536,52.76988136278962],[41.68059096179368,52.510486298855334],[40.746567372331185,52.2271396109452],[39.812076370558316,51.910229131198285],[38.48888978303941,51.88053875613023],[37.41389644482581,51.8286473164314],[35.999215951412936,52.375371521081405],[34.78805919640885,53.10405994152177],[34.597849485370546,53.93238715160015],[34.97956767971988,54.86766550959156],[35.77097123459643,55.39806975169524],[36.331939520996514,55.91299378582899],[36.41954486253189,56.36770242927768],[36.42181771244992,56.63997580392167],[35.23126253044086,56.71012801968766],[34.87785066211248,56.40218327266592],[33.61929833506366,55.99815391807475],[31.95518136528716,55.7956744436462],[30.849279766670605,56.01532602552958],[29.568412010412203,56.43948253802292],[29.55646150042881,56.434256748625465],[29.74277194052553,56.65184087707715],[30.28900058229607,56.17133543351765],[30.898213946764884,56.01882276181556],[31.921210785388354,55.2507065892716],[32.285703068554966,54.6236335835094],[31.908761004658686,53.39105642205256],[31.095888172961622,52.59812049756004],[30.50769954663545,52.04054150085219],[28.416859522274166,53.09022181756005]]]}},{"type":"Feature","properties":{"window":"2007-2011","pathway_id":"2007-2011_P03","rank":3,"pathway_color":"#2ca02c","associated_events":7,"data_start_km":12.12,"data_end_km":2062.07,"data_path_length_km":2049.96,"median_width20_km":57.29,"median_width50_km":94.47,"median_width90_km":180.44,"guide_rail_offset_km":100.0,"mean_bearing_deg":96.97455692487041,"direction":"E","directional_dominance":0.7777777777777777,"transition_probability":0.6569444444444444,"feature_type":"guide_rail","rail_side":"left","line_color":"#111111","line_width":1.6,"draw_order":4},"geometry":{"type":"LineString","coordinates":[[28.322410172558364,53.135549349431756],[29.012470250822957,53.6479137989302],[29.253659725179546,53.91517897514059],[29.564504053091326,53.86457871058438],[29.059710282273954,54.45151593435003],[28.656776162569827,54.710030773455635],[27.480672089366095,55.424972428960665],[27.01619191954964,56.151988143296016],[28.210131440423083,57.649355651239404],[31.079522422403528,57.496159655905274],[31.518171169945447,57.334866708780375],[32.68149815459631,57.14971685793275],[32.820882575537325,57.332836194944086],[33.3962811444203,57.50542305437921],[35.659703579263976,58.02291005123659],[36.87448908006837,57.90113034298889],[38.576844597241944,56.695785018425575],[38.5252535565607,55.60227331834161],[38.12103561650446,54.846256842211744],[37.678120718577304,54.24122361647556],[37.65412908441701,53.922505440466814],[37.599653266416624,53.45347780948091],[37.9767071690535,53.31259754575338],[37.609132181304375,53.15594674008284],[38.69721250072206,53.09075767561712],[38.86820606664364,52.92593176267824],[39.81824814302405,53.2502713617744],[40.89198972134241,53.57707504725462],[41.90566061362367,53.84286197820317]]}},{"type":"Feature","properties":{"window":"2007-2011","pathway_id":"2007-2011_P03","rank":3,"pathway_color":"#2ca02c","associated_events":7,"data_start_km":12.12,"data_end_km":2062.07,"data_path_length_km":2049.96,"median_width20_km":57.29,"median_width50_km":94.47,"median_width90_km":180.44,"guide_rail_offset_km":100.0,"mean_bearing_deg":96.97455692487041,"direction":"E","directional_dominance":0.7777777777777777,"transition_probability":0.6569444444444444,"feature_type":"guide_rail","rail_side":"right","line_color":"#111111","line_width":1.6,"draw_order":4},"geometry":{"type":"LineString","coordinates":[[30.597461364085007,51.99343599679779],[31.296235983093567,52.492350320806565],[32.12085198991778,53.34600469912073],[32.33544851208839,54.63668826251708],[31.861481864259645,55.23501994932522],[30.857585274557664,55.99620072639706],[30.365912269245484,56.19050588678441],[30.096147388997082,56.71142246619447],[29.898798906097426,56.109710896843616],[29.07485259021641,56.07738560634469],[30.65036339600792,55.604528118169426],[31.766459328814705,55.427284284045776],[33.83165228645021,55.62596176601091],[35.323375556391284,56.053971186450845],[35.089472833867774,56.253923516978716],[36.250230819754336,56.13779467709899],[35.455600143009576,56.20709227537884],[35.42604386616583,56.028704181557366],[35.21087717854289,55.52080958912819],[34.80444896078296,54.90560445971845],[34.609500253426916,53.93249850828879],[34.665220145987064,53.087114002976236],[35.64927096943802,52.20156562475533],[37.34884759324456,51.366080264612975],[38.3940097292207,51.30374141931006],[40.30300681276401,51.36027515200891],[41.229202636777416,51.67332763485347],[42.0900349876984,51.93411809234368],[43.072002150336544,52.19021080052744]]}},{"type":"Feature","properties":{"window":"2007-2011","pathway_id":"2007-2011_P04","rank":4,"pathway_color":"#d62728","associated_events":7,"data_start_km":769.81,"data_end_km":2393.41,"data_path_length_km":1623.6,"median_width20_km":65.07,"median_width50_km":116.01,"median_width90_km":218.73,"guide_rail_offset_km":100.0,"mean_bearing_deg":222.61944933749933,"direction":"SW","directional_dominance":0.7878787878787878,"transition_probability":0.4946969696969697,"feature_type":"containment_envelope","containment_level":90,"fill_color":"#d62728","fill_opacity":0.18,"draw_order":1,"outline":false},"geometry":{"type":"Polygon","coordinates":[[[-103.76304953249105,39.75508782507951],[-102.93136250719937,39.755779344658194],[-102.09969091375733,39.75568520002123],[-101.26949427652261,39.754850351165906],[-100.41023749539173,39.75430444198999],[-99.39840431657426,39.705162749754585],[-97.63724343538111,39.297547042641085],[-96.9363505973681,38.91408366509832],[-95.80013259288874,37.75733451546541],[-95.38859307753034,36.682964640386814],[-95.33626888353481,35.99811559556879],[-94.9622028032501,34.94094990262867],[-94.47230810930647,33.79872196505685],[-93.94695806839023,32.974227367471975],[-93.91536414334121,32.06834811343529],[-94.2823560473692,31.610817725381096],[-94.83657328342753,31.281045285191222],[-95.36072043814517,30.690143862210682],[-95.84597004862158,30.268901013577494],[-96.46159707901853,29.666185596639988],[-96.8459450866124,28.849514247195927],[-97.2061393647152,27.85250281793555],[-97.64756598247612,27.317236009425073],[-99.37591864044371,28.42661742440988],[-98.93827345516354,28.968120547157064],[-98.95026384302055,29.25896841915458],[-99.20738189818132,29.757402353723336],[-99.75507434918816,30.467718100589423],[-100.14321349671219,31.357324564735382],[-100.4258060700175,32.06231851764718],[-100.6448081737579,33.00755275702173],[-100.60349333535154,33.821688906581656],[-100.0781916835617,34.198438691423775],[-99.17639032824556,34.69946942383759],[-98.55336340239204,34.89161074913909],[-98.30209781101514,35.15416754116429],[-98.78276707152237,35.71755550208205],[-99.21205931968898,35.760006561282594],[-99.13615265877418,35.60678864569855],[-99.90523302568064,35.840293920826745],[-99.76844622443167,35.77621367840427],[-100.43580792938373,35.80738078377781],[-101.25204348133353,35.806725120892544],[-102.09586391383871,35.807147002709264],[-102.9382781246172,35.80709838407804],[-103.78067935154958,35.80648619910183],[-103.76304953249105,39.75508782507951]]]}},{"type":"Feature","properties":{"window":"2007-2011","pathway_id":"2007-2011_P04","rank":4,"pathway_color":"#d62728","associated_events":7,"data_start_km":769.81,"data_end_km":2393.41,"data_path_length_km":1623.6,"median_width20_km":65.07,"median_width50_km":116.01,"median_width90_km":218.73,"guide_rail_offset_km":100.0,"mean_bearing_deg":222.61944933749933,"direction":"SW","directional_dominance":0.7878787878787878,"transition_probability":0.4946969696969697,"feature_type":"containment_envelope","containment_level":50,"fill_color":"#d62728","fill_opacity":0.35,"draw_order":2,"outline":false},"geometry":{"type":"Polygon","coordinates":[[[-103.76504322522656,39.304751163276926],[-102.93222096970808,39.30543388200098],[-102.09941074331566,39.3053558537395],[-101.26773125064598,39.30456296488173],[-100.41375809825993,39.30408115986249],[-99.4432805217902,39.256314603394145],[-97.91043136717403,38.900685243949034],[-97.21166820038057,38.51877140657491],[-96.26326467432878,37.497981246833355],[-95.91856347163363,36.539979461592075],[-95.86168077559802,35.85516117879527],[-95.76507277575065,34.9388982713694],[-95.72454954232218,34.05736628341087],[-95.77870110637252,33.37461042896943],[-96.0072019217952,32.66190525556365],[-96.24850175484298,32.081183133574555],[-96.46060251762171,31.535086375261123],[-96.66739251493576,30.891495047556983],[-96.89451365527108,30.33438466538421],[-97.19353416226792,29.696464797845014],[-97.3454066899176,28.95019079335068],[-97.61521272908189,28.120202154492834],[-98.05580905506804,27.58345254827867],[-98.96111050677146,28.164580641778635],[-98.52249394231674,28.70459717921879],[-98.447685661208,29.164680038923557],[-98.47444090359289,29.73902056412508],[-98.70334257404676,30.426395861369247],[-98.82306942113343,31.19229703579804],[-98.7822621883426,31.85972677281633],[-98.63682181122394,32.605763932068285],[-98.45508617608375,33.30404518934035],[-98.21043979909729,33.8603799020652],[-97.90483519698195,34.47495889122241],[-97.75122986154445,34.91160723333969],[-97.78566303660322,35.30762866534577],[-98.26358930242826,35.87290911482637],[-98.76928612225885,36.03068601825044],[-98.88182739953179,36.006885486898334],[-99.65390877015392,36.24199078859967],[-99.72858493077091,36.22550709320156],[-100.43346602504319,36.257875881850865],[-101.25425527461756,36.257278792832636],[-102.09645118432931,36.257744068093956],[-102.93755505169977,36.257711921822384],[-103.77864902613081,36.25709043436858],[-103.76504322522656,39.304751163276926]]]}},{"type":"Feature","properties":{"window":"2007-2011","pathway_id":"2007-2011_P04","rank":4,"pathway_color":"#d62728","associated_events":7,"data_start_km":769.81,"data_end_km":2393.41,"data_path_length_km":1623.6,"median_width20_km":65.07,"median_width50_km":116.01,"median_width90_km":218.73,"guide_rail_offset_km":100.0,"mean_bearing_deg":222.61944933749933,"direction":"SW","directional_dominance":0.7878787878787878,"transition_probability":0.4946969696969697,"feature_type":"containment_envelope","containment_level":20,"fill_color":"#d62728","fill_opacity":0.68,"draw_order":3,"outline":false},"geometry":{"type":"Polygon","coordinates":[[[-103.76685523380273,38.89623204742446],[-102.93298331620504,38.89690672778505],[-102.0991203794605,38.896843352874704],[-101.26607962575561,38.89608884210689],[-100.41681069883604,38.89566962379434],[-99.48336828531932,38.84919812612115],[-98.1551660034248,38.54070160772542],[-97.45634036383892,38.16308372720555],[-96.66444643406207,37.27037663183735],[-96.34777593508606,36.42209171958266],[-96.24873241729124,35.748057859937305],[-96.16303447072902,34.93596510052302],[-96.16937847149322,34.14593078047503],[-96.31028941046692,33.48524043687191],[-96.56146660913289,32.81222770382355],[-96.78591401351255,32.203676721792256],[-96.98445769520372,31.612288226631804],[-97.16227300793038,30.963998228443966],[-97.30988927433695,30.35785890883343],[-97.47971586731447,29.707124310665282],[-97.59550944142642,28.999785841423208],[-97.82052428969747,28.25357206979403],[-98.26068933516937,27.71608050448919],[-98.75448634054435,28.033062875582154],[-98.31540102172032,28.57233644544849],[-98.19675494585935,29.11678189538741],[-98.18806531759738,29.730658258872815],[-98.28735176858096,30.40758177530033],[-98.32575320249154,31.12635691408986],[-98.2555553611382,31.790036464545963],[-98.09460239440737,32.49114012110718],[-97.89465957738334,33.16198112979955],[-97.67424012664203,33.75772267496839],[-97.45656201138635,34.39247777660137],[-97.35347617365177,34.919607161065834],[-97.40278831984837,35.41961944476137],[-97.8402426247051,35.997517099286505],[-98.38077110349822,36.26533550371792],[-98.65111025042056,36.36575357344119],[-99.42403724723373,36.60526111721082],[-99.69192274949071,36.63292794824934],[-100.4312192759838,36.666473456083374],[-101.25621377833478,36.66593518699356],[-102.09695153889378,36.66643982200812],[-102.93688526881361,36.666422572803484],[-103.7768119409146,36.665792703829105],[-103.76685523380273,38.89623204742446]]]}},{"type":"Feature","properties":{"window":"2007-2011","pathway_id":"2007-2011_P04","rank":4,"pathway_color":"#d62728","associated_events":7,"data_start_km":769.81,"data_end_km":2393.41,"data_path_length_km":1623.6,"median_width20_km":65.07,"median_width50_km":116.01,"median_width90_km":218.73,"guide_rail_offset_km":100.0,"mean_bearing_deg":222.61944933749933,"direction":"SW","directional_dominance":0.7878787878787878,"transition_probability":0.4946969696969697,"feature_type":"guide_rail","rail_side":"left","line_color":"#111111","line_width":1.6,"draw_order":4},"geometry":{"type":"LineString","coordinates":[[-103.76780686346372,38.68199185797611],[-102.9333769993369,38.68266230191723],[-102.09895453174903,38.68260662488462],[-101.26519389118265,38.68189154330775],[-100.41835640669848,38.68182939575295],[-99.50381478234505,38.63927459027782],[-98.26865363506649,38.37233025776557],[-97.52646675275983,38.06037347590378],[-96.6163620772977,37.29780139717813],[-96.0428385532276,36.50603849511611],[-95.78121266259353,35.87723661024856],[-95.66395295845102,34.939441202684286],[-95.75672137827574,34.06382974456128],[-95.94563307635656,33.40961962899348],[-96.20834020469994,32.71679100687085],[-96.41335313917763,32.119034212071085],[-96.58003844337948,31.552891106967344],[-96.71114055246272,30.897987412454807],[-96.76079121931897,30.326529831438354],[-96.80204934097443,29.6808092487996],[-96.89584632595526,28.859670846644068],[-97.24695420507787,27.87932990175367],[-97.68829971238877,27.3439148856475]]}},{"type":"Feature","properties":{"window":"2007-2011","pathway_id":"2007-2011_P04","rank":4,"pathway_color":"#d62728","associated_events":7,"data_start_km":769.81,"data_end_km":2393.41,"data_path_length_km":1623.6,"median_width20_km":65.07,"median_width50_km":116.01,"median_width90_km":218.73,"guide_rail_offset_km":100.0,"mean_bearing_deg":222.61944933749933,"direction":"SW","directional_dominance":0.7878787878787878,"transition_probability":0.4946969696969697,"feature_type":"guide_rail","rail_side":"right","line_color":"#111111","line_width":1.6,"draw_order":4},"geometry":{"type":"LineString","coordinates":[[-103.77585026288519,36.8801062814073],[-102.9365286500225,36.8807405242551],[-102.09720147831193,36.88074997791688],[-101.25722239785037,36.88020551423754],[-100.4299957723354,36.88038811415971],[-99.67282617001436,36.84297148013635],[-99.31588770543149,36.774812838217386],[-98.58414845860518,36.469185024953674],[-98.42758363523537,36.23720345489779],[-98.14127856283774,35.90910072127796],[-97.86500240340722,35.28423235047733],[-97.85228023389158,34.90937254378386],[-97.87235448005127,34.46904103451841],[-98.04177907681816,33.82835984002083],[-98.25128943984618,33.25272263645034],[-98.47019593354372,32.57081808744279],[-98.66202892782232,31.84402247560676],[-98.77904722758473,31.186543448488326],[-98.83734123678263,30.432158012020594],[-98.86637179272364,29.749390259028687],[-98.8999633328154,29.249630287528053],[-98.89659940258854,28.941828529298515],[-99.33434377596738,28.40047409863589]]}},{"type":"Feature","properties":{"window":"2007-2011","pathway_id":"2007-2011_P05","rank":5,"pathway_color":"#9467bd","associated_events":15,"data_start_km":400.63,"data_end_km":1661.56,"data_path_length_km":1260.93,"median_width20_km":37.64,"median_width50_km":121.37,"median_width90_km":296.84,"guide_rail_offset_km":100.0,"mean_bearing_deg":349.6233151615033,"direction":"N","directional_dominance":0.6874999999999999,"transition_probability":0.4833142639206712,"feature_type":"containment_envelope","containment_level":90,"fill_color":"#9467bd","fill_opacity":0.18,"draw_order":1,"outline":false},"geometry":{"type":"Polygon","coordinates":[[[-48.50679448313261,-16.99174316843585],[-49.45427662735898,-20.150009350188217],[-52.089954100276,-23.578303963564466],[-52.63775011107647,-23.903414896912317],[-56.112681726841856,-25.477654101396592],[-56.866866816996875,-25.28267715678317],[-59.39462935528819,-24.98526255761043],[-60.1182918899392,-23.867899697335563],[-62.06920688405475,-22.16833565696642],[-63.53661734896417,-20.181696208849985],[-63.55685015712544,-19.234190396465916],[-64.41551120333516,-18.02578033528393],[-64.68918884760765,-17.487201327135022],[-65.15197991235321,-16.445810853772954],[-65.340425753878,-15.871743174221614],[-65.57661026150473,-15.164972275506678],[-65.79359407696674,-14.589173029182799],[-65.99612976119306,-14.049197624803725],[-66.14836764580836,-13.4115498175807],[-66.24168124693884,-12.819482071463286],[-61.29493948434012,-12.145983502256186],[-61.21949230665122,-12.741448351160841],[-61.188979932722376,-13.290185193493535],[-61.19517900444819,-13.935994344375239],[-61.23362921676686,-14.54889934224484],[-61.244319004924975,-15.02183866530062],[-61.173237573306736,-15.62096740240314],[-61.13854074865705,-15.668238353543723],[-60.82822222986162,-16.187574030317464],[-60.79182270816342,-15.785015182061041],[-59.84073492785677,-15.559374463322353],[-60.11506943916339,-13.906927374050873],[-60.77437939090285,-12.421378128808264],[-60.230939721266054,-11.234617824671124],[-61.375177069769876,-10.733603271836003],[-60.90138985209653,-10.192758171702152],[-63.17157040864129,-11.032539275227434],[-62.731134089703446,-10.614178867090393],[-64.86071144286979,-12.86619343190231],[-65.47469352042103,-14.901168319830324],[-48.50679448313261,-16.99174316843585]]]}},{"type":"Feature","properties":{"window":"2007-2011","pathway_id":"2007-2011_P05","rank":5,"pathway_color":"#9467bd","associated_events":15,"data_start_km":400.63,"data_end_km":1661.56,"data_path_length_km":1260.93,"median_width20_km":37.64,"median_width50_km":121.37,"median_width90_km":296.84,"guide_rail_offset_km":100.0,"mean_bearing_deg":349.6233151615033,"direction":"N","directional_dominance":0.6874999999999999,"transition_probability":0.4833142639206712,"feature_type":"containment_envelope","containment_level":50,"fill_color":"#9467bd","fill_opacity":0.35,"draw_order":2,"outline":false},"geometry":{"type":"Polygon","coordinates":[[[-53.71985448335458,-16.493926254343986],[-54.2844937204232,-18.05011322279755],[-55.525477555911436,-19.666145809784506],[-56.09953846684162,-19.94477706212696],[-57.76895532608428,-20.523671951409053],[-58.493930550805246,-20.32948639278041],[-59.70361209052575,-20.16418360810725],[-60.3525975317946,-19.923811529052617],[-61.418957368163746,-19.512079850903334],[-62.44375628070193,-18.847154465718045],[-62.78176093084633,-18.284715873121574],[-63.3582144255777,-17.49419638415953],[-63.57250743291053,-16.92540457352719],[-63.84784923535304,-16.184227880214838],[-63.92221167138672,-15.58694494678105],[-63.98779810770843,-14.949814230116742],[-64.08268215177107,-14.357574354273002],[-64.25440197924735,-13.786561669055112],[-64.42686758884254,-13.189962978784596],[-64.54557983592483,-12.600866700081562],[-62.9848176271004,-12.388307030341993],[-62.934577066674564,-12.987020445498056],[-62.923273725462195,-13.576326284565523],[-62.89972827943268,-14.189498283477883],[-62.81665099029418,-14.783642587600418],[-62.6549460014575,-15.323942878184928],[-62.47021948383258,-15.898571855135177],[-62.240905580153395,-16.243081511168906],[-61.87114161620789,-16.732014886364883],[-61.54593063450662,-16.742501718498954],[-60.89471812758691,-16.90841271978839],[-60.72429666632475,-16.569268853947246],[-60.55558785880352,-16.368831165750166],[-59.95172560732439,-16.060955126471594],[-59.914410700425464,-15.714918025244417],[-59.4313774092067,-15.179284825476394],[-60.02954478048892,-15.114345704392445],[-59.616225813836124,-14.65279418716156],[-60.27526671352183,-15.206441537816367],[-60.33554478081112,-15.676189463834946],[-53.71985448335458,-16.493926254343986]]]}},{"type":"Feature","properties":{"window":"2007-2011","pathway_id":"2007-2011_P05","rank":5,"pathway_color":"#9467bd","associated_events":15,"data_start_km":400.63,"data_end_km":1661.56,"data_path_length_km":1260.93,"median_width20_km":37.64,"median_width50_km":121.37,"median_width90_km":296.84,"guide_rail_offset_km":100.0,"mean_bearing_deg":349.6233151615033,"direction":"N","directional_dominance":0.6874999999999999,"transition_probability":0.4833142639206712,"feature_type":"containment_envelope","containment_level":20,"fill_color":"#9467bd","fill_opacity":0.68,"draw_order":3,"outline":false},"geometry":{"type":"Polygon","coordinates":[[[-55.63758970196281,-16.278088332990365],[-56.030938621072266,-17.247621474283868],[-56.7159399401921,-18.244978427216815],[-57.20238348093494,-18.623515919020463],[-58.20750789333027,-19.147995848318686],[-58.851669172355415,-19.191334069635786],[-59.76946681735319,-19.094077284161237],[-60.41203385867148,-18.89512853154389],[-61.19822532355872,-18.58834507447451],[-61.91745890555393,-18.1945160232852],[-62.341325281505135,-17.739016039228098],[-62.862113895485365,-17.24179513378436],[-63.153942813549065,-16.71236925870197],[-63.43273487241183,-16.099157304137055],[-63.561603015645545,-15.512920404836011],[-63.6778899804809,-14.906465228146176],[-63.766126170184606,-14.31323158173278],[-63.86229753404308,-13.725485962467586],[-63.954373248669924,-13.126792904416337],[-64.03814812523922,-12.532951898322317],[-63.491645289474775,-12.458521758662913],[-63.40651089365139,-13.052285018309979],[-63.314864921699154,-13.639023981663028],[-63.21593069640919,-14.235057743715423],[-63.12620561981416,-14.82818676140337],[-63.014900750748325,-15.399458427626522],[-62.88451393797973,-15.985479348596652],[-62.65745210287207,-16.457955378657257],[-62.36459185944571,-16.986785490087364],[-61.98157115116206,-17.29003240791387],[-61.4136034748236,-17.563814275383358],[-60.93991185527878,-17.493763789058892],[-60.49750270564448,-17.39781028409394],[-59.88809055551194,-17.13145876953528],[-59.570338526289575,-16.85538798848587],[-59.01241674718963,-16.558393893372816],[-58.96813163313236,-16.45153590243373],[-58.47131189857666,-16.091892263162467],[-58.564847600739924,-16.044130407653196],[-58.42877879163001,-15.932917603277325],[-55.63758970196281,-16.278088332990365]]]}},{"type":"Feature","properties":{"window":"2007-2011","pathway_id":"2007-2011_P05","rank":5,"pathway_color":"#9467bd","associated_events":15,"data_start_km":400.63,"data_end_km":1661.56,"data_path_length_km":1260.93,"median_width20_km":37.64,"median_width50_km":121.37,"median_width90_km":296.84,"guide_rail_offset_km":100.0,"mean_bearing_deg":349.6233151615033,"direction":"N","directional_dominance":0.6874999999999999,"transition_probability":0.4833142639206712,"feature_type":"guide_rail","rail_side":"left","line_color":"#111111","line_width":1.6,"draw_order":4},"geometry":{"type":"LineString","coordinates":[[-56.106642279552815,-16.22264543663603],[-56.459252211285815,-17.04741052786363],[-57.01675027621913,-17.88078645333852],[-57.50905938434677,-18.251185697107804],[-58.34249235868914,-18.719454348865902],[-58.945424038426495,-18.8902826134921],[-59.77431334887049,-19.014763436493567],[-60.40320613285971,-19.048583686149268],[-61.27771996415103,-18.922269656201543],[-62.240691285440136,-18.596096321585033],[-62.73748256640374,-18.23005501783773],[-63.44425831770974,-17.53778074028122],[-63.73484237891077,-17.007668935026032],[-64.07310434268182,-16.23002583982612],[-64.200176857195,-15.643560763571372],[-64.32202817548486,-14.996061180352077],[-64.40851126328144,-14.402730796064622],[-64.5014946557115,-13.824682846933742],[-64.5939846350672,-13.212063890037358],[-64.67615888737765,-12.618156966014917]]}},{"type":"Feature","properties":{"window":"2007-2011","pathway_id":"2007-2011_P05","rank":5,"pathway_color":"#9467bd","associated_events":15,"data_start_km":400.63,"data_end_km":1661.56,"data_path_length_km":1260.93,"median_width20_km":37.64,"median_width50_km":121.37,"median_width90_km":296.84,"guide_rail_offset_km":100.0,"mean_bearing_deg":349.6233151615033,"direction":"N","directional_dominance":0.6874999999999999,"transition_probability":0.4833142639206712,"feature_type":"guide_rail","rail_side":"right","line_color":"#111111","line_width":1.6,"draw_order":4},"geometry":{"type":"LineString","coordinates":[[-57.961054458334345,-15.993307484602655],[-58.140929981617234,-16.248633109445347],[-58.17629911574957,-16.458365902188365],[-58.667428214501854,-16.826161767466857],[-58.880749778081366,-16.987516884770542],[-59.4786969625202,-17.15679791982857],[-59.88334609223712,-17.21079090503945],[-60.50619879949477,-17.244326259422074],[-60.861725650536656,-17.159644803724014],[-61.09403622782136,-17.16086768577121],[-61.58949074482979,-16.79743681984033],[-61.78582509270544,-16.687780228090087],[-62.079847300744234,-16.15965400089799],[-62.245704259933305,-15.851116156248354],[-62.37783870706119,-15.265370806958611],[-62.483086679937955,-14.735144566619155],[-62.57453234244626,-14.142162811993416],[-62.676724119149,-13.536488758230917],[-62.76778234367197,-12.963715010639598],[-62.85448796955005,-12.370067127184047]]}},{"type":"Feature","properties":{"window":"2007-2011","pathway_id":"2007-2011_P06","rank":6,"pathway_color":"#8c564b","associated_events":7,"data_start_km":130.19,"data_end_km":2713.73,"data_path_length_km":2583.54,"median_width20_km":30.0,"median_width50_km":55.0,"median_width90_km":105.0,"guide_rail_offset_km":100.0,"mean_bearing_deg":12.403511917884366,"direction":"N","directional_dominance":0.7738095238095237,"transition_probability":0.5869047619047619,"feature_type":"containment_envelope","containment_level":90,"fill_color":"#8c564b","fill_opacity":0.18,"draw_order":1,"outline":false},"geometry":{"type":"Polygon","coordinates":[[[82.73646122462605,18.672418076260684],[82.73749726694558,19.337315503782907],[82.73845651679073,20.003069471337774],[82.67153627145382,20.52104478285498],[82.56636184035494,21.179410268979655],[82.36523362424913,21.462817141604216],[82.02446472155776,22.04768294618155],[81.80661875458327,22.138803685219685],[81.21383561841765,22.51250306108144],[80.92337589680875,22.582509587705687],[80.21825449454548,22.707973190396704],[79.76317187779256,22.694643948338516],[79.36248517260384,22.687321206211582],[78.69774392837547,22.43604936159327],[78.43120755346683,22.415699486018244],[77.96171399176461,21.91258434576773],[77.49553173097627,21.408091261742683],[77.47844339400001,21.130331753555726],[77.27901241262771,20.490538646662017],[77.2799224174106,20.054654852170707],[77.16823771623046,19.246021071490826],[76.28502783147133,17.98718767171423],[75.33926222823283,17.74843319500846],[74.42800560497977,17.780741268497426],[73.04477861374505,18.644735262298344],[72.59542808848767,19.592179183316983],[71.89483087859696,20.200470797805558],[71.38892148469006,20.952962943696107],[71.16596560270227,21.6540110150576],[71.1246317943887,22.28824656521222],[71.14925053423227,22.955068272135318],[71.17993963819072,23.625900818370745],[71.19052683102689,24.32649983462166],[71.18658462866279,25.01232218706281],[71.17969153649187,25.677713951528514],[71.17256287925431,26.349001154332093],[76.1299240230411,26.3063566610574],[76.11121525386523,25.646281018187953],[76.09574903772267,24.980105748311953],[76.09290858033035,24.334019789191657],[76.11665362129253,23.70207119005054],[76.17253276030465,23.039538319407484],[76.22371822809595,22.37306429742563],[76.19394607270067,21.67592351112694],[75.98824331007745,21.050652748798043],[75.51855376948726,20.482726851439473],[74.9313459074204,19.773715345893798],[74.8526367550422,19.44690132291108],[74.60641913289817,19.669969909404106],[75.0852036109882,19.62983708417547],[75.47759419055197,19.72137854393464],[75.20564244535859,19.607931318479896],[75.2732855236523,20.117866932065738],[75.34018341371296,21.011853121222867],[75.53194790158165,21.653806737139664],[75.94778225483708,22.638560487314567],[76.41251321961522,23.147266220725882],[76.88064144768293,23.654652413610577],[77.91577213287792,24.188843995162678],[78.58779282308757,24.443021945770653],[79.62038900674895,24.585379015605646],[80.60618311068777,24.569300622102357],[81.32041987657749,24.441750344979017],[82.3711984106605,24.07781283368565],[82.9668986232304,23.699827076068843],[83.82282628843836,22.943784014774685],[84.15768023602266,22.355782616743014],[84.56997892920708,21.448005648740182],[84.66629730536073,20.789254981082106],[84.74493891611178,19.98674269608707],[84.73552792842156,19.321880331455382],[84.72627314887592,18.656065403234415],[82.73646122462605,18.672418076260684]]]}},{"type":"Feature","properties":{"window":"2007-2011","pathway_id":"2007-2011_P06","rank":6,"pathway_color":"#8c564b","associated_events":7,"data_start_km":130.19,"data_end_km":2713.73,"data_path_length_km":2583.54,"median_width20_km":30.0,"median_width50_km":55.0,"median_width90_km":105.0,"guide_rail_offset_km":100.0,"mean_bearing_deg":12.403511917884366,"direction":"N","directional_dominance":0.7738095238095237,"transition_probability":0.5869047619047619,"feature_type":"containment_envelope","containment_level":50,"fill_color":"#8c564b","fill_opacity":0.35,"draw_order":2,"outline":false},"geometry":{"type":"Polygon","coordinates":[[[83.21025758183572,18.67060038361352],[83.21324929763324,19.335746719309814],[83.21622381345196,20.001318867585354],[83.14582592631155,20.587088711400625],[83.0427403423904,21.2455755786626],[82.78991178281154,21.67732851157756],[82.45049860891652,22.262951513430345],[82.08028936689817,22.511389905200602],[81.48680523330523,22.886090818864997],[81.01666261760204,23.025361541225372],[80.30943292986541,23.151309179029013],[79.72933833077423,23.14485908539407],[79.17969763685664,23.1056575093027],[78.51325947429149,22.85371283607106],[78.06448805053492,22.71197433905497],[77.59527763549761,22.207848986560904],[77.1293993693422,21.702359246677755],[77.01624494312074,21.25699959150432],[76.81860107504303,20.616668659537062],[76.80230481421444,20.07183882075953],[76.70176706786197,19.334222810256566],[76.09437698566325,18.400478126631075],[75.27939620825748,18.196466109957914],[74.47026066115825,18.230595868210905],[73.47362841240869,18.83737490481773],[73.2400990651027,19.64547346211289],[73.18021555381236,20.309448866566846],[73.15895262767737,21.005297002008064],[73.14833886994847,21.68052739111686],[73.13963938524316,22.34025151399498],[73.12383008957269,23.006271696839736],[73.10868990989442,23.673091532368836],[73.09994404801773,24.346690723445864],[73.0970020746364,25.017180174729333],[73.09845477330649,25.683109801697803],[73.10145389546,26.35029548259017],[74.20184548389602,26.340826676708815],[74.19303428222167,25.676130907950608],[74.1859117751635,25.010032006528622],[74.18336012302416,24.348353002852804],[74.1865888182383,23.68972764307508],[74.19650143645288,23.024314870372812],[74.2072631988274,22.358015825437313],[74.21121302778278,21.68516091329449],[74.21679378861035,21.027771309254362],[74.23013062133165,20.391240682807396],[74.28560238505887,19.726729468471113],[74.42059286713697,19.257572614105943],[74.56370793432106,19.220192639917386],[75.1463301264094,19.181964699574316],[75.67146686692752,19.308871058472125],[75.67373559771085,19.523803184691488],[75.75119976684582,20.104951439635975],[75.80302220229754,20.889750017904124],[75.99665015219665,21.531212852631988],[76.31870192901403,22.346908910103263],[76.78382063820732,22.85460539225047],[77.2523165450533,23.360968077219617],[78.10368948308394,23.771850141602023],[78.7739405133483,24.025316875920428],[79.65455346424375,24.135244744446684],[80.5126120509779,24.126292705072913],[81.22461581390911,23.99925220729938],[82.09300249307529,23.706029094138586],[82.68801513959568,23.32908301856637],[83.39248525425978,22.732356168641967],[83.7288004355816,22.14509045385542],[84.09226265875782,21.386275006985866],[84.19070897313816,20.72758626648878],[84.2672480223286,19.99276634224762],[84.25984599296146,19.327661245303485],[84.2525488223518,18.662034292031592],[83.21025758183572,18.67060038361352]]]}},{"type":"Feature","properties":{"window":"2007-2011","pathway_id":"2007-2011_P06","rank":6,"pathway_color":"#8c564b","associated_events":7,"data_start_km":130.19,"data_end_km":2713.73,"data_path_length_km":2583.54,"median_width20_km":30.0,"median_width50_km":55.0,"median_width90_km":105.0,"guide_rail_offset_km":100.0,"mean_bearing_deg":12.403511917884366,"direction":"N","directional_dominance":0.7738095238095237,"transition_probability":0.5869047619047619,"feature_type":"containment_envelope","containment_level":20,"fill_color":"#8c564b","fill_opacity":0.68,"draw_order":3,"outline":false},"geometry":{"type":"Polygon","coordinates":[[[83.44715088457087,18.669204920581468],[83.45112082661967,19.334468579057532],[83.45510240344737,19.999942671274074],[83.3831262500969,20.6196006010745],[83.28108982525652,21.278141237128644],[83.00273837234869,21.7841439598677],[82.66401529781257,22.370143143580915],[82.21771947992602,22.69747285438413],[81.62388621330172,23.072678972223986],[81.06359204499284,23.246747122471618],[80.35529385588103,23.37293973050599],[79.71238525997995,23.369957430730047],[79.08792383142747,23.314754346008304],[78.42062875647059,23.062468834242047],[77.88055961050122,22.85981561171685],[77.41150040669788,22.355183549333095],[76.94578369244141,21.849193959008925],[76.78485156079364,21.319860990830634],[76.58811025035925,20.679266575250523],[76.56345739615944,20.079931228674536],[76.46833945314796,19.37784969186188],[75.99868662105365,18.607034515888323],[75.24932041021489,18.42046428608636],[74.49143864867614,18.45551443701865],[73.68842400823817,18.933312990993162],[73.47761845090844,19.664495539410183],[73.41873413409002,20.32860066563375],[73.39934249511745,21.010982548108426],[73.38989448749848,21.68216789546395],[73.38225703050529,22.344883944103845],[73.36759381208512,23.0109761646664],[73.35364292747852,23.677485140988992],[73.34617168323564,24.34769117222629],[73.344491139789,25.016187839193478],[73.34723244163013,25.68216519802534],[73.35155664187755,26.348794532172718],[73.95177233416254,26.343629652223484],[73.94427782134682,25.678358472660694],[73.9384438126979,25.0122887823234],[73.93712775135637,24.34859788049634],[73.94158954600027,23.686559502674704],[73.95268895812407,23.020818023710238],[73.96459890560914,22.354573692977095],[73.9696455806251,21.68469530303913],[73.97634823941337,21.023241414755773],[73.99141637822103,20.373214930407638],[74.04789423110276,19.70881753333931],[74.20494879099226,19.16251398540934],[74.54240881194394,18.99529461267567],[75.17674068439234,18.95800916174796],[75.7680129107305,19.10252261803297],[75.90759423597262,19.48125837727542],[75.9901259892273,20.097992878754575],[76.03415788038734,20.828221763563633],[76.22870867031548,21.469433610724533],[76.50358921447844,22.20076913436775],[76.96889171849,22.70796241915043],[77.43756128712715,23.213814861277246],[78.19723190956279,23.56327198356466],[78.86660670511134,23.816387683681015],[79.67159440712896,23.910167880595687],[80.46611570451586,23.90474928730588],[81.17701784205929,23.777960597007226],[81.95453341198072,23.519920075432175],[82.54920048832639,23.143489336241213],[83.17782441718305,22.626184709641482],[83.51485772356341,22.03928946313412],[83.85355778982057,21.35488733765133],[83.95306364841844,20.696236572769518],[84.02838972928794,19.995277598776028],[84.02199308526025,19.330058264907183],[84.01567465506787,18.664532448206444],[83.44715088457087,18.669204920581468]]]}},{"type":"Feature","properties":{"window":"2007-2011","pathway_id":"2007-2011_P06","rank":6,"pathway_color":"#8c564b","associated_events":7,"data_start_km":130.19,"data_end_km":2713.73,"data_path_length_km":2583.54,"median_width20_km":30.0,"median_width50_km":55.0,"median_width90_km":105.0,"guide_rail_offset_km":100.0,"mean_bearing_deg":12.403511917884366,"direction":"N","directional_dominance":0.7738095238095237,"transition_probability":0.5869047619047619,"feature_type":"guide_rail","rail_side":"left","line_color":"#111111","line_width":1.6,"draw_order":4},"geometry":{"type":"LineString","coordinates":[[82.78384128767999,18.672294704899922],[82.78507284341998,19.33721787851612],[82.78623368109334,20.002954522003908],[82.71894643451606,20.527710265212864],[82.61398031317884,21.18608871799443],[82.40764315921297,21.484320784729633],[82.06700836697951,22.069262594523376],[81.83391513890484,22.176087278486964],[81.2410617479253,22.549886277443015],[80.93267062560517,22.626799584266728],[80.22734010681944,22.75231123889956],[79.75979277118677,22.739666557504858],[79.34425142921543,22.729163279000517],[78.67934150436872,22.477824679229993],[78.39460331565584,22.44536218573419],[77.92513692365446,21.942146218624703],[77.45898392700644,21.437553653665837],[77.43225887523073,21.143055022114456],[77.2330055228739,20.503207484957528],[77.23216546062167,20.05643316731966],[77.1216138175896,19.254897972227603],[76.26600599194478,18.028527251125507],[75.3332925478627,17.793238657007734],[74.43222518558454,17.825727761495447],[73.08761927383142,18.664044758578225],[72.8127097254054,19.610413406293063],[72.75103302954327,20.274143574494484],[72.7262988661509,20.99420722998061],[72.71355461931412,21.676703877387684],[72.70296956219568,22.331031541599756],[72.68509921358435,22.99690923460091],[72.66781679357126,23.66427535143303],[72.65674624817797,24.343967015190177],[72.65151492818899,25.018029009597825],[72.65064844771243,25.68385899376726],[72.651256612412,26.35203187625859]]}},{"type":"Feature","properties":{"window":"2007-2011","pathway_id":"2007-2011_P06","rank":6,"pathway_color":"#8c564b","associated_events":7,"data_start_km":130.19,"data_end_km":2713.73,"data_path_length_km":2583.54,"median_width20_km":30.0,"median_width50_km":55.0,"median_width90_km":105.0,"guide_rail_offset_km":100.0,"mean_bearing_deg":12.403511917884366,"direction":"N","directional_dominance":0.7738095238095237,"transition_probability":0.5869047619047619,"feature_type":"guide_rail","rail_side":"right","line_color":"#111111","line_width":1.6,"draw_order":4},"geometry":{"type":"LineString","coordinates":[[84.67890231398928,18.656720636080173],[84.6879613321538,19.322517625003922],[84.6971715401171,19.987405117905524],[84.61872076247175,20.783150063126964],[84.52218906853966,21.44189538143147],[84.11473238608266,22.334768315942114],[83.77973081053551,22.92269646560237],[82.93893429633977,23.662779528993607],[82.34330261607556,24.040660776332217],[81.31080257198505,24.397505684854107],[80.5967909033979,24.525004611200025],[79.62381051990212,24.540366766890173],[78.60645713768702,24.401260758668403],[77.93461444800295,24.147154481985606],[76.91788063024347,23.625321640209805],[76.44971440070623,23.118037977263455],[75.98494344031144,22.609433338150726],[75.5784531984308,21.64160543936733],[75.38650130011337,20.999700226220728],[75.32108048434179,20.11663550444161],[75.2524742120622,19.599576340782367],[75.49702886684895,19.680139291604817],[75.09133481199916,19.58505219098182],[74.6021410997545,19.624993324100693],[74.80938686900652,19.42801604309935],[74.71361126404707,19.75814573639014],[74.65995531280885,20.422849985033565],[74.64963029761145,21.03506792626723],[74.64603610314998,21.6851281147948],[74.64408612012562,22.363328928116445],[74.63539232850556,23.029713603983073],[74.62761374167007,23.694521518239256],[74.62657346791804,24.346989227475138],[74.63132966330872,25.00503295317741],[74.6407710058246,25.67117070924023],[74.65194563193506,26.334816705153802]]}},{"type":"Feature","properties":{"window":"2007-2011","pathway_id":"2007-2011_P07","rank":7,"pathway_color":"#e377c2","associated_events":12,"data_start_km":0.0,"data_end_km":2849.48,"data_path_length_km":2849.48,"median_width20_km":65.63,"median_width50_km":103.41,"median_width90_km":202.38,"guide_rail_offset_km":100.0,"mean_bearing_deg":0.0,"direction":"N","directional_dominance":0.7222222222222222,"transition_probability":0.3608585858585858,"feature_type":"containment_envelope","containment_level":90,"fill_color":"#e377c2","fill_opacity":0.18,"draw_order":1,"outline":false},"geometry":{"type":"Polygon","coordinates":[[[-3.9221672597855957,6.3415182191305455],[-3.2089934929863944,7.260105163200604],[-2.3293482153341074,7.390966234250075],[-2.0700432299903184,7.995577702640046],[-2.4385508498765773,8.599556537083735],[-2.817480452726727,8.997289482587323],[-3.361099181309129,9.406849616502576],[-3.9243026303934982,9.79956352943945],[-4.565582777194209,10.26363783270525],[-5.646323458739573,11.444389781578211],[-5.860740599498229,12.134223971106623],[-5.103176997913181,14.228599878912895],[-4.586941094241411,14.68452993932699],[-3.7318612821868555,15.375324290155485],[-3.2463162120795346,15.90876002217325],[-3.320961270666885,16.152353567325093],[-3.040447952731398,16.826022205545794],[-3.46977645020732,15.178984336173402],[-3.706071251389176,15.824077340612531],[-2.591948734930696,14.727013335577979],[-2.928886012663014,15.492109937704239],[-3.2971815457881917,16.210024376896424],[-2.8604387140788674,16.07325588591469],[-3.52793303252335,15.82156951946084],[-3.232620992262838,15.671971916090632],[-3.8266642480842847,15.00166901245346],[-4.316543256721957,14.490443759053692],[-5.4371376011616235,13.8726136409206],[-6.631450631373468,13.630492860200759],[-7.338351422821773,13.748140842408947],[-8.238065661150188,13.842459904432767],[-8.932453993798703,13.94019108630932],[-9.59065630916973,14.041696968688205],[-9.829219430594605,14.12011158990279],[-8.978741065765718,16.14630708293377],[-8.475645446063993,15.43320960481605],[-7.916809061569836,14.498384124167593],[-7.616547382151424,13.866923712886495],[-7.48967887187402,12.7180728644201],[-11.98575228572912,12.765839105282666],[-11.86629632577413,12.971359555717632],[-11.859335965927784,13.666613717357471],[-11.801970432919404,13.993697358459075],[-11.913446175121948,14.497182557477526],[-10.819295551856356,17.263931208211964],[-9.671096557457275,17.488585778852187],[-8.929056531607273,17.59706504166425],[-8.223602036586584,17.691254802201602],[-7.728293885230016,17.798274473541774],[-7.041402520023041,18.039374799325277],[-6.906495903530811,18.174226472932194],[-6.7757697091826685,18.125208276968632],[-6.085551403721098,18.354841857463366],[-5.567738729393454,18.51683146612574],[-4.074743100147941,19.04309885784767],[-3.34801546211537,19.00832072711577],[-1.5180624247871606,18.99215706801927],[-0.6760317403946772,18.999321502853547],[0.1968399731823638,19.049495281337467],[1.8859090965691792,16.82334001805546],[1.9021171667076544,16.141072708420936],[0.5867899406793242,13.500733026091199],[-0.08400644706711091,13.19174540486172],[-1.2669996329854598,12.653059491147628],[-1.9730590716284837,12.495325321226884],[-2.2809367570172583,12.453836539682516],[-2.73746033751209,11.945334043290464],[-2.5308871651531604,12.96034078252486],[-2.407411419116471,12.336786632306007],[-2.46664134185022,12.618841990209784],[-2.0767074040819864,12.18979944168841],[-1.5485373775053688,11.762093263572911],[-1.003435466805172,11.349110971795529],[-0.3647414403024527,10.840124901488664],[0.2747392749591029,10.52491187032625],[1.3480275482762067,10.029881269052247],[2.875732889296671,8.96856006727859],[3.9725745919709254,8.559661824322362],[-3.9221672597855957,6.3415182191305455]]]}},{"type":"Feature","properties":{"window":"2007-2011","pathway_id":"2007-2011_P07","rank":7,"pathway_color":"#e377c2","associated_events":12,"data_start_km":0.0,"data_end_km":2849.48,"data_path_length_km":2849.48,"median_width20_km":65.63,"median_width50_km":103.41,"median_width90_km":202.38,"guide_rail_offset_km":100.0,"mean_bearing_deg":0.0,"direction":"N","directional_dominance":0.7222222222222222,"transition_probability":0.3608585858585858,"feature_type":"containment_envelope","containment_level":50,"fill_color":"#e377c2","fill_opacity":0.35,"draw_order":2,"outline":false},"geometry":{"type":"Polygon","coordinates":[[[-2.7435836407072145,6.690176804524249],[-2.2105243372808445,7.551909745548265],[-1.6872078876329226,7.859823111943215],[-1.6519829521742508,8.452198982379796],[-2.064232654046947,9.008469470715239],[-2.4787295668613183,9.441163817048627],[-3.003054857127978,9.876998044406772],[-3.5447281290218484,10.295817885081384],[-4.132693576054436,10.754775229364839],[-4.969854712906368,11.634859908799314],[-5.110233044942959,12.324922218840557],[-4.480053758818656,13.633163422505616],[-3.8983605729135604,14.024599857995273],[-3.1978166706857394,14.50847020551235],[-2.648737818109339,14.935434984487019],[-2.315990899974395,15.244725597443752],[-1.8699352468864276,15.767901137518425],[-1.7025314686678428,15.5107807339581],[-1.851399994735317,16.172314273812354],[-1.6989386466161989,16.14005022263068],[-2.280722193267991,16.5189566682715],[-2.901677662878342,16.837873190648054],[-2.9370104777463553,16.537496703367324],[-3.6028947766195643,16.267305592152354],[-3.5201761013022974,16.027539381314664],[-4.078416329522327,15.38148598658197],[-4.5686524694041,14.86976900941415],[-5.581165397676699,14.302080844853696],[-6.672513248207906,14.080632747067083],[-7.380815372635766,14.198143224853755],[-8.235724412612683,14.397003168124783],[-8.931425792616864,14.579885111045126],[-9.605799511849568,14.723627169541462],[-10.04132615376929,14.80396354546109],[-9.670042462497577,15.763056412113764],[-9.306977784110728,15.07925486437058],[-8.95484281612147,14.286072543951576],[-8.783319612845787,13.628916298162851],[-8.74132648548354,12.739626863714326],[-10.733753254638572,12.760798698263304],[-10.705805995865944,13.223702372615964],[-10.826754714428546,13.891081055319017],[-10.97842306461041,14.355804094120096],[-11.22982445128352,14.886433080129834],[-10.600936655655602,16.58131714711858],[-9.654398793155536,16.806857525870715],[-8.929212215923116,16.95754707201422],[-8.22542656827764,17.136876972630322],[-7.684065487607398,17.348510777576383],[-6.9987025667095395,17.589470323868674],[-6.757190040525302,17.74569533178365],[-6.515840244470979,17.74826256257912],[-5.826684873222206,17.977114878511117],[-5.27328820889133,18.163649525792103],[-3.998358527452723,18.59753007858337],[-3.2703220474638215,18.54420689221362],[-1.9236609874720614,18.367585435377713],[-1.3433268623378467,17.97885258299019],[-0.7272386499087986,17.64708657288459],[0.018888977446863464,16.506654413098435],[0.12383814145977112,15.837992096148716],[-0.5622065440846313,14.568510383266291],[-1.0724909554149633,14.107001798481688],[-1.8546436810704563,13.628863086199267],[-2.499210930031353,13.364245881774279],[-2.9610712708041547,13.117758532830411],[-3.3524934876698467,12.544712624009975],[-3.2853267378388296,12.777721645778808],[-3.0876662040611507,12.153501137750832],[-2.9062691605319344,12.131132588229864],[-2.4623219195634647,11.696320111570397],[-1.9122325180837834,11.294595438890141],[-1.347574608763182,10.907831144338992],[-0.744576009681424,10.434409703858053],[-0.15022474074942238,10.072396166608952],[0.6955985676495402,9.570107845498898],[1.8678918831608087,8.697384343780488],[2.7799455939321547,8.242825606735444],[-2.7435836407072145,6.690176804524249]]]}},{"type":"Feature","properties":{"window":"2007-2011","pathway_id":"2007-2011_P07","rank":7,"pathway_color":"#e377c2","associated_events":12,"data_start_km":0.0,"data_end_km":2849.48,"data_path_length_km":2849.48,"median_width20_km":65.63,"median_width50_km":103.41,"median_width90_km":202.38,"guide_rail_offset_km":100.0,"mean_bearing_deg":0.0,"direction":"N","directional_dominance":0.7222222222222222,"transition_probability":0.3608585858585858,"feature_type":"containment_envelope","containment_level":20,"fill_color":"#e377c2","fill_opacity":0.68,"draw_order":3,"outline":false},"geometry":{"type":"Polygon","coordinates":[[[-1.6084787133399345,7.020354468750515],[-1.4967121163060995,7.757834258382881],[-1.3695889516318687,8.090519918602423],[-1.4708069642739758,8.649350343108129],[-1.8425785975861402,9.249702810165465],[-2.208391044006788,9.793890306529182],[-2.685134744842742,10.292488872107525],[-3.207536474482737,10.734466125578004],[-3.7491215776347815,11.187678105841016],[-4.3684932499893705,11.802387866743286],[-4.519092067834237,12.473297722822327],[-4.143472021186142,13.309709815231898],[-3.686521093551164,13.82048881167276],[-3.078960162607416,14.31459936550606],[-2.5301952309488343,14.741317328041262],[-2.14629670519426,15.090401328344866],[-1.7002249398892104,15.61325180921629],[-1.4638651487541665,15.554450152971608],[-1.5793747327924166,16.221998115467947],[-1.5485328771140132,16.375435114613985],[-2.1236443127439486,16.765692416449234],[-2.718987579108358,17.12611462061736],[-3.006160865855378,16.955763268622032],[-3.6911994354663022,16.790823385516223],[-3.932561363142412,16.534983498511455],[-4.507135821424555,16.024917614597573],[-5.065054284081867,15.612385866623226],[-5.8912084792025325,15.221129664131569],[-6.7598380329753525,15.031917582334732],[-7.4602117226929465,15.03385922818581],[-8.23294185571686,15.08440994836905],[-8.930663768204624,15.149251005508503],[-9.61703103714251,15.218925769610053],[-10.174051759694493,15.229074933626057],[-10.038729258172225,15.557320759595093],[-9.698408309152939,14.911233065195926],[-9.400311412697448,14.193481543817368],[-9.236146930261214,13.534925062342479],[-9.178064753317216,12.74564933571027],[-10.296956164053768,12.757539253759703],[-10.254142313143632,13.320348082318402],[-10.382436641469866,13.986236234084249],[-10.588876319324868,14.52579807070328],[-10.863316603442513,15.093870795423475],[-10.4660749305676,16.156628736390587],[-9.642519072855777,16.311643182280513],[-8.929508977912548,16.388275125604604],[-8.227810204418972,16.44959801142245],[-7.602563712143848,16.513079790691553],[-6.909144170500269,16.638506941663838],[-6.439785936409976,16.82795221536493],[-6.00938601465873,17.008704237305892],[-5.390047441228205,17.336009151240447],[-4.854458398603242,17.658434771550027],[-3.908966769990343,18.074140167926465],[-3.200522310860805,18.126013876444595],[-2.109022613354938,18.080211279897423],[-1.5026531008917345,17.732866331003763],[-0.8799056588118219,17.412475157554322],[-0.2539110509100908,16.45894883473154],[-0.11548470838147296,15.796030273699072],[-0.7304695813937769,14.723809081427095],[-1.2408439616056626,14.261946555558008],[-1.9722213557532768,13.823221471669164],[-2.617234707803334,13.55833474001601],[-3.171743305677637,13.32242130723247],[-3.687086451690476,12.869135220855332],[-3.877947767306722,12.632386485589418],[-3.690708240129254,11.989161630077772],[-3.2928514556434436,11.699760957907056],[-2.802227717266476,11.258918791276255],[-2.232810000873144,10.880351028011198],[-1.6204151637491009,10.556309351014958],[-0.9683367277089872,10.19439746797828],[-0.33344852612719933,9.87646250183949],[0.37452161000794604,9.342463235130607],[1.1496493106370735,8.501204485823335],[1.6360052221999979,7.932640181879687],[-1.6084787133399345,7.020354468750515]]]}},{"type":"Feature","properties":{"window":"2007-2011","pathway_id":"2007-2011_P07","rank":7,"pathway_color":"#e377c2","associated_events":12,"data_start_km":0.0,"data_end_km":2849.48,"data_path_length_km":2849.48,"median_width20_km":65.63,"median_width50_km":103.41,"median_width90_km":202.38,"guide_rail_offset_km":100.0,"mean_bearing_deg":0.0,"direction":"N","directional_dominance":0.7222222222222222,"transition_probability":0.3608585858585858,"feature_type":"guide_rail","rail_side":"left","line_color":"#111111","line_width":1.6,"draw_order":4},"geometry":{"type":"LineString","coordinates":[[-0.8569146907342429,7.235874832813103],[-1.045246965192348,7.886903046585758],[-1.2327109568005596,8.189687437592113],[-1.5166325151895705,8.599526619634855],[-2.019547499141879,9.057156505089392],[-2.466232221990367,9.457499548066702],[-3.0102869440064524,9.867524657227017],[-3.558128805684447,10.278342061972472],[-4.124042934012351,10.764562277775946],[-4.912453415384306,11.650924014798846],[-5.089757080867713,12.330088691619233],[-4.573693611664112,13.722925398050384],[-4.087365849624405,14.206282650878345],[-3.322890406279157,14.71211633662109],[-2.7243080271284157,15.059008004054009],[-2.3705688194249888,15.29429576605921],[-1.8920937046670474,15.788070530110367],[-1.7065704036443208,15.510039375171704],[-1.836471836177509,16.175050093773194],[-1.7077753474546853,16.126197056635256],[-2.305427346264736,16.48007429391735],[-2.905041102604798,16.832555907229906],[-2.9554759428405077,16.649280891211752],[-3.649047757199014,16.541140548501676],[-3.812531499818874,16.387590940464115],[-4.43880978196097,15.922662425993702],[-5.0259130632093445,15.554040705859808],[-5.872689450564366,15.166448853609788],[-6.750919358300109,14.935143436915721],[-7.444938003900631,14.873672456271775],[-8.233822003816385,14.863402830521482],[-8.931025749236369,14.865268405995657],[-9.608921037672019,14.862160564661107],[-10.04901443559271,14.828648054628584],[-9.644304667293085,15.777384116455956],[-9.294329763180201,15.084669564593714],[-8.98577844511712,14.279671130551122],[-8.84195428930957,13.61679660977711],[-8.816808111420585,12.74072315839778]]}},{"type":"Feature","properties":{"window":"2007-2011","pathway_id":"2007-2011_P07","rank":7,"pathway_color":"#e377c2","associated_events":12,"data_start_km":0.0,"data_end_km":2849.48,"data_path_length_km":2849.48,"median_width20_km":65.63,"median_width50_km":103.41,"median_width90_km":202.38,"guide_rail_offset_km":100.0,"mean_bearing_deg":0.0,"direction":"N","directional_dominance":0.7222222222222222,"transition_probability":0.3608585858585858,"feature_type":"guide_rail","rail_side":"right","line_color":"#111111","line_width":1.6,"draw_order":4},"geometry":{"type":"LineString","coordinates":[[0.8811195547491764,7.724630615809686],[0.6963569944828123,8.37615323946497],[0.23648453811560444,9.244318681406437],[-0.2871587129406521,9.926010162097405],[-0.789755058197926,10.386008953920724],[-1.360222676885769,10.891567985714072],[-1.9049142504238432,11.30402840302791],[-2.4487620343063554,11.713722790460707],[-2.915018232440019,12.121395609248331],[-3.145296298190658,12.137871139589494],[-3.3058777619923774,12.772709371879742],[-3.259705102805043,12.454535776330976],[-2.773678171341743,12.935313812917274],[-2.3753785128321283,13.160274757058254],[-1.7798634956776311,13.505092967961481],[-1.0184336182556706,14.057190782875528],[-0.5402685893356818,14.548242052338425],[0.1278898901352079,15.838700126120619],[0.0039114414086043325,16.5040446764334],[-0.7182428756690058,17.660885326096423],[-1.3181842580899854,18.017589130819957],[-1.9202366497653713,18.372882949086193],[-3.251649534534465,18.432446153062724],[-3.951558290199671,18.323771256723084],[-4.975948078999608,17.805322350418333],[-5.459284066307788,17.43799686183224],[-6.0490648767616335,17.066885821992113],[-6.458593042319251,16.88258192154002],[-6.918214100292317,16.73525930766396],[-7.618123151751263,16.67322787086351],[-8.22702915966974,16.67057336730108],[-8.929342422631464,16.672218258022937],[-9.651055225693824,16.668352989700445],[-10.593087637702013,16.55666446497439],[-11.25536016940174,14.871947519280534],[-10.990991126459733,14.350305679114244],[-10.795922119277236,13.897712112027968],[-10.647362264898618,13.23625766486157],[-10.658259101854526,12.760290843002295]]}},{"type":"Feature","properties":{"window":"2007-2011","pathway_id":"2007-2011_P08","rank":8,"pathway_color":"#7f7f7f","associated_events":5,"data_start_km":109.85,"data_end_km":2100.67,"data_path_length_km":1990.81,"median_width20_km":104.55,"median_width50_km":184.5,"median_width90_km":300.08,"guide_rail_offset_km":100.0,"mean_bearing_deg":249.09429979685441,"direction":"W","directional_dominance":0.9333333333333332,"transition_probability":0.5533333333333333,"feature_type":"containment_envelope","containment_level":90,"fill_color":"#7f7f7f","fill_opacity":0.18,"draw_order":1,"outline":false},"geometry":{"type":"Polygon","coordinates":[[[12.718642066591087,26.508645311232627],[12.714490631432625,25.84603149944758],[12.512917697440884,24.598674487545814],[12.01823454324213,22.956409278536466],[12.069692251091595,22.126705403521044],[10.559870179812123,20.024667606646624],[10.116033879813386,19.40870887834484],[8.476286548083664,18.588006029113647],[7.0558937995902795,18.460492344048415],[5.932557299218615,18.56686577752615],[4.9773867137181185,18.809650217987723],[4.287727430751573,19.11484443148108],[2.562731110529654,19.763651141591698],[0.7667009803411702,21.198610506619534],[-0.07985622875617082,22.8899415372264],[-0.028752782895224982,23.616507116952437],[0.038931340504120726,24.78606563167705],[0.2697172252276516,25.11891279244458],[0.6719289934900416,25.199424910046137],[1.0294524826657891,25.43222080557094],[0.6767762194182012,25.63549512412185],[-0.07838751177575887,25.693147016003103],[-0.5556242528518851,25.71053189924686],[-0.4613191748906331,25.555129054987823],[-0.27300459226231055,25.42324376435012],[-0.23877134292945357,24.780997834021747],[-0.1407535336329886,24.570482232779256],[-0.14608436656757817,23.97256912999895],[-4.573858698519928,24.004365138747627],[-4.541835396504553,24.73602843404596],[-4.319669805603866,25.846442244688532],[-3.8772127261958644,26.488343435639315],[-2.723516045736943,27.36994553621593],[-1.2654661922941841,27.708124454363492],[-0.267329299230596,27.86226597832914],[0.45467611542744635,28.03221031078417],[1.5706341140592883,28.029218980530104],[3.066438661741614,27.42732536475679],[4.123268182900631,26.334836727771666],[4.71526071224514,25.374112092670316],[5.020768109819414,25.222672830632813],[5.5540462270415105,24.680822991001275],[5.585446836157587,25.33178228908377],[4.918820636245584,26.059239157051145],[4.518965848934727,26.36040491639997],[5.26896564543631,26.621919608721623],[5.737305276651199,26.888977241424953],[6.019435500339284,27.098401580660674],[5.982452580149584,27.107339808766984],[5.543346335416004,26.915859192234695],[6.376822426884615,26.952505727266978],[5.757763712480852,25.83233028914055],[6.616618787772211,26.136637159173677],[6.668320810472494,25.70509415712639],[6.729033322182971,25.75859128847177],[6.7022493121499735,26.423179501686977],[12.718642066591087,26.508645311232627]]]}},{"type":"Feature","properties":{"window":"2007-2011","pathway_id":"2007-2011_P08","rank":8,"pathway_color":"#7f7f7f","associated_events":5,"data_start_km":109.85,"data_end_km":2100.67,"data_path_length_km":1990.81,"median_width20_km":104.55,"median_width50_km":184.5,"median_width90_km":300.08,"guide_rail_offset_km":100.0,"mean_bearing_deg":249.09429979685441,"direction":"W","directional_dominance":0.9333333333333332,"transition_probability":0.5533333333333333,"feature_type":"containment_envelope","containment_level":50,"fill_color":"#7f7f7f","fill_opacity":0.35,"draw_order":2,"outline":false},"geometry":{"type":"Polygon","coordinates":[[[12.21708857467172,26.510940749720287],[12.215734877221394,25.848043211188678],[12.031417427944945,24.699005620465204],[11.435979985411365,23.315078643555957],[11.0892605077386,22.73158476967435],[9.772218615887908,21.38453428198454],[9.175177284851799,21.023595258699498],[7.946046050797406,20.471990248101317],[6.831171448191128,20.384106964800136],[5.8872505815105,20.417920104521524],[5.036328312297684,20.53718687094107],[4.334641893985179,20.702493674507938],[3.0537661987174545,21.130537268165494],[1.7703552942279543,22.094148729784116],[1.089341511160825,23.283214490588858],[0.9972113073711171,23.960028332855806],[0.9672094350762563,24.914942510095898],[0.9991677843662217,25.358638763189855],[1.0920378367646322,25.59912697010851],[1.1203183981334632,25.875931982550174],[0.6359674628715482,26.085244518314266],[-0.11678337954481322,26.143006924292532],[-0.7060832963476003,26.1407094982735],[-0.9706484658223928,25.97211336531032],[-0.9803770988778524,25.640977292523782],[-0.8910450303608286,24.960350113985367],[-0.7484791025481172,24.60115643723855],[-0.7187473755609801,23.98409079496592],[-4.000947121186414,24.007662967511326],[-3.9327162676704006,24.72094517005649],[-3.6576298112451013,25.682753288315123],[-3.1594904538320634,26.28502635328338],[-2.2014188795006078,26.959628798809682],[-1.1104334429214475,27.278752956885928],[-0.22735285558593432,27.412584652210175],[0.4972278540601849,27.582661457325504],[1.4765916268841863,27.58588359006798],[2.633218248301546,27.033314403392165],[3.38183296844025,26.11056561849045],[3.7798615194631395,25.268697993539163],[3.9737943937017803,24.907092785621952],[4.358814391469934,24.32286668310021],[4.53029961272199,24.46297775404011],[4.388117214667631,24.69998856745607],[4.464350071480226,24.774030826295146],[5.198657771199379,24.895966577190592],[5.778894088089459,25.039301168336248],[6.257113691916004,25.17656845451496],[6.556119275858123,25.229084914988608],[6.562196449429678,25.320371502287955],[7.225746649964776,25.60736788151199],[6.784861647258225,25.260043413323256],[7.22441170008662,25.795416190776244],[7.15771587341672,25.621764144593485],[7.227122702262363,25.775155532761595],[7.203133408329961,26.43970493507904],[12.21708857467172,26.510940749720287]]]}},{"type":"Feature","properties":{"window":"2007-2011","pathway_id":"2007-2011_P08","rank":8,"pathway_color":"#7f7f7f","associated_events":5,"data_start_km":109.85,"data_end_km":2100.67,"data_path_length_km":1990.81,"median_width20_km":104.55,"median_width50_km":184.5,"median_width90_km":300.08,"guide_rail_offset_km":100.0,"mean_bearing_deg":249.09429979685441,"direction":"W","directional_dominance":0.9333333333333332,"transition_probability":0.5533333333333333,"feature_type":"containment_envelope","containment_level":20,"fill_color":"#7f7f7f","fill_opacity":0.68,"draw_order":3,"outline":false},"geometry":{"type":"Polygon","coordinates":[[[11.470970848709499,26.511185203949974],[11.469773534346757,25.847897376386143],[11.286851450849468,24.850907350981938],[10.736890988454803,23.74070696114798],[10.24840456446779,23.24187507164705],[9.196105709728812,22.36366630323009],[8.540657445959312,22.093105862105798],[7.61113198953521,21.64331964948563],[6.697340712219784,21.518251593415005],[5.861822404731356,21.477442821061473],[5.071136459319348,21.519269812411014],[4.362337368346317,21.609952487928933],[3.3418012968764685,21.91917055142107],[2.363772101918869,22.615143985266815],[1.7882277985201256,23.512892816614524],[1.6238302018498132,24.165530440190008],[1.5534210159564736,24.993228250984632],[1.4959285754518135,25.51933786572207],[1.4236658669698272,25.91200368324508],[1.2007974093294251,26.26636421067279],[0.6044320016608253,26.429887387526833],[-0.14039365205505305,26.417317983368573],[-0.785438850011019,26.366128990647393],[-1.2161986818232435,26.171403574110087],[-1.4483437994744293,25.78268438665607],[-1.5135344467894356,25.12829679359875],[-1.4832230950186158,24.63489764034571],[-1.4821662994086466,23.996027008733655],[-3.2373116222210854,24.00863334913462],[-3.196884355723455,24.699370239084587],[-3.0293255446608782,25.524128991603355],[-2.687487641521784,26.1489395484841],[-1.9524206067408159,26.762139002480446],[-1.0296823786459868,27.053579426900406],[-0.20318476905964644,27.138336632768773],[0.5295539308062587,27.238109579832848],[1.3944002318654327,27.19565397507175],[2.295281853840038,26.723175520286446],[2.880156522969685,25.95620339513324],[3.190980494912395,25.199203223899264],[3.3397005152212387,24.711526041297418],[3.6509928264842415,24.105300704406623],[3.9197206232859685,23.95088816139069],[4.087186429208003,23.91383819831415],[4.434199005081155,23.866979964103074],[5.160273951998704,23.914383634329656],[5.803152361245509,23.980213536709435],[6.395084532433373,24.04299637142583],[6.905564383253619,24.05967507314715],[7.224970982210181,24.257887051961927],[7.827534659043209,24.63440667505626],[7.6515454628649024,24.767777444957492],[7.9457190545640515,25.384960190921568],[7.9116651137645135,25.490057194929147],[7.972312764394417,25.79678839523893],[7.948479894229365,26.46113119173824],[11.470970848709499,26.511185203949974]]]}},{"type":"Feature","properties":{"window":"2007-2011","pathway_id":"2007-2011_P08","rank":8,"pathway_color":"#7f7f7f","associated_events":5,"data_start_km":109.85,"data_end_km":2100.67,"data_path_length_km":1990.81,"median_width20_km":104.55,"median_width50_km":184.5,"median_width90_km":300.08,"guide_rail_offset_km":100.0,"mean_bearing_deg":249.09429979685441,"direction":"W","directional_dominance":0.9333333333333332,"transition_probability":0.5533333333333333,"feature_type":"guide_rail","rail_side":"left","line_color":"#111111","line_width":1.6,"draw_order":4},"geometry":{"type":"LineString","coordinates":[[10.71233236360385,26.507546119106795],[10.71804352154328,25.843925282724168],[10.573277660084614,24.992787229695175],[10.176458434341157,24.07794601643863],[9.782100910015203,23.5214621475541],[8.989749288038439,22.711092757229206],[8.363215907119837,22.389275664821472],[7.513886246957327,21.980574807019998],[6.653977215715514,21.883710960676325],[5.853523994996465,21.826478052570998],[5.081798716026327,21.814672316048906],[4.369340754690057,21.836026855728814],[3.3948943145073827,22.063461586020743],[2.42521901458926,22.668728751270248],[1.7921505505659354,23.514170557577216],[1.5506089027013843,24.141685847317326],[1.3904617280124398,24.971706665913363],[1.2480064266157456,25.43939541721173],[1.1650959317684624,25.668254626688192],[1.1137257177573474,25.843841787962425],[0.6496772908161859,25.934623798552956],[-0.09413412613972127,25.8782059067443],[-0.6042387721829812,25.849923668864474],[-0.8388234418881098,25.864656226054684],[-1.12013200845945,25.68349184980322],[-1.3175961265027922,25.07577157379111],[-1.353034153852775,24.6291858756852],[-1.377036378476845,23.994615550346058]]}},{"type":"Feature","properties":{"window":"2007-2011","pathway_id":"2007-2011_P08","rank":8,"pathway_color":"#7f7f7f","associated_events":5,"data_start_km":109.85,"data_end_km":2100.67,"data_path_length_km":1990.81,"median_width20_km":104.55,"median_width50_km":184.5,"median_width90_km":300.08,"guide_rail_offset_km":100.0,"mean_bearing_deg":249.09429979685441,"direction":"W","directional_dominance":0.9333333333333332,"transition_probability":0.5533333333333333,"feature_type":"guide_rail","rail_side":"right","line_color":"#111111","line_width":1.6,"draw_order":4},"geometry":{"type":"LineString","coordinates":[[8.706610176105386,26.47904206828147],[8.72353940449986,25.814776195185374],[8.631025854580912,25.360625737175397],[8.517410644907784,25.055406867537027],[8.12662692761458,24.49431376632712],[8.039290921842394,24.28827795617958],[7.406940714291011,23.962843215543867],[7.005233095792136,23.72274011146291],[6.43923426338506,23.677645914427675],[5.811217816113384,23.631265020504028],[5.148943440640778,23.619074671719986],[4.4268032172761025,23.640970847901368],[4.032524133789167,23.769849333223505],[3.8570486612642583,23.897939002990007],[3.647033802070979,24.104072123794804],[3.4135871446959527,24.734486434428494],[3.3545401566976523,25.218747875070658],[3.130204747349211,26.033405223974437],[2.5584664855895483,26.964921819369632],[1.4833701175041085,27.617951800817615],[0.4830240241256831,27.73322533095738],[-0.2508323059660995,27.677291861837194],[-1.2150951081050891,27.569042269161976],[-2.3358177832290323,27.06574192032103],[-3.018296687427295,26.244515515554415],[-3.226726489348181,25.5743095771484],[-3.327218437125083,24.70345915518684],[-3.3424635744663362,24.008732104710077]]}},{"type":"Feature","properties":{"window":"2007-2011","pathway_id":"2007-2011_P09","rank":9,"pathway_color":"#bcbd22","associated_events":2,"data_start_km":299.93,"data_end_km":1783.87,"data_path_length_km":1483.94,"median_width20_km":189.77,"median_width50_km":214.77,"median_width90_km":264.77,"guide_rail_offset_km":100.0,"mean_bearing_deg":317.91848530730886,"direction":"NW","directional_dominance":0.7916666666666666,"transition_probability":0.5666666666666667,"feature_type":"containment_envelope","containment_level":90,"fill_color":"#bcbd22","fill_opacity":0.18,"draw_order":1,"outline":false},"geometry":{"type":"Polygon","coordinates":[[[64.77355742450726,30.092621743118542],[65.16696911023377,30.251093238736402],[65.10521938681464,30.197178304032825],[65.32915189437068,30.475576681243574],[65.25644659230349,30.185609960292904],[65.23912298052116,29.8101045332326],[65.11897059106713,28.849930158524693],[64.55104672388177,27.400031226136225],[63.73646234815803,26.402153083388804],[62.02986037589619,25.42020344216376],[60.799426033552265,25.15031432679326],[59.21057808256552,25.148769616903053],[57.98003595461233,25.4168528977201],[56.271572392602764,26.39369804582415],[55.45553638495028,27.388973730429303],[54.88325905545017,28.83622039726541],[54.76130449961232,29.795651608753676],[54.7426878159703,30.4645922967125],[54.72356096478899,31.133326012449512],[54.703892315033926,31.80243780292108],[54.683694870960494,32.47114513667764],[60.31620988444041,32.46804444062681],[60.296058604482056,31.80017499586971],[60.27645745727381,31.132552742529402],[60.257360211135136,30.46439619361685],[60.23876683660154,29.796293783921232],[60.28314486197036,29.42811807960315],[60.23504810577654,29.62782065278915],[60.3055576665445,29.558318004027935],[59.864958963387096,29.89102914357241],[60.07139188742312,29.86523565629137],[59.94336123238725,29.867268245269134],[60.14906813969648,29.895645717304642],[59.70434851172823,29.56789751464473],[59.771855951330764,29.63920881018429],[59.71847855022128,29.441455967117914],[59.76085870176203,29.81024744988167],[59.782484983612335,30.770585925143656],[59.99134911881927,31.792366461299856],[60.84835241187068,33.29163752217627],[61.93310380408448,34.154546873992764],[63.83433319684937,34.799182007127044],[64.77355742450726,30.092621743118542]]]}},{"type":"Feature","properties":{"window":"2007-2011","pathway_id":"2007-2011_P09","rank":9,"pathway_color":"#bcbd22","associated_events":2,"data_start_km":299.93,"data_end_km":1783.87,"data_path_length_km":1483.94,"median_width20_km":189.77,"median_width50_km":214.77,"median_width90_km":264.77,"guide_rail_offset_km":100.0,"mean_bearing_deg":317.91848530730886,"direction":"NW","directional_dominance":0.7916666666666666,"transition_probability":0.5666666666666667,"feature_type":"containment_envelope","containment_level":50,"fill_color":"#bcbd22","fill_opacity":0.35,"draw_order":2,"outline":false},"geometry":{"type":"Polygon","coordinates":[[[64.68828411103749,30.537369744762334],[64.87264109502956,30.622915941296643],[64.71489160998672,30.495087123211075],[64.8314705672575,30.60910823584243],[64.74251913426974,30.250605116668808],[64.72200577560093,29.819962355299744],[64.61185279337144,28.915287764948932],[64.10851189936355,27.6187995572945],[63.365867738525395,26.70630629466645],[61.85886513756577,25.844042563839242],[60.72191008283471,25.596090193778867],[59.28907425922486,25.594422636870522],[58.15190362822216,25.8404128128361],[56.642594348597754,26.6975034428362],[55.89823043535486,27.60750935416386],[55.39032799898263,28.901558701172952],[55.27834352712168,29.805564799397384],[55.26323819968866,30.474558410093813],[55.24771711813335,31.143372337659706],[55.23175749591093,31.812481189890462],[55.215367677084004,32.48124986032857],[59.784569625077694,32.47873406792847],[59.7682165020027,31.81064524681052],[59.75230897337025,31.142744933946346],[59.736811718089996,30.474399311533602],[59.72172180108174,29.806085845563178],[59.77073241965053,29.381771172825218],[59.77502910105059,29.42382958961783],[59.91437277848729,29.26477076625707],[59.68040866857183,29.469756213971905],[59.9870962092275,29.420240915877375],[60.027757865367704,29.42230681435446],[60.33372439783858,29.47441805253363],[60.09560598517294,29.274491523096856],[60.231968270836944,29.435391528389786],[60.230954176257825,29.395198771341352],[60.277977244086514,29.820078314727862],[60.302003217188,30.72520580335372],[60.50152682099457,31.677432305663785],[61.26236588237282,33.005480549579964],[62.25014553138308,33.78944914427408],[63.92672027331395,34.35515496314004],[64.68828411103749,30.537369744762334]]]}},{"type":"Feature","properties":{"window":"2007-2011","pathway_id":"2007-2011_P09","rank":9,"pathway_color":"#bcbd22","associated_events":2,"data_start_km":299.93,"data_end_km":1783.87,"data_path_length_km":1483.94,"median_width20_km":189.77,"median_width50_km":214.77,"median_width90_km":264.77,"guide_rail_offset_km":100.0,"mean_bearing_deg":317.91848530730886,"direction":"NW","directional_dominance":0.7916666666666666,"transition_probability":0.5666666666666667,"feature_type":"containment_envelope","containment_level":20,"fill_color":"#bcbd22","fill_opacity":0.68,"draw_order":3,"outline":false},"geometry":{"type":"Polygon","coordinates":[[[64.6454039631557,30.759718251097866],[64.72466980667707,30.808590024481646],[64.51885804493742,30.643617787265256],[64.58212498758402,30.675171473421234],[64.48530458748488,30.282347593330332],[64.4634115210265,29.824122023478],[64.3580548029791,28.947231234273225],[63.88657439443239,27.727631314875243],[63.179813284665244,26.857994669664045],[61.7728899250794,26.05587019987568],[60.682912666718465,25.818949041137476],[59.32852153734186,25.817225867351397],[58.23827838755926,26.052112937327436],[56.82884280502529,26.84903634320394],[56.120237076180956,27.7162402207351],[55.6441007083053,28.93349675456447],[55.53689890461936,29.809751518119093],[55.523550411017084,30.47876126695301],[55.50983351921181,31.147604775123586],[55.49572941179477,31.816701386452287],[55.48124471259689,32.48548974806203],[59.5187063268699,32.48326656311565],[59.50425432686421,31.815078984901003],[59.49019580937971,31.147050343454378],[59.476500304677586,30.478620677486564],[59.46316388770427,29.810211965477237],[59.51470463148155,29.357844670654437],[59.54571305462517,29.321233191589634],[59.71962008415227,29.117563609931977],[59.588687792914584,29.259020181634657],[59.94520458940559,29.19771525159715],[60.06965543176642,29.199791365076766],[60.42545827014658,29.26369130747694],[60.29037563491195,29.127335149159393],[60.46132179113556,29.332865702065526],[60.487013297707676,29.371312844843047],[60.53657206315751,29.8242244966253],[60.561577248758425,30.70173800459049],[60.75614584680355,31.619213990029415],[61.46838974393938,32.861905432362825],[62.407693543451984,33.60661015580489],[63.97259831759865,34.13311042229075],[64.6454039631557,30.759718251097866]]]}},{"type":"Feature","properties":{"window":"2007-2011","pathway_id":"2007-2011_P09","rank":9,"pathway_color":"#bcbd22","associated_events":2,"data_start_km":299.93,"data_end_km":1783.87,"data_path_length_km":1483.94,"median_width20_km":189.77,"median_width50_km":214.77,"median_width90_km":264.77,"guide_rail_offset_km":100.0,"mean_bearing_deg":317.91848530730886,"direction":"NW","directional_dominance":0.7916666666666666,"transition_probability":0.5666666666666667,"feature_type":"guide_rail","rail_side":"left","line_color":"#111111","line_width":1.6,"draw_order":4},"geometry":{"type":"LineString","coordinates":[[64.4900461015286,31.557994167339142],[64.18878680681439,31.47398049648028],[63.81007678625912,31.17459350840853],[63.684007683188156,30.908500109427106],[63.560350151447835,30.39216342112501],[63.53469122460393,29.834829570072067],[63.445429718911726,29.05787797679957],[63.08592322854054,28.115351056728276],[62.50749153639572,27.400509248988087],[61.46146930508081,26.815992677769103],[60.54152557482155,26.61903769025428],[59.471300370693314,26.617147076255197],[58.55093024221111,26.811844715987714],[57.501753166849085,27.391094820428087],[56.92107963882134,28.10368323370984],[56.556630705768214,29.044147370592093],[56.46548072479635,29.820552696241744],[56.458445125756384,30.48956362477888],[56.45121190753332,31.15845546262304],[56.44377400339482,31.827448896973653],[56.43613521455421,32.496247595895106]]}},{"type":"Feature","properties":{"window":"2007-2011","pathway_id":"2007-2011_P09","rank":9,"pathway_color":"#bcbd22","associated_events":2,"data_start_km":299.93,"data_end_km":1783.87,"data_path_length_km":1483.94,"median_width20_km":189.77,"median_width50_km":214.77,"median_width90_km":264.77,"guide_rail_offset_km":100.0,"mean_bearing_deg":317.91848530730886,"direction":"NW","directional_dominance":0.7916666666666666,"transition_probability":0.5666666666666667,"feature_type":"guide_rail","rail_side":"right","line_color":"#111111","line_width":1.6,"draw_order":4},"geometry":{"type":"LineString","coordinates":[[64.13565974589483,33.335615969485985],[62.968198137159305,32.948507744210204],[62.20286612617073,32.343672098806465],[61.66783372502289,31.406064736029105],[61.49260404686629,30.613208344827978],[61.46529381255607,29.834883584254825],[61.40545750471691,29.281393595622937],[61.28105266100772,28.961364287437494],[60.985112630850665,28.59647411725159],[60.75168104073151,28.506398737437344],[60.218496220588406,28.400585613050275],[59.79614380805373,28.398507708822567],[59.26229449499908,28.50176662290048],[59.02483731555026,28.586628245046025],[58.72606523908189,28.949567471254255],[58.59637109981284,29.267803226523604],[58.53457554035384,29.820795400351706],[58.541607643429955,30.489489526934875],[58.54882575294545,31.158163223818626],[58.55623480654759,31.826593744477314],[58.56385118339287,32.49507576469289]]}},{"type":"Feature","properties":{"window":"2007-2011","pathway_id":"2007-2011_P10","rank":10,"pathway_color":"#17becf","associated_events":3,"data_start_km":0.0,"data_end_km":1171.77,"data_path_length_km":1171.77,"median_width20_km":79.69,"median_width50_km":110.08,"median_width90_km":173.35,"guide_rail_offset_km":100.0,"mean_bearing_deg":334.450362428636,"direction":"NW","directional_dominance":0.75,"transition_probability":0.75,"feature_type":"containment_envelope","containment_level":90,"fill_color":"#17becf","fill_opacity":0.18,"draw_order":1,"outline":false},"geometry":{"type":"Polygon","coordinates":[[[-112.49632882718426,38.42823485463583],[-113.23788041221884,38.42286592597994],[-113.99164650899137,38.387087113860495],[-114.76555838171282,38.32704558968584],[-116.49486886133471,38.48049869760681],[-118.18834131311168,39.25169194715239],[-120.10960502783894,41.15357589017308],[-120.18113415400822,42.49931260209475],[-119.98775710786624,43.55738652144326],[-119.79307163180523,44.40038590741515],[-119.55955968268256,45.12958563078886],[-119.20232441608677,45.81122187156916],[-118.77343087112457,46.473220560873216],[-118.18046096924924,47.303226683560766],[-117.41547315571654,47.894788996024225],[-116.06387215489714,48.37656844051586],[-114.9540355479786,48.467119373350734],[-114.13654551372937,48.46824692954838],[-113.3147999225155,48.468516489935716],[-112.49838869029594,48.46840714462275],[-112.50106557615884,46.53142822822085],[-113.32133159878704,46.53142974110583],[-114.13645048730854,46.531604736760464],[-114.95567124238974,46.53352843818619],[-115.4727821997694,46.494185955345614],[-115.55902927924795,46.45374592086762],[-115.82990757738065,46.198764731734215],[-115.8264293214781,45.99754395202239],[-115.69464822753343,45.564101664695755],[-115.44039863757475,45.12967675180153],[-115.1664286929099,44.74020922851126],[-114.75082905355646,44.47020454485907],[-114.0612116674737,44.44611694854995],[-113.26178444856711,44.81930394079632],[-113.99524998032625,46.09654279903899],[-114.36024402952268,46.559947278816885],[-114.73154163699297,46.670224786085186],[-114.0061967009794,46.610375301846766],[-113.25786353039639,46.57431551536912],[-112.49556403601333,46.56886811592594],[-112.49632882718426,38.42823485463583]]]}},{"type":"Feature","properties":{"window":"2007-2011","pathway_id":"2007-2011_P10","rank":10,"pathway_color":"#17becf","associated_events":3,"data_start_km":0.0,"data_end_km":1171.77,"data_path_length_km":1171.77,"median_width20_km":79.69,"median_width50_km":110.08,"median_width90_km":173.35,"guide_rail_offset_km":100.0,"mean_bearing_deg":334.450362428636,"direction":"NW","directional_dominance":0.75,"transition_probability":0.75,"feature_type":"containment_envelope","containment_level":50,"fill_color":"#17becf","fill_opacity":0.35,"draw_order":2,"outline":false},"geometry":{"type":"Polygon","coordinates":[[[-112.4971867013484,38.94081617380829],[-113.23986913034857,39.00919084561883],[-113.99319932963891,39.0732312518242],[-114.76287934025042,39.10687944787257],[-116.2967862948084,39.32366787201039],[-117.768797050329,40.01410388510216],[-119.36001586520972,41.597534663411444],[-119.43261480134608,42.76231706624424],[-119.24231526315916,43.70391853453793],[-119.01126989649532,44.471326221652774],[-118.74856390985406,45.14133612562562],[-118.47328174700176,45.76884089769397],[-118.13782812953887,46.37766623222755],[-117.63172907941741,47.053668313712826],[-116.97113028724372,47.55961505908954],[-115.92192922173197,47.937045100237675],[-114.95442991794819,48.017459099223274],[-114.1365846371642,48.018595190732704],[-113.3164794481144,48.01888972040209],[-112.49920663366483,48.018818608769834],[-112.50063679223871,46.981134140287814],[-113.31997512238628,46.98117411893094],[-114.13653256000634,46.98137362815233],[-114.95530441655949,46.98330563927254],[-115.60716952178876,46.93436670707866],[-115.98543478575438,46.79432774794576],[-116.36171022591371,46.456834364176316],[-116.45349849464037,46.10577360202676],[-116.41863126491035,45.624072922285535],[-116.25139648345757,45.14139137247199],[-115.95583945723399,44.69578057787758],[-115.5161770804799,44.35353553970296],[-114.85319356304869,44.21960189252391],[-114.09512796143567,44.41799117472725],[-114.5057275738261,45.35007715946119],[-114.61015618501676,45.721581450957515],[-114.7352919636229,45.89142173244956],[-114.00535551896542,45.92513285355763],[-113.25703635103977,45.988762892760754],[-112.49662744167289,46.056969230620595],[-112.4971867013484,38.94081617380829]]]}},{"type":"Feature","properties":{"window":"2007-2011","pathway_id":"2007-2011_P10","rank":10,"pathway_color":"#17becf","associated_events":3,"data_start_km":0.0,"data_end_km":1171.77,"data_path_length_km":1171.77,"median_width20_km":79.69,"median_width50_km":110.08,"median_width90_km":173.35,"guide_rail_offset_km":100.0,"mean_bearing_deg":334.450362428636,"direction":"NW","directional_dominance":0.75,"transition_probability":0.75,"feature_type":"containment_envelope","containment_level":20,"fill_color":"#17becf","fill_opacity":0.68,"draw_order":3,"outline":false},"geometry":{"type":"Polygon","coordinates":[[[-112.49752918296186,39.16597190852391],[-113.2406122628202,39.23436176185483],[-113.99394491597991,39.41186251376686],[-114.76066390750442,39.73294934029451],[-116.07592851193026,40.23984774308482],[-117.20995676653733,41.001390878447005],[-118.34699923242583,42.18012739313116],[-118.59185151984761,43.049233026807045],[-118.65160839494621,43.816063069006695],[-118.58428711251898,44.50773515854289],[-118.4108155806589,45.14453249701344],[-118.15322961210306,45.74875273020421],[-117.8208639841081,46.328579124368055],[-117.35927853802335,46.92791344113126],[-116.75107216930006,47.3913873236958],[-115.85185789335414,47.717205654246584],[-114.95462384223195,47.792615700426815],[-114.13658998579618,47.79375606107972],[-113.31728124072667,47.79406302517386],[-112.49956994202073,47.794011055123825],[-112.5003797820243,47.205973770974666],[-113.31926156611468,47.20603295361811],[-114.13656030485701,47.20624476297098],[-114.95511799999909,47.20818092640968],[-115.67519183021345,47.15438445189229],[-116.20064548893998,46.964016744985955],[-116.62948469450895,46.584939701202636],[-116.76794004027988,46.15860655097968],[-116.73729531798327,45.64898497428999],[-116.58914537638786,45.144572800553725],[-116.38566132641176,44.66925745515777],[-116.1178630054704,44.257848587905585],[-115.72765557053555,43.960947069935905],[-115.18569978381254,43.87483432841867],[-115.14870021958399,44.377540715446166],[-114.8734909767766,44.809343267717566],[-114.73820480490703,45.26602641546588],[-114.00491268429688,45.586886459783614],[-113.25669066762724,45.76385695334976],[-112.49704581074339,45.83208445269017],[-112.49752918296186,39.16597190852391]]]}},{"type":"Feature","properties":{"window":"2007-2011","pathway_id":"2007-2011_P10","rank":10,"pathway_color":"#17becf","associated_events":3,"data_start_km":0.0,"data_end_km":1171.77,"data_path_length_km":1171.77,"median_width20_km":79.69,"median_width50_km":110.08,"median_width90_km":173.35,"guide_rail_offset_km":100.0,"mean_bearing_deg":334.450362428636,"direction":"NW","directional_dominance":0.75,"transition_probability":0.75,"feature_type":"guide_rail","rail_side":"left","line_color":"#111111","line_width":1.6,"draw_order":4},"geometry":{"type":"LineString","coordinates":[[-112.49983208881127,41.59984484164783],[-113.24770111760593,41.59981236230624],[-113.99841948102771,41.599932628776706],[-114.75369338082942,41.599865396841395],[-115.72560282603757,41.64263854368548],[-116.70149691135556,41.872288562930905],[-117.77028510984168,42.50304276682821],[-118.29682137958879,43.14780676525493],[-118.59781772386931,43.82610165135789],[-118.73723041810405,44.49488288579592],[-118.77143806074794,45.14108357289767],[-118.72415206327736,45.7839539032555],[-118.56105046331868,46.44171832290446],[-118.08380277504233,47.25962573228097],[-117.35634419267615,47.85053262387197],[-116.04388571971286,48.31514685401367],[-114.95409517759202,48.39977231627363],[-114.13655399550518,48.399357659831885],[-113.3150649465453,48.3993555561726],[-112.49852258508719,48.39922341586014]]}},{"type":"Feature","properties":{"window":"2007-2011","pathway_id":"2007-2011_P10","rank":10,"pathway_color":"#17becf","associated_events":3,"data_start_km":0.0,"data_end_km":1171.77,"data_path_length_km":1171.77,"median_width20_km":79.69,"median_width50_km":110.08,"median_width90_km":173.35,"guide_rail_offset_km":100.0,"mean_bearing_deg":334.450362428636,"direction":"NW","directional_dominance":0.75,"transition_probability":0.75,"feature_type":"guide_rail","rail_side":"right","line_color":"#111111","line_width":1.6,"draw_order":4},"geometry":{"type":"LineString","coordinates":[[-112.49977381997084,43.40001327296657],[-113.25216660304696,43.40012512024073],[-114.0016315599521,43.400340875746416],[-114.74640801311646,43.40030953052707],[-115.26126720245873,43.410031566217604],[-115.69991552055467,43.51413801995879],[-115.7889934661683,43.56542250424554],[-116.03078950832014,43.86916548223753],[-116.17244434995732,44.248994865179505],[-116.23180777454043,44.67894058067997],[-116.22852228801187,45.141139831732204],[-116.16920487314445,45.60394109344129],[-116.03544479517056,46.03404497416626],[-115.92286445614708,46.244226758854694],[-115.61515340821497,46.498908283281594],[-115.49143516552863,46.55572356063314],[-114.9556168028705,46.600897519900805],[-114.13646533563521,46.60051655113492],[-113.32112899685802,46.60061339271226],[-112.50100690664875,46.600634638881964]]}},{"type":"Feature","properties":{"window":"2012-2016","pathway_id":"2012-2016_P01","rank":1,"pathway_color":"#1f77b4","associated_events":11,"data_start_km":760.8,"data_end_km":3125.95,"data_path_length_km":2365.15,"median_width20_km":63.72,"median_width50_km":139.89,"median_width90_km":213.02,"guide_rail_offset_km":100.0,"mean_bearing_deg":128.0978485265832,"direction":"SE","directional_dominance":0.8280885780885782,"transition_probability":0.5371711621711621,"feature_type":"containment_envelope","containment_level":90,"fill_color":"#1f77b4","fill_opacity":0.18,"draw_order":1,"outline":false},"geometry":{"type":"Polygon","coordinates":[[[21.18592771193724,49.181837025611166],[19.718140459496766,49.63070270958547],[18.856370287292407,49.994417099891976],[20.746617726721354,49.9559925726693],[21.031691915038635,49.72354302413158],[21.046552800104593,49.1883144806026],[21.249998896045156,49.242888634420005],[21.139969570423546,48.58243482300212],[21.005391624417115,49.119829789176734],[19.75994419820836,49.67307943419217],[19.138118851203586,49.538559294963186],[20.1254106922961,49.71101780328524],[22.604724760672525,49.56158443118573],[23.611842606148144,49.426562399808894],[25.655627431791686,48.4583459724787],[26.313763288060784,47.95978105902965],[27.13471963271013,46.74528706099561],[27.38447338913292,45.213042230742175],[27.13205578624229,44.56460705234915],[26.415781283893523,43.3489526993117],[25.071453521717785,45.250613819749724],[25.160440970463043,45.23638884760176],[27.2110155847667,44.94122500360268],[28.01039954883109,44.59325568286828],[29.684538774432667,43.474438707588355],[30.619891308958472,43.03719314367142],[32.14812275623788,42.36659393056021],[33.01187045609399,40.207125341084286],[33.12642949332138,38.743833743950546],[33.057852053251,38.04004595750741],[33.601191624902924,39.21842601383477],[32.79457057704437,41.25198645482977],[30.638465448318016,42.37466820882871],[27.09346220447108,33.728314711741824],[23.85605895144795,35.536223348328065],[22.1055326664507,38.62434272569224],[22.368561506403722,41.16227007182187],[22.931164243556793,41.72824058724863],[23.585790063742223,41.589571975945006],[24.95968766567222,40.82024094614733],[25.743502654711335,41.43276782120944],[25.920600307765824,42.23356558033728],[26.172601051608694,41.87304064999076],[25.335778931141363,42.10831947545762],[25.572241046698593,41.9663710783652],[23.898215757374032,41.95588654742824],[22.10076053895139,44.878868138058735],[22.125260052422192,44.86663342229285],[22.029983624813497,45.5359912122512],[21.778218302717306,45.25160341392878],[21.794908309166857,45.23506411409865],[21.17000375971395,45.734177917938595],[21.741263248987195,45.67086369435626],[20.872254665297476,45.9537940759851],[21.363690460525618,46.16257470737088],[20.428630919890225,46.024422421094386],[18.01995952543632,46.02827407253097],[15.341980117789547,47.24239681168295],[14.30165479371695,48.949566328250704],[14.353475945467181,49.611488258214486],[15.179874958130767,50.92523166212222],[16.16478035181595,51.58707294487958],[17.742482257681473,52.41339159232425],[21.544665410410005,52.218765851903534],[22.343547647029652,51.77217952111899],[22.77499685258286,51.71542378578591],[21.18592771193724,49.181837025611166]]]}},{"type":"Feature","properties":{"window":"2012-2016","pathway_id":"2012-2016_P01","rank":1,"pathway_color":"#1f77b4","associated_events":11,"data_start_km":760.8,"data_end_km":3125.95,"data_path_length_km":2365.15,"median_width20_km":63.72,"median_width50_km":139.89,"median_width90_km":213.02,"guide_rail_offset_km":100.0,"mean_bearing_deg":128.0978485265832,"direction":"SE","directional_dominance":0.8280885780885782,"transition_probability":0.5371711621711621,"feature_type":"containment_envelope","containment_level":50,"fill_color":"#1f77b4","fill_opacity":0.35,"draw_order":2,"outline":false},"geometry":{"type":"Polygon","coordinates":[[[21.54057011937121,49.771776391927006],[20.293950806607512,50.12145266240257],[19.443001045058054,50.5024207863117],[20.107009397215393,50.50816363326523],[20.058692593141387,50.124301886115596],[19.966067066203777,49.54007993397232],[19.95049736571491,49.343600411830664],[19.736240625644484,48.69088503648744],[19.731933701015294,48.732393288826415],[19.379175121892416,48.91747119616753],[19.39214912796473,48.88762949520379],[20.355267490566575,49.091736747985564],[22.28048367413743,48.92412673844087],[23.250430614850416,48.74325318263483],[24.804273625896315,47.97535108065045],[25.484595272529276,47.493063750771135],[26.205943974755428,46.509903848173565],[26.535254450655486,45.281526157395156],[26.417998274235458,44.621618361617436],[25.863703007670182,43.55872561416618],[24.908686554169265,44.8157582363781],[25.219590770576957,44.78843410389294],[26.93134648847476,44.53795784839654],[27.726931252213546,44.19200312514224],[29.116929549579424,43.29888010322469],[29.64651444424024,42.741142613372624],[30.50740836082494,42.06254634431741],[30.919117951551215,40.59101179567608],[30.94071047856761,39.48959157589742],[30.766446591305566,38.825941125131706],[31.033937313928533,39.19552050131281],[30.714146509873018,40.07495933052752],[29.79671194079836,40.53671783453287],[27.77701244645138,35.59078424219816],[25.678529836850913,36.84722604646804],[24.637788524411462,38.864591852806214],[24.833472480806165,40.56154577094808],[25.27763651139162,41.14964175497911],[25.74961751522403,41.34985671152729],[26.53852043223256,41.208264609858674],[26.676705999642678,41.76369381123623],[26.468640395135935,42.42566692665862],[26.434619465742315,42.278470930596214],[25.59328281999302,42.515750982556746],[25.518374600285227,42.41472341481922],[24.046141352054406,42.392367244560056],[22.678574078744305,44.68826852112003],[22.845779465054108,44.837140503490346],[22.887423726187166,45.50158384403013],[22.66631154383373,45.52252996025246],[22.55855428891462,45.72766396500522],[21.95374706451713,46.24307572246237],[22.063985703794145,46.35880895318335],[21.163047779417866,46.595064205750504],[21.159739091463706,46.78432360394949],[20.20277505595891,46.67817952289766],[18.363578154588765,46.78794756477498],[16.546141740441954,47.675706091338014],[15.721590272732811,48.90650653076368],[15.668679657015417,49.5725379200916],[16.325116475614465,50.618588712158214],[17.200471744300245,51.219263231095056],[18.43745220175012,51.87479070678884],[20.914738545073362,51.720820570044815],[21.727304012369643,51.29117820497444],[22.391421222602645,51.12920769668477],[21.54057011937121,49.771776391927006]]]}},{"type":"Feature","properties":{"window":"2012-2016","pathway_id":"2012-2016_P01","rank":1,"pathway_color":"#1f77b4","associated_events":11,"data_start_km":760.8,"data_end_km":3125.95,"data_path_length_km":2365.15,"median_width20_km":63.72,"median_width50_km":139.89,"median_width90_km":213.02,"guide_rail_offset_km":100.0,"mean_bearing_deg":128.0978485265832,"direction":"SE","directional_dominance":0.8280885780885782,"transition_probability":0.5371711621711621,"feature_type":"containment_envelope","containment_level":20,"fill_color":"#1f77b4","fill_opacity":0.68,"draw_order":3,"outline":false},"geometry":{"type":"Polygon","coordinates":[[[21.735790668859238,50.09036191863131],[20.706885484069943,50.465921972230554],[19.880270333094387,50.87266793869834],[19.695645898231817,50.85473913022543],[19.4937541927612,50.350318904812845],[19.28264752607552,49.75491269062537],[19.04665032405441,49.40502206488329],[18.76999611556832,48.7555303139936],[18.907594085912393,48.471132997434324],[19.12418164360514,48.3986478070498],[19.589624137676083,48.36835076973281],[20.55638965401144,48.535721013695714],[21.99604179816987,48.35102725745243],[22.942128710307003,48.144848335058676],[24.019152630870593,47.51623275293459],[24.61560027304654,46.98837730152351],[25.12670063016779,46.224194683669765],[25.425734020301235,45.36114232398135],[25.321971142678137,44.7000618539206],[24.89937451394684,43.91507347298282],[24.646668525684873,44.10105662456758],[25.30021104841424,44.16640835707442],[26.648164354678045,44.12293432043744],[27.53266450378348,43.91325901730116],[28.790092031979498,43.1959604837211],[29.131726594378335,42.57979055785547],[29.446229970044584,41.850779588154175],[29.187036559632332,40.874954276723955],[28.823963019606992,40.155019840523195],[28.414611923215176,39.56436648615097],[28.41688344046659,39.10753389543641],[28.639717774443085,38.81263140768464],[28.96639825766431,38.59930207364794],[28.534426672289698,37.539503019074864],[27.637332692807433,38.169433585504294],[27.239629280255343,39.046593732264675],[27.25988963883927,39.902385095954365],[27.462179423169516,40.554443558244785],[27.509114499590623,41.1213455428852],[27.578542751056005,41.448688387833876],[27.17804966123674,41.93670812880373],[26.78726289638854,42.53552839083214],[26.61840160696275,42.55925696447503],[25.861413886425254,42.93360208664643],[25.44230211649125,43.037091660236875],[24.29361637107536,43.10866154271223],[23.66913082623708,44.351448393551685],[23.947518138567602,44.782998134718305],[24.00298550661782,45.446983011753694],[23.71898478226268,45.83142871721794],[23.388520859260666,46.24775626538032],[22.702798294195475,46.716003346899676],[22.35265273689768,46.95956670023031],[21.42976278644673,47.17018435037162],[20.972491246760114,47.341661312182666],[20.018536848660062,47.19878677306277],[18.604389477331125,47.308322982865754],[17.346084597438164,47.953097987935394],[16.694086200522122,48.86704164652038],[16.5791121912535,49.53697570903931],[17.03364986149043,50.421234467440655],[17.78666036868958,51.00440514240387],[18.86748492612935,51.53278985169494],[20.46182186394236,51.3542076301897],[21.300132283320266,50.95014066466595],[22.187848859916983,50.811696888456666],[21.735790668859238,50.09036191863131]]]}},{"type":"Feature","properties":{"window":"2012-2016","pathway_id":"2012-2016_P01","rank":1,"pathway_color":"#1f77b4","associated_events":11,"data_start_km":760.8,"data_end_km":3125.95,"data_path_length_km":2365.15,"median_width20_km":63.72,"median_width50_km":139.89,"median_width90_km":213.02,"guide_rail_offset_km":100.0,"mean_bearing_deg":128.0978485265832,"direction":"SE","directional_dominance":0.8280885780885782,"transition_probability":0.5371711621711621,"feature_type":"guide_rail","rail_side":"left","line_color":"#111111","line_width":1.6,"draw_order":4},"geometry":{"type":"LineString","coordinates":[[21.44605519151588,49.615973464018914],[20.1461773462392,49.99667467179089],[19.319222644546898,50.39631816529202],[20.142233726799248,50.47817893162828],[19.845741978206973,50.21006678473179],[19.42524444083938,49.71057145912647],[19.187223271578006,49.39593220634542],[19.08805729738347,48.735148086106705],[19.336713719445328,48.60817350203704],[19.275912126130947,48.70861949990765],[19.480821795963323,48.65591571954558],[20.45640650306018,48.81380913833591],[22.126600841531,48.615713018133235],[23.07475918681888,48.404055959637326],[24.35106977526712,47.711956042074604],[24.990701484276485,47.20820513106149],[25.626560392439217,46.35816687380204],[25.985664990833925,45.32235579585361],[25.89143995038944,44.660671700608596],[25.399628275343815,43.731801932495976],[24.783261781509793,44.47592095262648],[25.257450621537146,44.497988459361316],[26.794647444576015,44.3384632479275],[27.622568438245395,44.04264066745519],[28.90573141103684,43.23252844968495],[29.263087200693803,42.62128033161395],[29.666118289862595,41.89564500697264],[29.511901523100107,40.82400358303112],[29.23749776283134,40.02932214528777],[28.922473471184787,39.41063251914462],[28.978723657820126,39.131937286347465],[29.02891817804675,39.05644646376891],[29.102341193612375,38.92534125599829]]}},{"type":"Feature","properties":{"window":"2012-2016","pathway_id":"2012-2016_P01","rank":1,"pathway_color":"#1f77b4","associated_events":11,"data_start_km":760.8,"data_end_km":3125.95,"data_path_length_km":2365.15,"median_width20_km":63.72,"median_width50_km":139.89,"median_width90_km":213.02,"guide_rail_offset_km":100.0,"mean_bearing_deg":128.0978485265832,"direction":"SE","directional_dominance":0.8280885780885782,"transition_probability":0.5371711621711621,"feature_type":"guide_rail","rail_side":"right","line_color":"#111111","line_width":1.6,"draw_order":4},"geometry":{"type":"LineString","coordinates":[[22.491878755936938,51.28424591517748],[21.88312386105639,51.41401645992609],[21.045483286171986,51.82530505158495],[18.400026514884303,51.90423594445202],[17.42271491631456,51.138378641381614],[16.886807332062148,50.462621699810185],[16.43774798970088,49.542959877676026],[16.374407541240686,48.880911045514345],[16.927614553684805,47.80901695744608],[18.460027828301236,46.99754487083163],[20.121018533947534,46.91058742742791],[21.06664131845841,47.0630173776385],[21.305944657779406,46.90473019013803],[22.226902129144804,46.699534633469],[22.382962372313102,46.51565552001813],[23.0264359674498,46.02279137725422],[23.228620289201757,45.689171527121324],[23.440669808600262,45.47589775474837],[23.37571647000027,44.812465044079545],[23.158208084478076,44.52677811881],[24.163127713347166,42.733128636614765],[25.483041086849028,42.705359290500176],[25.721768171131686,42.71678867109081],[26.532915500735356,42.42901493182083],[26.674272772062352,42.496721929184716],[27.049598881975697,41.892694582447014],[27.36179784727605,41.399566739885174],[27.181247438988805,41.166231181358555],[27.04198465906572,40.673249044361704],[26.744511133065487,40.04813920484455],[26.679292132459267,39.01291387730461],[27.25825872105827,37.920378600775585],[28.404126836332807,37.21258876982622]]}},{"type":"Feature","properties":{"window":"2012-2016","pathway_id":"2012-2016_P02","rank":2,"pathway_color":"#ff7f0e","associated_events":10,"data_start_km":1553.19,"data_end_km":2850.81,"data_path_length_km":1297.62,"median_width20_km":84.52,"median_width50_km":154.53,"median_width90_km":236.43,"guide_rail_offset_km":100.0,"mean_bearing_deg":197.72413986775555,"direction":"S","directional_dominance":0.8333333333333334,"transition_probability":0.4126984126984127,"feature_type":"containment_envelope","containment_level":90,"fill_color":"#ff7f0e","fill_opacity":0.18,"draw_order":1,"outline":false},"geometry":{"type":"Polygon","coordinates":[[[25.372128530050787,-14.421267905452222],[25.46989377789373,-15.13381896451261],[25.509770801112893,-15.771020751526592],[25.556278381855947,-16.940049577657348],[25.317140234649003,-18.231861620524715],[25.120898329060395,-18.824114722211466],[24.638137314193273,-19.784554794728294],[24.343234742611656,-20.35113483081026],[23.88292209476745,-20.96547329089708],[23.475657852760122,-21.452071041628788],[23.745481495457994,-21.28823934709692],[23.57762083650843,-21.886679152105646],[23.745002677783674,-20.974835695906837],[24.125490781875612,-21.50374476772518],[23.51951500065556,-20.641178272292873],[24.15293371161036,-20.863165833528452],[24.715280274300028,-21.183124385587824],[23.953311185907666,-21.04195187785489],[24.561524353669654,-21.438162422943805],[24.581107527620276,-21.701956276979512],[25.21168652649851,-25.876319194476146],[23.883725030272103,-26.2167901772474],[23.16072634218449,-26.451672431998674],[21.121559889331877,-25.913074487205236],[20.594930059351384,-25.52546847460794],[20.149476910227634,-25.03866382154388],[19.038614772361,-23.069421352760948],[19.010884843728093,-22.43320232576658],[19.091469036366504,-20.36100074576604],[19.3700810120595,-19.801757482859244],[20.15102581657149,-18.523174691441845],[20.63016896945598,-18.10714899269278],[21.03931813811846,-17.80658195182966],[21.556192617379253,-17.415596531067877],[21.7909669480932,-17.36172637376429],[22.130401262293702,-16.833644331236318],[22.027414924067813,-16.91801105825575],[21.95249172922425,-16.87004606487533],[21.601866679767852,-16.328964921449803],[21.269273407853234,-15.876736097617007],[25.372128530050787,-14.421267905452222]]]}},{"type":"Feature","properties":{"window":"2012-2016","pathway_id":"2012-2016_P02","rank":2,"pathway_color":"#ff7f0e","associated_events":10,"data_start_km":1553.19,"data_end_km":2850.81,"data_path_length_km":1297.62,"median_width20_km":84.52,"median_width50_km":154.53,"median_width90_km":236.43,"guide_rail_offset_km":100.0,"mean_bearing_deg":197.72413986775555,"direction":"S","directional_dominance":0.8333333333333334,"transition_probability":0.4126984126984127,"feature_type":"containment_envelope","containment_level":50,"fill_color":"#ff7f0e","fill_opacity":0.35,"draw_order":2,"outline":false},"geometry":{"type":"Polygon","coordinates":[[[24.428551473056302,-14.765410538612938],[24.62674415369011,-15.402035241151534],[24.76716055721201,-16.006817308413805],[24.84108204340498,-16.940613284768304],[24.677225758238052,-17.95677193919211],[24.454571107504194,-18.537731700605285],[24.033624481570996,-19.328386159824046],[23.71707316217993,-19.878487533602087],[23.28644631660478,-20.45198293976171],[22.89550654578639,-20.951777934005204],[23.041013838737655,-21.05716905308741],[22.909742291432025,-21.667762845667898],[23.079444701565876,-21.189089663805532],[23.38918195462591,-21.741354624134964],[23.003244517894814,-21.337944116687556],[23.562495088007864,-21.664470074125582],[24.077748662461374,-22.05209710169263],[23.810140846913782,-22.05792769480449],[24.44131562920569,-22.314008129466135],[24.68755490984202,-22.4217986713532],[25.100583532409416,-25.157025781818135],[24.01208273981706,-25.341918347070735],[23.315432032145424,-25.437083278940015],[21.79660554094022,-25.056345311222664],[21.22001761400847,-24.735741432183126],[20.6946666538868,-24.351785778006725],[19.788393259682522,-22.84986475724507],[19.68759633079293,-22.23414868748189],[19.74870365383677,-20.592554112864807],[20.063994746450476,-20.04559387574263],[20.7154145191696,-19.030708747645352],[21.211175821382,-18.627913468440074],[21.651197489466853,-18.287081046872284],[22.148147914480916,-17.87882178798056],[22.448771467510625,-17.6567363856219],[22.76266356109545,-17.116632739289805],[22.742477117404178,-16.927505691143104],[22.701934287842334,-16.644955645636433],[22.453152707310892,-16.07374131930596],[22.22353714689055,-15.547784690073405],[24.428551473056302,-14.765410538612938]]]}},{"type":"Feature","properties":{"window":"2012-2016","pathway_id":"2012-2016_P02","rank":2,"pathway_color":"#ff7f0e","associated_events":10,"data_start_km":1553.19,"data_end_km":2850.81,"data_path_length_km":1297.62,"median_width20_km":84.52,"median_width50_km":154.53,"median_width90_km":236.43,"guide_rail_offset_km":100.0,"mean_bearing_deg":197.72413986775555,"direction":"S","directional_dominance":0.8333333333333334,"transition_probability":0.4126984126984127,"feature_type":"containment_envelope","containment_level":20,"fill_color":"#ff7f0e","fill_opacity":0.68,"draw_order":3,"outline":false},"geometry":{"type":"Polygon","coordinates":[[[24.000208900993442,-14.919800847782815],[24.225211927268333,-15.52827205182289],[24.38067703490441,-16.128216351624488],[24.40293326490874,-16.939695299698577],[24.22463185023929,-17.760468119568284],[23.929458248708357,-18.309818777704944],[23.494091893254307,-18.917690380863906],[23.113857133471356,-19.41883734090327],[22.74480606018716,-19.9814631365994],[22.461219715448294,-20.574212356612332],[22.629464969923504,-20.92069680094896],[22.592508551909532,-21.5627633597889],[22.80966577210907,-21.275082367712276],[23.11954756008791,-21.827443567049325],[22.78574966135554,-21.629028537614243],[23.230261992564067,-22.11062687722061],[23.635839943163717,-22.647025157875035],[23.7003573067245,-22.825478610522946],[24.34193944235679,-23.02893555890945],[24.7851225055868,-23.076366254303856],[25.00046851879921,-24.502758829161216],[24.115396823613054,-24.627461925104402],[23.430388405138785,-24.67015479407487],[22.254555759015886,-24.466651711412332],[21.565374913545156,-24.293969012700433],[20.921052541209463,-24.06374085666261],[20.06180169141726,-22.768832186289018],[19.960841892582323,-22.152878847767713],[20.062165731967582,-20.70203018986369],[20.47122599263443,-20.18728711079931],[21.1421615911226,-19.411737237956835],[21.744661146623997,-19.102267300736752],[22.246857475497393,-18.75088436718274],[22.681562613550625,-18.292954838329255],[22.970140274790737,-17.888438332262442],[23.21214335910247,-17.316150360774696],[23.18057738253094,-16.93206035113559],[23.09053652332952,-16.52687575801195],[22.8569527822537,-15.951124846514464],[22.654604841100024,-15.397266822334005],[24.000208900993442,-14.919800847782815]]]}},{"type":"Feature","properties":{"window":"2012-2016","pathway_id":"2012-2016_P02","rank":2,"pathway_color":"#ff7f0e","associated_events":10,"data_start_km":1553.19,"data_end_km":2850.81,"data_path_length_km":1297.62,"median_width20_km":84.52,"median_width50_km":154.53,"median_width90_km":236.43,"guide_rail_offset_km":100.0,"mean_bearing_deg":197.72413986775555,"direction":"S","directional_dominance":0.8333333333333334,"transition_probability":0.4126984126984127,"feature_type":"guide_rail","rail_side":"left","line_color":"#111111","line_width":1.6,"draw_order":4},"geometry":{"type":"LineString","coordinates":[[24.20041640690846,-14.84778210619056],[24.429233742971945,-15.464251116588834],[24.626143255558475,-16.051217429047057],[24.73050822850405,-16.940472168022065],[24.575953968466848,-17.912972082430716],[24.309462824507875,-18.47494607852583],[23.826780155059936,-19.171329275945],[23.419774348303605,-19.652472229418926],[22.944086114440438,-20.15504125173248],[22.50016026301202,-20.608172879622884],[22.450870020919467,-20.86113482172396],[22.22961917708841,-21.44185211080998],[22.305275831540115,-21.434533181530472],[22.51468282883104,-22.01875892770929],[22.42259268210543,-22.111790521893443],[22.96420718306925,-22.465430058247172],[23.508299037066024,-22.817589010459464],[23.69637690692926,-22.853119101902085],[24.355355451638758,-22.932904207229083],[24.758073311849103,-22.895405672442816]]}},{"type":"Feature","properties":{"window":"2012-2016","pathway_id":"2012-2016_P02","rank":2,"pathway_color":"#ff7f0e","associated_events":10,"data_start_km":1553.19,"data_end_km":2850.81,"data_path_length_km":1297.62,"median_width20_km":84.52,"median_width50_km":154.53,"median_width90_km":236.43,"guide_rail_offset_km":100.0,"mean_bearing_deg":197.72413986775555,"direction":"S","directional_dominance":0.8333333333333334,"transition_probability":0.4126984126984127,"feature_type":"guide_rail","rail_side":"right","line_color":"#111111","line_width":1.6,"draw_order":4},"geometry":{"type":"LineString","coordinates":[[22.453288269798122,-15.467709630587395],[22.65190785548978,-16.013512571223465],[22.843838362824187,-16.60194478373049],[22.853036274949034,-16.928745608190273],[22.8630725612353,-17.16132304337813],[22.592582043148127,-17.72083536083883],[22.35207531714343,-18.0375175665616],[21.944005285932178,-18.51556488188035],[21.547723159868184,-18.92758811924569],[21.103746751442827,-19.37753527809892],[20.64837387685438,-20.248598705402866],[20.421761240385905,-20.826850363516552],[20.47008973486018,-22.000045086618638],[20.67288614628086,-22.5858480275413],[21.294795649710863,-23.584597592416138],[21.83870584836589,-23.941596369893244],[22.385245022234898,-24.297115117150366],[23.434498344878676,-24.64252989465188],[24.10159344707975,-24.723446932822476],[25.028061578560255,-24.683655212900284]]}},{"type":"Feature","properties":{"window":"2012-2016","pathway_id":"2012-2016_P03","rank":3,"pathway_color":"#2ca02c","associated_events":8,"data_start_km":0.0,"data_end_km":1906.31,"data_path_length_km":1906.31,"median_width20_km":65.51,"median_width50_km":126.14,"median_width90_km":297.65,"guide_rail_offset_km":100.0,"mean_bearing_deg":97.6889740272161,"direction":"E","directional_dominance":0.8452380952380951,"transition_probability":0.6190476190476192,"feature_type":"containment_envelope","containment_level":90,"fill_color":"#2ca02c","fill_opacity":0.18,"draw_order":1,"outline":false},"geometry":{"type":"Polygon","coordinates":[[[54.63108488461947,52.604143758943174],[54.69226024444981,51.94614678680328],[54.84440365406098,51.45072336947446],[55.056670626487914,51.067696770053345],[55.37219435556983,50.43801506671704],[55.51574108383835,50.11858339272673],[55.52427818069441,49.84042619453256],[54.870916543627914,49.90527486278498],[54.2745755430322,49.74018272302408],[56.43545903715807,49.70673098003181],[57.537270887737066,49.448184267960016],[59.80219722152677,48.58030500808819],[60.974636018514076,48.26707338849709],[63.030916186368955,46.973924471278494],[64.54846773364193,46.43362861995943],[65.44877086751063,44.93440492775741],[65.48336660084954,44.365416417904065],[64.85184363138865,43.735676330526026],[64.10823664020745,44.084304050931024],[63.655473711527065,44.02734913111549],[64.00124913738011,43.41766786720552],[64.49950315400196,42.70839934800379],[64.83643879789733,41.794228113958816],[64.7419949150775,41.07056989769343],[64.48033001316338,40.33036921370054],[64.34067481128872,39.35731817369442],[64.29556365644777,38.03568088829807],[57.52676829919065,38.259996087383534],[57.29107533240452,38.22679982447258],[56.78992067524047,38.51193732480894],[56.0566712390015,38.99620180907768],[55.46279523105065,39.501633506949084],[55.234948151474896,39.82911078090956],[55.06141498044673,40.35202571879017],[54.66608731937771,40.93942044762909],[53.58005727659341,42.059723620810395],[52.29043638974443,43.59042372069751],[51.63247592553938,44.206718189814644],[51.64405816791498,44.96324667234273],[52.58830568843874,44.8807528035499],[53.694179548999216,45.761295568208126],[54.979016001000076,45.75586294534305],[55.08062869318391,46.59473595681985],[55.6216585083738,46.367181058135195],[54.89428036638219,46.612584245665964],[55.03907244104349,46.40491912067604],[52.70380152640516,46.608730092865066],[50.77680786694509,47.58075185870914],[49.78958056166459,48.42127936189206],[49.09854428378378,49.29566785028949],[48.851198594857976,49.93633375640252],[48.63755522798945,50.845882808602745],[48.500309260247946,51.65751247965977],[48.39663433097655,52.31286734694146],[54.63108488461947,52.604143758943174]]]}},{"type":"Feature","properties":{"window":"2012-2016","pathway_id":"2012-2016_P03","rank":3,"pathway_color":"#2ca02c","associated_events":8,"data_start_km":0.0,"data_end_km":1906.31,"data_path_length_km":1906.31,"median_width20_km":65.51,"median_width50_km":126.14,"median_width90_km":297.65,"guide_rail_offset_km":100.0,"mean_bearing_deg":97.6889740272161,"direction":"E","directional_dominance":0.8452380952380951,"transition_probability":0.6190476190476192,"feature_type":"containment_envelope","containment_level":50,"fill_color":"#2ca02c","fill_opacity":0.35,"draw_order":2,"outline":false},"geometry":{"type":"Polygon","coordinates":[[[53.354166119691286,52.56978172841316],[53.49865415974827,51.91459557043838],[53.72212467345494,51.36539209304807],[53.932626274655235,50.88962015767981],[54.1294907041617,50.24130916769499],[54.22674240900153,49.76970311196961],[54.3832447833166,49.33210827156331],[54.364604112637124,49.17507399673918],[54.43455698863167,49.07821663996402],[56.14650366091351,49.15586840225378],[57.19851647883206,48.93188516155272],[58.97005631971382,48.25483958258757],[59.709182419203216,47.782036891550185],[60.590480628583265,46.73483950274841],[60.86750495149653,46.09771992158994],[60.945887789911154,45.12851344999961],[60.866469770131346,44.50201927337913],[60.738049706973555,43.84367951792407],[60.6200463298826,43.539161810024126],[60.447793024895134,43.045733965322626],[60.45934670082386,42.32732980369403],[60.61884750408143,41.631311173463054],[60.83419260787332,40.9356974010056],[60.99735316878801,40.27932067584047],[61.1938359607239,39.63393050895483],[61.40631622598477,38.94859941864255],[61.542127953849416,38.17929806667432],[60.290757905370526,38.22079148299058],[60.16844859420456,38.749948761811126],[59.97386390439493,39.34518099772071],[59.66673428413384,39.961119494440005],[59.30232763626509,40.56047460159708],[58.91141633265863,41.099750393515066],[58.39420513955605,41.61792544052771],[57.66818133999459,42.0892938227813],[56.91326483937365,42.825238984983045],[56.39071117634464,43.79332231496088],[56.23263436210493,44.44881335306267],[56.15000040492265,45.13855451760075],[56.129390266625876,45.48147438024123],[56.05578827728834,46.14532306122968],[56.15356158394437,46.29167944650762],[55.86248896782084,46.94746518729285],[55.92865713341314,46.888155519421765],[55.1563605713622,47.166647670774694],[54.894934914440114,47.06801455114329],[53.163248151786036,47.345916254541415],[51.8436525147456,48.122548963321215],[51.012846303718135,48.81656160931661],[50.29600724401192,49.54299390872728],[49.933074290592,50.160155143852066],[49.736658205815615,50.97689748044952],[49.68201538525594,51.73663092665464],[49.66062371191509,52.39716190418732],[53.354166119691286,52.56978172841316]]]}},{"type":"Feature","properties":{"window":"2012-2016","pathway_id":"2012-2016_P03","rank":3,"pathway_color":"#2ca02c","associated_events":8,"data_start_km":0.0,"data_end_km":1906.31,"data_path_length_km":1906.31,"median_width20_km":65.51,"median_width50_km":126.14,"median_width90_km":297.65,"guide_rail_offset_km":100.0,"mean_bearing_deg":97.6889740272161,"direction":"E","directional_dominance":0.8452380952380951,"transition_probability":0.6190476190476192,"feature_type":"containment_envelope","containment_level":20,"fill_color":"#2ca02c","fill_opacity":0.68,"draw_order":3,"outline":false},"geometry":{"type":"Polygon","coordinates":[[[52.496980252749125,52.53944309401513],[52.49566443417129,51.87923188459237],[52.52583535757705,51.26287338960225],[52.64078079638222,50.6705502722604],[52.927876995181805,50.03746145376163],[53.36146565873281,49.524954848153484],[53.85675947036046,49.090361246163454],[54.1583295342152,48.87081817890214],[54.518873220124135,48.72192881328547],[55.91628206981878,48.70759951990579],[56.842616797945766,48.37663704105949],[58.141139029812166,47.92049815199117],[58.99630178343318,47.49855781275335],[60.011935853236594,46.67022892598965],[60.461285788441444,46.05308634304175],[60.602486460289526,45.13595951540878],[60.50770816852042,44.50470270837856],[60.312330226576165,43.84620927306552],[60.143151754276744,43.4552029005418],[60.025523361577086,42.90690887897577],[60.14720606312201,42.223669581881666],[60.341101019573586,41.54729799169653],[60.5515325211108,40.86843976923619],[60.716822224153816,40.213878471569245],[60.9156407403361,39.56954746205839],[61.12434856522114,38.904731018266936],[61.25786122643035,38.19002525309362],[60.57528730372519,38.21265862435884],[60.44914099288641,38.79637329593521],[60.250196253810316,39.41204371257255],[59.945113869572026,40.029330166080946],[59.582303402160164,40.63102600416225],[59.18526304340412,41.18744842735917],[58.70032852151394,41.72662260544378],[58.07934264830348,42.237183723458735],[57.38038324648511,42.923044253299445],[56.81577866261728,43.80570375222292],[56.59079099047065,44.45972503229725],[56.49351390117806,45.14456306379111],[56.52749148379738,45.54140074801472],[56.62356327102944,46.22967822311666],[56.835303531676374,46.59253088992605],[56.661665326789574,47.297920404972736],[56.264799703709315,47.44631228808212],[55.37336112163939,47.61649123536264],[54.81588616257122,47.42467800103183],[53.357948651482985,47.651897038632676],[52.350837077860064,48.37299899617932],[51.85451480967134,49.077955359648755],[51.47451420411193,49.772657837487905],[51.198822797021506,50.40749416406628],[50.91931732472898,51.10624466648631],[50.67935995816467,51.79452786978025],[50.512830768338006,52.44670119100244],[52.496980252749125,52.53944309401513]]]}},{"type":"Feature","properties":{"window":"2012-2016","pathway_id":"2012-2016_P03","rank":3,"pathway_color":"#2ca02c","associated_events":8,"data_start_km":0.0,"data_end_km":1906.31,"data_path_length_km":1906.31,"median_width20_km":65.51,"median_width50_km":126.14,"median_width90_km":297.65,"guide_rail_offset_km":100.0,"mean_bearing_deg":97.6889740272161,"direction":"E","directional_dominance":0.8452380952380951,"transition_probability":0.6190476190476192,"feature_type":"guide_rail","rail_side":"left","line_color":"#111111","line_width":1.6,"draw_order":4},"geometry":{"type":"LineString","coordinates":[[52.97028705502521,52.55691841918458],[53.03236654558799,51.89916209429732],[53.13604831213016,51.31666364587152],[53.278770601735175,50.780681586112884],[53.543969169608715,50.143668031887515],[53.86486786882409,49.66838774664801],[54.21225584057291,49.254100045077514],[54.30272143140411,49.08421341624742],[54.46216457557475,48.96212753307112],[56.073598128244925,49.014822011636525],[57.07491604550438,48.74055858187591],[58.53642064237749,48.08120960468176],[59.038312126738816,47.515471318513015],[59.594073682556115,46.62165498029155],[59.75393946595466,45.97173456726422],[59.81977563519138,45.14905010311855],[59.80584528053947,44.50665184794812],[59.80675568848463,43.84711016787453],[59.94941070252705,43.420436440194976],[60.157360166424354,42.95049656734728],[60.522403716557506,42.34811862115565],[60.87073493968066,41.7066866514889],[61.196121818541116,41.02052065895989],[61.45280579313899,40.38371308073944],[61.6959437802729,39.74796389119345],[61.91477055754925,39.025655299775956],[62.05357489941139,38.15806925080936]]}},{"type":"Feature","properties":{"window":"2012-2016","pathway_id":"2012-2016_P03","rank":3,"pathway_color":"#2ca02c","associated_events":8,"data_start_km":0.0,"data_end_km":1906.31,"data_path_length_km":1906.31,"median_width20_km":65.51,"median_width50_km":126.14,"median_width90_km":297.65,"guide_rail_offset_km":100.0,"mean_bearing_deg":97.6889740272161,"direction":"E","directional_dominance":0.8452380952380951,"transition_probability":0.6190476190476192,"feature_type":"guide_rail","rail_side":"right","line_color":"#111111","line_width":1.6,"draw_order":4},"geometry":{"type":"LineString","coordinates":[[50.04190383259811,52.42004985867553],[50.14518171940574,51.76452587299945],[50.31461738257693,51.0416065271353],[50.570688418729446,50.286690791465226],[50.86769763304315,49.65609110207461],[51.36280207113066,48.92628187169273],[52.00731403423947,48.20386157122662],[53.22118690988458,47.43736463168926],[54.86929360753052,47.18424386384961],[55.22427201645024,47.308288874650195],[56.043772040020855,47.0807313561226],[56.27798140430181,47.130926388672954],[56.79471460358829,46.574824608720284],[57.03557120842029,46.28897906293563],[57.224270596649006,45.642646910820524],[57.27641578869367,45.15437620079302],[57.29176321239362,44.47777957119713],[57.32076234769306,43.8183092062761],[57.57096076054742,42.96228997204007],[57.950558769090094,42.19110500940776],[58.33261770455994,41.59590633581749],[58.6643502597089,41.01981865630659],[58.94558312724686,40.4692885164869],[59.217190079133616,39.84912261066435],[59.4778694788217,39.22300871477267],[59.66417922045784,38.664503121667884],[59.778448979213636,38.23350527616234]]}},{"type":"Feature","properties":{"window":"2012-2016","pathway_id":"2012-2016_P04","rank":4,"pathway_color":"#d62728","associated_events":6,"data_start_km":529.2,"data_end_km":1674.99,"data_path_length_km":1145.79,"median_width20_km":49.97,"median_width50_km":99.84,"median_width90_km":269.17,"guide_rail_offset_km":100.0,"mean_bearing_deg":117.10330749931857,"direction":"SE","directional_dominance":0.9333333333333332,"transition_probability":0.6055555555555555,"feature_type":"containment_envelope","containment_level":90,"fill_color":"#d62728","fill_opacity":0.18,"draw_order":1,"outline":false},"geometry":{"type":"Polygon","coordinates":[[[95.0540431656047,51.05466029355898],[94.89871982750554,51.67022305847802],[94.79547329318405,51.09629805168959],[94.8031861188166,50.4784512689766],[94.98551472666355,49.94904406870844],[95.21798204130187,49.112360747214346],[95.30606810007919,49.07143920213359],[95.69437567385052,48.58135628377858],[94.93515540000578,49.30747494184431],[95.75418389633319,49.123399998910514],[96.5117393289566,48.88500632704684],[95.74288797418296,49.22932043605906],[98.0231035999322,48.46304340784937],[99.44162317627973,46.96029604485815],[99.9083840269738,45.5961184493589],[100.24938259750218,44.211756873668534],[101.059355113773,43.46331546274706],[101.66772737283395,42.09436299358006],[102.21758137227391,41.29321231697371],[102.63017307557186,41.083348076338545],[87.6871242005987,44.25708982916246],[88.47705154738213,45.16885677155916],[89.6715291150307,45.485933898953874],[90.9515638189659,45.24189754612585],[92.18164697518205,45.63325836173463],[92.70730598740386,45.353885381098266],[92.99628179537734,45.065710732920465],[93.67503651871993,44.518121691912484],[94.47711854601141,44.25449575143025],[92.278113421017,44.78405646217652],[91.72424146366541,45.17212413642965],[91.20969538308924,45.60825848745315],[89.79027472764903,47.266793386424354],[89.65966657475678,47.81245234500977],[89.51737553844549,48.844118334466685],[89.63597467604575,49.09530903454108],[89.41759097145427,49.61809452934432],[89.01267211436851,50.040185529477036],[88.45005314957888,50.491232326969964],[87.99925487766114,52.13441637125562],[95.0540431656047,51.05466029355898]]]}},{"type":"Feature","properties":{"window":"2012-2016","pathway_id":"2012-2016_P04","rank":4,"pathway_color":"#d62728","associated_events":6,"data_start_km":529.2,"data_end_km":1674.99,"data_path_length_km":1145.79,"median_width20_km":49.97,"median_width50_km":99.84,"median_width90_km":269.17,"guide_rail_offset_km":100.0,"mean_bearing_deg":117.10330749931857,"direction":"SE","directional_dominance":0.9333333333333332,"transition_probability":0.6055555555555555,"feature_type":"containment_envelope","containment_level":50,"fill_color":"#d62728","fill_opacity":0.35,"draw_order":2,"outline":false},"geometry":{"type":"Polygon","coordinates":[[[93.236530908507,51.37770120651912],[92.98341558269152,51.36195045499297],[92.87276827056343,50.781205676738885],[92.86089492138387,50.199817447980536],[93.02747797903476,49.66816777949332],[93.14251826849778,49.04741436223691],[93.43949948571913,48.69241143810676],[94.00510543507954,48.24280470386835],[93.94049436711515,48.38132174459746],[94.64794731883342,48.110298879067834],[95.1921210294617,47.69010891868298],[95.28359215164181,47.531314504562474],[96.29421632627395,46.98368073384252],[96.82014983556769,46.25057191032747],[97.13156460534174,45.55857874572016],[97.55873256347326,44.76012680992315],[98.1444797145416,44.08472318941626],[98.52207252424449,43.15352357834647],[98.73166964828943,42.495382784684004],[98.87096767425112,42.114458307250125],[91.75198850448828,43.63081294447276],[92.31538136453872,44.31052095760865],[93.09510267695691,44.69140339828161],[93.9968258945292,44.81551858327087],[94.96337557863046,45.21783680536542],[95.46925236807158,45.50262647521213],[95.51058010595852,45.86529364192754],[95.25380565269217,46.03799318539302],[94.88393367139554,45.95662760239074],[93.46309166596393,46.01232771817978],[92.7156915790477,46.21288580097099],[92.1060783093834,46.55742286536568],[91.41906892559354,47.66671895615657],[91.46514705272119,48.25195837213638],[91.57872917545234,48.97380186457475],[91.55128665655081,49.4324834652519],[91.3161255515152,49.95293382614603],[90.87912834525935,50.41692431952716],[90.29860545665429,50.87080423606837],[89.88081574334592,51.89161833687306],[93.236530908507,51.37770120651912]]]}},{"type":"Feature","properties":{"window":"2012-2016","pathway_id":"2012-2016_P04","rank":4,"pathway_color":"#d62728","associated_events":6,"data_start_km":529.2,"data_end_km":1674.99,"data_path_length_km":1145.79,"median_width20_km":49.97,"median_width50_km":99.84,"median_width90_km":269.17,"guide_rail_offset_km":100.0,"mean_bearing_deg":117.10330749931857,"direction":"SE","directional_dominance":0.9333333333333332,"transition_probability":0.6055555555555555,"feature_type":"containment_envelope","containment_level":20,"fill_color":"#d62728","fill_opacity":0.68,"draw_order":3,"outline":false},"geometry":{"type":"Polygon","coordinates":[[[92.39136724988674,51.51709256403482],[92.36435082337402,51.25489026390372],[92.45816271655735,50.708634181729316],[92.52066837268018,50.14738459579629],[92.6907489394211,49.61623505533],[92.76925124323031,49.03177578674064],[92.93886925597684,48.58462381148315],[93.37884897564896,48.10979210585772],[93.4657234220424,47.92401677329932],[94.10172369844929,47.59083836115939],[94.67260384700029,47.19974494118162],[95.16149151463361,47.06012003553117],[96.00679250757202,46.72671516304414],[96.52075017737593,46.16432748711155],[96.71940864009639,45.54704816907551],[96.95404243063416,44.87293076549797],[97.26081041355712,44.255282949595134],[97.48621173613213,43.47463562985513],[97.61727421029275,42.84658833221044],[97.71342512269871,42.398967807470044],[92.9595444825448,43.412028183436284],[93.48765409167271,44.01540581648284],[94.17606116332968,44.41300987485842],[94.89837862156537,44.67160689751325],[95.57562706897914,45.11604275229232],[95.88078341647997,45.51881989481437],[95.80673235009925,45.95425635269416],[95.53398216437557,46.296913057921664],[95.00114794895103,46.42820656647522],[93.9601902347921,46.508245208918005],[93.2345043412219,46.73894795786583],[92.55707715524136,47.02029133878987],[92.03483617554815,47.810362406952116],[91.9593563347762,48.36609493966097],[91.95116155383027,48.993264842910996],[91.88554000714043,49.487674683546224],[91.65366290667407,50.00881697682775],[91.28875255477499,50.494948014249445],[90.90778193161873,50.98840924912968],[90.74019268244604,51.76999909808812],[92.39136724988674,51.51709256403482]]]}},{"type":"Feature","properties":{"window":"2012-2016","pathway_id":"2012-2016_P04","rank":4,"pathway_color":"#d62728","associated_events":6,"data_start_km":529.2,"data_end_km":1674.99,"data_path_length_km":1145.79,"median_width20_km":49.97,"median_width50_km":99.84,"median_width90_km":269.17,"guide_rail_offset_km":100.0,"mean_bearing_deg":117.10330749931857,"direction":"SE","directional_dominance":0.9333333333333332,"transition_probability":0.6055555555555555,"feature_type":"guide_rail","rail_side":"left","line_color":"#111111","line_width":1.6,"draw_order":4},"geometry":{"type":"LineString","coordinates":[[92.96379444390851,51.42342644236071],[93.01207292494342,51.366817822848176],[93.23628933472361,50.84347504759316],[93.44807656714602,50.28775247889329],[93.6353613845319,49.75920771942578],[93.72514903293762,49.06940918236008],[93.73742277325096,48.75531469775451],[93.98272200114286,48.23812117820638],[93.76531124884468,48.213750853671556],[94.42734818814864,47.902070521986914],[95.08139039381695,47.586558296128445],[95.30946918633862,47.63008303594793],[96.56808099336229,47.22553597490335],[97.36068787886023,46.40354967649696],[97.57904615158373,45.569351672696804],[97.49159490727527,44.77283794476624],[97.29866412290835,44.24814390826087],[96.99664581305143,43.621765631829994],[96.71682614232378,43.11904159930406],[96.52645137015679,42.67506673641416]]}},{"type":"Feature","properties":{"window":"2012-2016","pathway_id":"2012-2016_P04","rank":4,"pathway_color":"#d62728","associated_events":6,"data_start_km":529.2,"data_end_km":1674.99,"data_path_length_km":1145.79,"median_width20_km":49.97,"median_width50_km":99.84,"median_width90_km":269.17,"guide_rail_offset_km":100.0,"mean_bearing_deg":117.10330749931857,"direction":"SE","directional_dominance":0.9333333333333332,"transition_probability":0.6055555555555555,"feature_type":"guide_rail","rail_side":"right","line_color":"#111111","line_width":1.6,"draw_order":4},"geometry":{"type":"LineString","coordinates":[[90.1592056056815,51.8529635580789],[90.27054630607722,50.86529881811264],[90.52208779978912,50.347560127331136],[90.73710736976864,49.85452206123894],[90.9515266663318,49.33074866393688],[90.9984426418049,48.94106268386751],[91.17307385948322,48.18326931601189],[91.44096451353488,47.67189700784426],[92.2706743227784,46.727471632859675],[92.9227795419377,46.424368367795005],[93.5675211849948,46.1174393466248],[94.85961114740348,45.85773676274718],[94.99177078067436,45.79294766528584],[94.98068249904634,45.70340734136912],[95.02291447478228,45.48331815889677],[95.03158295852472,45.20668352355491],[94.85996125825324,44.677906410510026],[94.67926030264113,44.27878169213455],[94.41636266548494,43.77030222887862],[94.17697766549816,43.17588688597715]]}},{"type":"Feature","properties":{"window":"2012-2016","pathway_id":"2012-2016_P05","rank":5,"pathway_color":"#9467bd","associated_events":6,"data_start_km":56.42,"data_end_km":1628.99,"data_path_length_km":1572.56,"median_width20_km":40.25,"median_width50_km":65.25,"median_width90_km":115.25,"guide_rail_offset_km":100.0,"mean_bearing_deg":143.60563161533608,"direction":"SE","directional_dominance":0.7833333333333333,"transition_probability":0.8666666666666668,"feature_type":"containment_envelope","containment_level":90,"fill_color":"#9467bd","fill_opacity":0.18,"draw_order":1,"outline":false},"geometry":{"type":"Polygon","coordinates":[[[48.126230775660304,36.851465022544375],[48.941900960349244,36.85579443686193],[49.78316515277845,36.86956534377253],[50.27259004847696,36.992504214381256],[52.08748068369414,36.439163457128664],[52.667351555219284,35.94080884944469],[53.20279768984591,35.42275616420529],[53.66943874764809,35.07388883195509],[53.95442851120089,34.826116307627906],[54.25447979961638,34.69551498340524],[55.64553464688635,34.339301179301806],[56.3357302504422,34.10691248770891],[57.10028325428226,33.833730729579045],[57.938255507301136,33.51404848635814],[58.63953207943297,33.183038479877396],[59.40419096765433,32.75503097107934],[59.98499154985012,32.43604386147606],[60.72043207877806,32.16097475953379],[61.25054197201496,32.3633356725749],[61.67476171793351,32.59425401344946],[62.497268524462356,32.78519741910551],[63.09222765533741,32.91922419180802],[63.01782441246519,28.476994265973328],[62.057873659977844,28.64194631804735],[61.31896939552226,28.95354550835942],[60.24229043939252,29.52601603443725],[59.34253236483755,30.2587270108741],[58.736497881617396,30.69515049338791],[58.03745405786802,31.167654986261745],[57.49345939628847,31.504565606149498],[56.812999057364664,31.847216138306393],[56.20079778507164,32.09863545984449],[55.48787014836526,32.35263551437836],[54.68675634566492,32.62488134240204],[54.604106121449774,32.82522677369858],[53.35148888990918,32.9951970571199],[52.30967996430351,33.50421462803836],[51.496651525511396,33.98215000463038],[50.858033543648475,34.403508656974246],[50.24285518411767,34.83350318396587],[50.681902650857126,34.84023101926615],[49.782657834833515,34.735991877355424],[48.9666938485164,34.74391751223117],[48.1258635144884,34.744650236287],[48.126230775660304,36.851465022544375]]]}},{"type":"Feature","properties":{"window":"2012-2016","pathway_id":"2012-2016_P05","rank":5,"pathway_color":"#9467bd","associated_events":6,"data_start_km":56.42,"data_end_km":1628.99,"data_path_length_km":1572.56,"median_width20_km":40.25,"median_width50_km":65.25,"median_width90_km":115.25,"guide_rail_offset_km":100.0,"mean_bearing_deg":143.60563161533608,"direction":"SE","directional_dominance":0.7833333333333333,"transition_probability":0.8666666666666668,"feature_type":"containment_envelope","containment_level":50,"fill_color":"#9467bd","fill_opacity":0.35,"draw_order":2,"outline":false},"geometry":{"type":"Polygon","coordinates":[[[48.12681225093817,36.402038307377566],[48.947889471690786,36.40617928245747],[49.78359792716128,36.41974025725168],[50.35948861041891,36.54794035130702],[51.70443576053921,36.11286594966155],[52.280693500541986,35.619035101057975],[52.8163501132492,35.1026425269662],[53.348118734447525,34.70932602416195],[53.809143614252605,34.391826225403996],[54.339263895024885,34.250369918744056],[55.41385700078422,33.931804533088446],[56.130776564567554,33.68979579852903],[56.88286799992815,33.42126192497366],[57.67007203344886,33.12352607483076],[58.36927983616573,32.794055924543585],[59.08696369586835,32.393110891146385],[59.70528410249841,32.05319004215789],[60.41355298732776,31.745871650298195],[60.97519751750684,31.608507780011106],[61.56448954076927,31.50984827801459],[62.35129643292109,31.469069697584903],[63.064290963874186,31.46179277426106],[63.03878778863151,29.935174746604808],[62.19134405048891,29.959314808688536],[61.42083312829271,30.038787527449042],[60.50436391428434,30.283052766010947],[59.63929560519463,30.676814048873023],[59.00775398487036,31.080431801058293],[58.34602807044595,31.53246239854081],[57.755896064181,31.8956159826043],[57.07349755361264,32.2397146693919],[56.41176581350018,32.512391449872226],[55.686714634518125,32.770878984205645],[54.91169915513865,33.03376298272367],[54.5223725721097,33.270692900850285],[53.492462242139254,33.43003839443976],[52.62229260200098,33.87134779568173],[51.873187343466014,34.30618163186558],[51.23384282127631,34.72946080368728],[50.61449934010494,35.16400181181952],[50.599565004885676,35.28526636539484],[49.78329635162453,35.18594274866187],[48.96211234329806,35.19366698325488],[48.12659186780226,35.19420053100789],[48.12681225093817,36.402038307377566]]]}},{"type":"Feature","properties":{"window":"2012-2016","pathway_id":"2012-2016_P05","rank":5,"pathway_color":"#9467bd","associated_events":6,"data_start_km":56.42,"data_end_km":1628.99,"data_path_length_km":1572.56,"median_width20_km":40.25,"median_width50_km":65.25,"median_width90_km":115.25,"guide_rail_offset_km":100.0,"mean_bearing_deg":143.60563161533608,"direction":"SE","directional_dominance":0.7833333333333333,"transition_probability":0.8666666666666668,"feature_type":"containment_envelope","containment_level":20,"fill_color":"#9467bd","fill_opacity":0.68,"draw_order":3,"outline":false},"geometry":{"type":"Polygon","coordinates":[[[48.12696634811246,36.17731218973894],[48.95073692459698,36.181357876682604],[49.78370415887679,36.194814949210546],[50.40247436373156,36.32561093823637],[51.514043685865374,35.94929844942845],[52.08847871832012,35.45771684537372],[52.62422163770606,34.94215069850198],[53.18847813102789,34.526742992336],[53.737021872317655,34.17461483068652],[54.38128664389069,34.027758848227876],[55.29883161980899,33.727888966113326],[56.02903818604409,33.48110140031778],[56.77493909769467,33.21487217440542],[57.53689041681798,32.92803071726964],[58.23506646656321,32.59932302330825],[58.92933861045998,32.21182037251409],[59.5663545161417,31.861497483588053],[60.27364198428782,31.555002124416852],[60.89765842054521,31.393255524725554],[61.542139232393225,31.285399301693214],[62.32704680222935,31.244836787978983],[63.060293560679725,31.236668648151895],[63.04231606870627,30.160349334294892],[62.21462633260822,30.183643793577566],[61.44233551439905,30.26332088674055],[60.57988718286708,30.498640559830648],[59.77646307409728,30.86849282006975],[59.144252527762774,31.272822609541514],[58.501253490869175,31.714553577889102],[57.8879763618952,32.0909132321633],[57.204606462600566,32.4357429924211],[56.51798250697294,32.71912304210029],[55.78683059381717,32.979872623331204],[55.02493593949711,33.23804636590718],[54.48115991498719,33.49338924106393],[53.563434871823034,33.64739671682455],[52.779564553980634,34.05463000813024],[52.062500750201764,34.467786138264785],[51.422805236343095,34.892031605142314],[50.801389948663484,35.328859477316975],[50.557968148508564,35.50773937209063],[49.78351098770247,35.41090574432048],[48.959682792208014,35.41852829603898],[48.12682614887899,35.418963303430004],[48.12696634811246,36.17731218973894]]]}},{"type":"Feature","properties":{"window":"2012-2016","pathway_id":"2012-2016_P05","rank":5,"pathway_color":"#9467bd","associated_events":6,"data_start_km":56.42,"data_end_km":1628.99,"data_path_length_km":1572.56,"median_width20_km":40.25,"median_width50_km":65.25,"median_width90_km":115.25,"guide_rail_offset_km":100.0,"mean_bearing_deg":143.60563161533608,"direction":"SE","directional_dominance":0.7833333333333333,"transition_probability":0.8666666666666668,"feature_type":"guide_rail","rail_side":"left","line_color":"#111111","line_width":1.6,"draw_order":4},"geometry":{"type":"LineString","coordinates":[[48.126471916426055,36.69706037758371],[48.944030826349234,36.69924888008407],[49.78336031783789,36.70258247136215],[50.309183900862195,36.806086410266694],[51.91683143569398,36.294253412335706],[52.522686064783926,35.82084599724884],[53.11119550797957,35.34720296910346],[53.62261600679142,35.021008350104424],[53.93887476623209,34.779831242938386],[54.26300306536177,34.6510051430013],[55.62226816962749,34.298571808609246],[56.31514524054529,34.06521732765227],[57.07844722776366,33.79250269589807],[57.90360964997922,33.46383349137709],[58.5983633776799,33.124052637139854],[59.345555193691894,32.68842895526618],[59.91025569457972,32.33415022096991],[60.583029646880135,31.975717235573203],[61.047171034565,31.807249506480712],[61.58076026826751,31.67224313646288],[62.36676715852451,31.611277675175806],[63.066769396425286,31.599061842760367]]}},{"type":"Feature","properties":{"window":"2012-2016","pathway_id":"2012-2016_P05","rank":5,"pathway_color":"#9467bd","associated_events":6,"data_start_km":56.42,"data_end_km":1628.99,"data_path_length_km":1572.56,"median_width20_km":40.25,"median_width50_km":65.25,"median_width90_km":115.25,"guide_rail_offset_km":100.0,"mean_bearing_deg":143.60563161533608,"direction":"SE","directional_dominance":0.7833333333333333,"transition_probability":0.8666666666666668,"feature_type":"guide_rail","rail_side":"right","line_color":"#111111","line_width":1.6,"draw_order":4},"geometry":{"type":"LineString","coordinates":[[48.12615257114513,34.89910489665891],[48.96514034458602,34.900518081955475],[49.78292723288658,34.903029287749455],[50.64751107208144,35.026876472004865],[50.407712415645335,34.98054762108516],[50.997972305683106,34.525292068792346],[51.585395824226566,34.05883293032498],[52.35490991668672,33.557565303363916],[53.36645515364975,33.04155723204479],[54.59597377656749,32.86977775439767],[54.709159807539834,32.66578818967633],[55.50767230506702,32.3944750632111],[56.22180764923013,32.140028436414035],[56.84639140652024,31.89775346578943],[57.533137410666,31.563945856338652],[58.09410964679782,31.23491774786338],[58.80851526419454,30.797824976140063],[59.474716120764754,30.44552393852926],[60.434947552266465,30.083885404283734],[61.40536649034286,29.876312656728675],[62.17666190404975,29.81702851808372],[63.03667512099395,29.797866340377524]]}},{"type":"Feature","properties":{"window":"2012-2016","pathway_id":"2012-2016_P06","rank":6,"pathway_color":"#8c564b","associated_events":5,"data_start_km":367.81,"data_end_km":2552.3,"data_path_length_km":2184.49,"median_width20_km":130.46,"median_width50_km":232.04,"median_width90_km":547.92,"guide_rail_offset_km":100.0,"mean_bearing_deg":194.47921338061388,"direction":"S","directional_dominance":0.7999999999999999,"transition_probability":0.6404761904761904,"feature_type":"containment_envelope","containment_level":90,"fill_color":"#8c564b","fill_opacity":0.18,"draw_order":1,"outline":false},"geometry":{"type":"Polygon","coordinates":[[[9.038057447661998,24.730393283819396],[8.354334762616531,24.51673658232336],[7.624745027165403,24.395003571095398],[11.166868292226582,30.160936857950947],[10.779827884274823,29.467876838275647],[9.932815112186972,30.449269075554845],[10.0932383280242,29.787921269461723],[10.617634177475963,29.27834453143172],[6.795411395912964,31.884848959405367],[7.587569536636323,31.947350797763598],[8.276347289737146,31.505354299094446],[8.848030363123883,30.540119414920117],[7.117048255353467,29.46013705307932],[8.155764832105234,28.99536108189444],[9.170068065502903,29.07656539720652],[12.293332314742997,29.171107557393334],[14.825524263753493,26.98937532954646],[15.038897354900854,24.209861832904892],[14.513588385607733,22.585549651692098],[15.45617093599921,23.475058463692385],[15.82932262694996,22.696449358940164],[16.11383147419903,21.93942581446921],[16.163056738767324,25.23819546304348],[16.18718282275111,24.534864133835033],[15.7467577653413,23.65077429944405],[13.727467597978034,24.50674324948313],[13.742081678182643,23.36969162439502],[13.799154778989731,22.289327067026427],[13.335686716603703,21.588223289912534],[13.938105983756003,21.05353257876691],[14.622911261328198,20.919816464594046],[14.167651265937764,18.775040901820017],[13.491097233986665,18.899817536715606],[12.732997062864143,18.616888561683336],[11.087299650241135,18.502904446340384],[10.020683944074932,18.14599180713537],[8.92010407057748,17.72332280122817],[6.0174321736622005,19.387316496332556],[5.029979796395537,19.642382658430904],[4.474100327018618,20.107085511989105],[3.861990068764129,24.594619153350532],[4.490590193624541,25.154581162136083],[5.213622424444708,25.696386001260795],[6.840533745121377,27.764310782899102],[7.0993276616500225,27.26339295969398],[7.540623633788073,25.75887115337337],[9.114357711450907,24.502052015880647],[10.76900795504136,24.43982730937215],[10.385870409288714,24.086820327946644],[10.038855529480486,23.11440065523878],[7.0859895202142695,21.670649922433313],[6.2387659697819515,20.93120763194657],[5.491432641628734,20.709252630871276],[4.832007063035405,20.985672729462838],[0.4376268254708293,24.53676086730179],[0.26871778513196887,25.20157530012874],[-0.24361983763097328,25.68915109281834],[-1.5181501688618937,27.85140934500971],[-2.1123211216906554,28.41126065051102],[1.2226634616589536,35.44945962923934],[1.826446374025835,35.907097510765304],[2.497183273733526,36.270106869422676],[9.038057447661998,24.730393283819396]]]}},{"type":"Feature","properties":{"window":"2012-2016","pathway_id":"2012-2016_P06","rank":6,"pathway_color":"#8c564b","associated_events":5,"data_start_km":367.81,"data_end_km":2552.3,"data_path_length_km":2184.49,"median_width20_km":130.46,"median_width50_km":232.04,"median_width90_km":547.92,"guide_rail_offset_km":100.0,"mean_bearing_deg":194.47921338061388,"direction":"S","directional_dominance":0.7999999999999999,"transition_probability":0.6404761904761904,"feature_type":"containment_envelope","containment_level":50,"fill_color":"#8c564b","fill_opacity":0.35,"draw_order":2,"outline":false},"geometry":{"type":"Polygon","coordinates":[[[7.178567513624699,28.349486307396624],[6.543776107827796,28.0031738193645],[5.965408052035485,27.557526557695514],[7.831998560731904,29.841795849687276],[8.155290526846727,29.214779648233232],[7.876554066544799,29.574520422630282],[7.923663311180576,28.86119702222374],[7.995913254035571,28.15927639236344],[6.22202633071015,28.84370694096161],[6.932680094890088,28.605465301468644],[7.624354583828108,28.28368169655302],[8.311251748989207,27.955426708026174],[7.878382938238701,27.885539532303092],[8.635123235155277,27.981143610609468],[9.569640041649507,27.957028996763857],[11.19330027746605,27.606284391712414],[11.954089037284518,26.55181818218312],[12.038546147728482,25.434518690966357],[11.914108808475817,24.43714423208527],[12.203108665370678,24.269075726549957],[12.38815840012532,23.547888609255253],[12.676199916265944,22.80152833837125],[13.220943582275396,24.072592574185624],[13.828769719191882,23.6016652572685],[13.794327922193418,22.86869400243865],[12.587415598257877,22.973591181136104],[12.656657184226106,21.897259094186307],[12.918100562133475,21.087752254802194],[13.167787274139243,20.774603029110725],[13.844893263573766,20.61074690965915],[14.527652969430306,20.477533308057435],[14.260270518352172,19.21771982150728],[13.581794188464158,19.3429713168924],[12.895390989319452,19.4312946357465],[11.936251935165927,19.71610392385517],[11.049115468069772,19.638572741333437],[9.977139749188893,19.28511584473024],[7.87423401972984,20.271380551469566],[7.255557598611688,20.714577231987438],[7.2479612065447725,21.445273141331302],[7.403443632789816,23.94626019767752],[8.026761702033042,24.494907708910667],[8.547792836300346,25.06287310055507],[9.590778437313134,26.00790948876726],[10.19681277559232,26.143646596180265],[10.375232844953558,26.28494376570807],[10.157135090093192,26.082947317020633],[10.394401561439821,25.563543475061774],[9.93950598936459,25.107972130121418],[9.341680497737059,24.70287709267409],[7.579068989054122,24.260197501901054],[6.83255470619477,24.159129640866233],[6.087801997540197,24.05721856264449],[5.3582786830731095,24.0315644550061],[2.905384205630952,25.784146207511778],[2.3070579597196286,26.235397071717998],[1.6785554117805077,26.671076427041932],[1.0454728739586017,28.278992159995607],[1.1411250349180762,28.958645635286903],[3.196841806359373,32.36516323567525],[3.9805828398291396,32.50381500776062],[4.709524467538159,32.73414987750594],[7.178567513624699,28.349486307396624]]]}},{"type":"Feature","properties":{"window":"2012-2016","pathway_id":"2012-2016_P06","rank":6,"pathway_color":"#8c564b","associated_events":5,"data_start_km":367.81,"data_end_km":2552.3,"data_path_length_km":2184.49,"median_width20_km":130.46,"median_width50_km":232.04,"median_width90_km":547.92,"guide_rail_offset_km":100.0,"mean_bearing_deg":194.47921338061388,"direction":"S","directional_dominance":0.7999999999999999,"transition_probability":0.6404761904761904,"feature_type":"containment_envelope","containment_level":20,"fill_color":"#8c564b","fill_opacity":0.68,"draw_order":3,"outline":false},"geometry":{"type":"Polygon","coordinates":[[[6.708098526608467,29.22170495360568],[6.085493550935325,28.84497813780586],[5.5429567423017545,28.328705596283463],[6.978020662420931,29.747160258042623],[7.355542108954921,29.127786565141236],[7.032044281166662,29.20252529907162],[6.845049025256401,28.382345536035178],[6.749782250700491,27.602568321334626],[5.998786144972513,27.62502141155796],[6.732294023165508,27.549637115955502],[7.459472719058283,27.443211676297413],[8.171876297479912,27.266689724550982],[8.148639758071766,27.313226070502907],[8.870554408119744,27.474821259474023],[9.716978830535282,27.53761029504431],[10.999918262547027,27.32560423195596],[11.605903339377363,26.494569405922825],[11.567411396793915,25.619004715181575],[11.303894970235405,24.85741427789564],[11.244889976161573,24.487226846784118],[11.236974492758236,23.812191793373145],[11.246973183646048,23.133056080812228],[11.549800694107716,23.372712122843986],[12.048317988266376,22.861193873500543],[12.330424115378946,22.25801133595545],[12.033183483242766,22.210973436002877],[12.384930293775028,21.521955210492898],[12.783076216466071,20.9011489815507],[13.122434205963714,20.552940889637995],[13.798541032197676,20.38931708980386],[14.480291129003376,20.256351845353624],[14.30682748945901,19.439021995081017],[13.627377267519478,19.564513689391372],[12.939964788054198,19.653068021564234],[12.068994079726707,19.90353352450984],[11.313569865103347,20.01644707963171],[10.508479796244501,20.055628742066425],[9.296576440251584,20.926288720601566],[8.980587188343009,21.51286823879319],[8.871421307966472,22.19390042103762],[8.85147270545778,23.65329343819767],[9.190855082046141,24.256575310449772],[9.515223625067165,24.86290230676125],[10.212877522595136,25.59513261265932],[10.672173764555225,25.963717630429496],[10.722170450233904,26.345188287531084],[10.346415956221563,26.364778543281094],[10.252303011535872,25.983839682345273],[9.714062604744186,25.616393753133636],[9.084137643293928,25.277941094676454],[7.712905464313479,24.94955169027506],[6.9907104865665985,25.00032534208312],[6.280089940218659,25.113893415374434],[5.572966768282214,25.251117938267598],[4.113840313050275,26.372176247301105],[3.346582325304979,26.74608035562977],[2.486438587835778,27.072285775430974],[1.8330536831909683,28.400726674070995],[1.9827929674727045,29.08764877218895],[3.658332177354879,31.60367966678802],[4.477015580451422,31.671240088287874],[5.217439934659581,31.87075072873226],[6.708098526608467,29.22170495360568]]]}},{"type":"Feature","properties":{"window":"2012-2016","pathway_id":"2012-2016_P06","rank":6,"pathway_color":"#8c564b","associated_events":5,"data_start_km":367.81,"data_end_km":2552.3,"data_path_length_km":2184.49,"median_width20_km":130.46,"median_width50_km":232.04,"median_width90_km":547.92,"guide_rail_offset_km":100.0,"mean_bearing_deg":194.47921338061388,"direction":"S","directional_dominance":0.7999999999999999,"transition_probability":0.6404761904761904,"feature_type":"guide_rail","rail_side":"left","line_color":"#111111","line_width":1.6,"draw_order":4},"geometry":{"type":"LineString","coordinates":[[6.425568148243684,29.737114766806087],[5.749495591370646,29.451795357134674],[5.077006738316527,29.163425090560764],[5.492360007872463,29.569941984013397],[5.598764208331687,28.92046839215039],[5.640416401014704,28.573299399756426],[5.9827695976115365,27.990854518388772],[6.321131923502634,27.40736679343022],[5.944883594331827,27.328015425139117],[6.670526341821841,27.22119493028236],[7.394760240492161,27.11061418904973],[8.117546488380185,26.99629815732471],[8.234699365636459,27.12950712747516],[8.91379727303189,27.381234694751214],[9.687146185296001,27.622819838133026],[11.199331179690063,27.61501099276115],[12.150362084907158,26.583689442806094],[12.035203189112707,25.435835192504502],[11.552888473550496,24.686588961587443],[11.340779785016082,24.465718446922754],[11.170475548525587,23.827145074211074],[11.001862382616423,23.188325386020168],[11.086624292931788,23.173883239914556],[11.38565457249959,22.57769985385936],[11.681973624978355,21.98085683251953],[11.799893792815908,21.886617509151343],[12.383074910935989,21.519383441844933],[12.963131768027779,21.14984062645886],[13.211963944125898,20.98974540833677],[13.897848834219843,20.862710629262423],[14.582475101445283,20.732492476776617]]}},{"type":"Feature","properties":{"window":"2012-2016","pathway_id":"2012-2016_P06","rank":6,"pathway_color":"#8c564b","associated_events":5,"data_start_km":367.81,"data_end_km":2552.3,"data_path_length_km":2184.49,"median_width20_km":130.46,"median_width50_km":232.04,"median_width90_km":547.92,"guide_rail_offset_km":100.0,"mean_bearing_deg":194.47921338061388,"direction":"S","directional_dominance":0.7999999999999999,"transition_probability":0.6404761904761904,"feature_type":"guide_rail","rail_side":"right","line_color":"#111111","line_width":1.6,"draw_order":4},"geometry":{"type":"LineString","coordinates":[[5.513414924293244,31.35850727712557],[4.829703748826489,31.06846037227453],[4.149855736721548,30.775310941742145],[3.4555166102829276,29.30094600909172],[3.5737944717308494,28.653777973906127],[3.8420724541316247,27.73019553539311],[4.190569808699365,27.152456150961044],[4.535020454292237,26.573584707079817],[5.625666736613198,25.548246119430306],[6.340339805005442,25.442494434195684],[7.053714563080092,25.333107266549735],[7.7657561667574555,25.22010814401768],[9.000970571632081,25.46228582198119],[9.672195545490297,25.71026949522797],[10.28125184429146,25.898482135846113],[10.151261558756772,26.074176546319144],[10.179972920657235,26.250640545310244],[10.200196077388142,26.142373598758805],[9.96007950219581,25.76355951162399],[9.418709473808292,24.88317886739697],[9.257813965644914,24.24254693987982],[9.098387241808808,23.601720965637742],[9.32776549291242,22.399708089373455],[9.6328436797277,21.807208083541557],[9.935122706721927,21.2139735716077],[10.735687650079853,20.382082012864046],[11.31538548706672,20.019032901375525],[11.89214036359877,19.6536825721853],[12.852265559962603,19.21600219205321],[13.530110269503211,19.09082152145239],[14.2068020201055,18.962557649806524]]}},{"type":"Feature","properties":{"window":"2012-2016","pathway_id":"2012-2016_P07","rank":7,"pathway_color":"#e377c2","associated_events":3,"data_start_km":0.0,"data_end_km":1697.76,"data_path_length_km":1697.76,"median_width20_km":157.4,"median_width50_km":182.4,"median_width90_km":234.43,"guide_rail_offset_km":100.0,"mean_bearing_deg":88.01614900517117,"direction":"E","directional_dominance":0.8166666666666667,"transition_probability":0.6833333333333333,"feature_type":"containment_envelope","containment_level":90,"fill_color":"#e377c2","fill_opacity":0.18,"draw_order":1,"outline":false},"geometry":{"type":"Polygon","coordinates":[[[57.49400803921574,54.600176251965316],[58.5885733564258,54.601302927936246],[59.675247366186824,54.602146274874755],[60.764095556142706,54.60328378271743],[61.84309770393162,54.604099537183096],[62.922176550253084,54.60458908854052],[64.0327719309912,54.60499359822511],[65.11194237749706,54.605732114807495],[66.19115792844178,54.60613809984548],[67.27040922540974,54.606136761527765],[68.38107141592363,54.60539405446758],[69.4603453675189,54.60006312948695],[70.53969626902597,54.57685602376701],[71.61942633202653,54.513011766047484],[72.72850041624517,54.44139232007572],[73.80803339336842,54.33266151455329],[74.88830782329092,54.25470493217614],[75.96734469794598,54.57722196458391],[77.08285863182869,55.201378080690596],[78.16406063174668,55.910277359654785],[79.240013174404,56.3924369119402],[80.33269851549687,56.58782714180382],[81.42047540891122,56.643854195318305],[82.52450498866853,56.661357639605164],[82.51979609034674,48.33569941861739],[81.44321795090849,48.35349553866483],[80.3526565003134,48.40943232343169],[79.26451866370559,48.60569702432019],[78.15989252361629,49.08856590800051],[77.05951857737557,49.79788523183579],[75.99323445453956,50.422257321367525],[74.89704695837725,50.745500799571126],[73.80347655682291,50.66756732362429],[72.70923395745973,50.55838849599418],[71.64177532216493,50.48662110739407],[70.54737743133583,50.42318032232642],[69.4525783874374,50.39995675102009],[68.35769702380071,50.394174328232126],[67.29133727495724,50.393529934691664],[66.19643823158111,50.39390733821644],[65.1015097505965,50.39424458526414],[64.00654080338882,50.394466246689056],[62.94013028286841,50.395168239684246],[61.84508851293165,50.395968519662425],[60.749984758200014,50.396646611920616],[59.66383490566207,50.39717406492935],[58.57572548112759,50.398179253197036],[57.49480509615694,50.399074219808924],[57.49400803921574,54.600176251965316]]]}},{"type":"Feature","properties":{"window":"2012-2016","pathway_id":"2012-2016_P07","rank":7,"pathway_color":"#e377c2","associated_events":3,"data_start_km":0.0,"data_end_km":1697.76,"data_path_length_km":1697.76,"median_width20_km":157.4,"median_width50_km":182.4,"median_width90_km":234.43,"guide_rail_offset_km":100.0,"mean_bearing_deg":88.01614900517117,"direction":"E","directional_dominance":0.8166666666666667,"transition_probability":0.6833333333333333,"feature_type":"containment_envelope","containment_level":50,"fill_color":"#e377c2","fill_opacity":0.35,"draw_order":2,"outline":false},"geometry":{"type":"Polygon","coordinates":[[[57.49630828858676,54.1522995372659],[58.58909922280063,54.153208225430674],[59.67575013256592,54.15385486165487],[60.76409425264609,54.154814639600424],[61.84477592817646,54.155473297468575],[62.92551760852339,54.155827167219186],[64.03078716617154,54.15610938941639],[65.11160047074375,54.15674693112317],[66.19244858696084,54.15707371686438],[67.27332467303324,54.15701502141923],[68.37864480724645,54.156231259653445],[69.45953685422833,54.15087794214392],[70.54050506986812,54.12766909894329],[71.62185636409916,54.06384206768513],[72.7256504814045,53.992258118805516],[73.80685764828243,53.88357653579844],[74.88894398909093,53.70456188335694],[75.97256155501287,53.48591997316805],[77.06902388943774,53.28239239098937],[78.15281707404529,53.15085229072361],[79.2373585529154,53.122082282100834],[80.32464404801789,53.19318755886733],[81.4112109897311,53.31737884669061],[82.50113096866437,53.41185360020652],[82.5009726602014,51.58800512224498],[81.41635632896572,51.68272996433435],[80.32852685657315,51.80679345328535],[79.24162587190432,51.87852445436059],[78.15230047288469,51.849896739430655],[77.0624641258064,51.71802250699667],[75.98491301842799,51.51411894551772],[74.89498034508068,51.295919033803216],[73.8034557968561,51.11689824540863],[72.7108851403973,51.00778665832166],[71.6392191080302,50.93606316685102],[70.54652497939554,50.87264993173397],[69.45343110181187,50.84942816113549],[68.3602563679795,50.84362353741463],[67.289736676447,50.84294094179452],[66.196549363728,50.843259457231085],[65.10333863425191,50.843515285182704],[64.01009549037107,50.843633074214914],[62.93953660095099,50.844220863943846],[61.84623593796945,50.844881645667684],[60.752886332527936,50.84539813320849],[59.66664908778796,50.84574791969422],[58.578856425050645,50.84655528223191],[57.49677537630046,50.84723654930796],[57.49630828858676,54.1522995372659]]]}},{"type":"Feature","properties":{"window":"2012-2016","pathway_id":"2012-2016_P07","rank":7,"pathway_color":"#e377c2","associated_events":3,"data_start_km":0.0,"data_end_km":1697.76,"data_path_length_km":1697.76,"median_width20_km":157.4,"median_width50_km":182.4,"median_width90_km":234.43,"guide_rail_offset_km":100.0,"mean_bearing_deg":88.01614900517117,"direction":"E","directional_dominance":0.8166666666666667,"transition_probability":0.6833333333333333,"feature_type":"containment_envelope","containment_level":20,"fill_color":"#e377c2","fill_opacity":0.68,"draw_order":3,"outline":false},"geometry":{"type":"Polygon","coordinates":[[[57.49724341570732,53.928348328817776],[58.58917831378352,53.92914828826057],[59.675834748474955,53.92969655833786],[60.763947859457346,53.93056751545846],[61.8454727324046,53.93114743498],[62.92704945012747,53.931433303783315],[64.02971625684731,53.931654816377375],[65.11135485141904,53.93224174853833],[66.19302322569786,53.932528841552234],[67.27471576918072,53.93244140343269],[68.3774252817214,53.93163726021139],[69.4591305196301,53.9262727169141],[70.54091154672909,53.90306300149889],[71.62307758344087,53.8392446027518],[72.72397674913844,53.71466376529188],[73.80605482080895,53.526764157194],[74.88959253037186,53.301995973718284],[75.97472345565961,53.09453281620416],[77.06729407357943,52.94989320234776],[78.15246303002442,52.86844328083283],[79.23811173204285,52.83327658816514],[80.3252633754069,52.844404032771884],[81.41199214283,52.89045480393577],[82.50026472418813,52.93135727589182],[82.50020579728118,52.06861111094597],[81.41445931082774,52.10974022164566],[80.32719783342583,52.15563768348586],[79.24040029228928,52.16737635639682],[78.1521747400376,52.13235468776257],[77.06353001324396,52.05059226521863],[75.98217817050653,51.9056096709833],[74.893623309818,51.69862148010425],[73.80354735635476,51.47385707345212],[72.71197573561486,51.285509638344365],[71.63794672774168,51.16077117987645],[70.54610066369321,51.09737168218113],[69.4538555495335,51.07415080970162],[68.36153032285858,51.06833511643981],[67.28888443094954,51.067633319882276],[66.19654923666494,51.06792246530019],[65.10419370214879,51.068137689363525],[64.0118098665975,51.06820367947209],[62.939130739509494,51.06873407079895],[61.84669721807197,51.06932528485554],[60.75422141805774,51.06976118355353],[59.6679239366382,51.07002217202899],[58.58027609478711,51.07073070793385],[57.49759052542581,51.071305000035494],[57.49724341570732,53.928348328817776]]]}},{"type":"Feature","properties":{"window":"2012-2016","pathway_id":"2012-2016_P07","rank":7,"pathway_color":"#e377c2","associated_events":3,"data_start_km":0.0,"data_end_km":1697.76,"data_path_length_km":1697.76,"median_width20_km":157.4,"median_width50_km":182.4,"median_width90_km":234.43,"guide_rail_offset_km":100.0,"mean_bearing_deg":88.01614900517117,"direction":"E","directional_dominance":0.8166666666666667,"transition_probability":0.6833333333333333,"feature_type":"guide_rail","rail_side":"left","line_color":"#111111","line_width":1.6,"draw_order":4},"geometry":{"type":"LineString","coordinates":[[57.49890748946146,53.39597161024245],[58.588888369329936,53.39651377634488],[59.67560233540172,53.396828170516216],[60.76322094380694,53.397488086742825],[61.84675925164527,53.397880325686565],[62.93033049112327,53.3980041178446],[64.02696626858062,53.398082433041765],[65.1105768367976,53.39854873247869],[66.19420551041642,53.39874603075596],[67.27784906064181,53.39867447621542],[68.3745152757449,53.39870109221693],[69.45817125663513,53.398970132818654],[70.54182874336487,53.39897013281865],[71.6254847242551,53.39870109221693],[72.72215093935819,53.39867447621542],[73.80579448958358,53.39874603075596],[74.88942316320237,53.39854873247869],[75.97303373141938,53.39808243304176],[77.0696695088767,53.3980041178446],[78.15324074835473,53.397880325686565],[79.23677905619303,53.39748808674282],[80.32439766459828,53.396828170516216],[81.41111163067006,53.39651377634488],[82.50109251053851,53.39597161024245]]}},{"type":"Feature","properties":{"window":"2012-2016","pathway_id":"2012-2016_P07","rank":7,"pathway_color":"#e377c2","associated_events":3,"data_start_km":0.0,"data_end_km":1697.76,"data_path_length_km":1697.76,"median_width20_km":157.4,"median_width50_km":182.4,"median_width90_km":234.43,"guide_rail_offset_km":100.0,"mean_bearing_deg":88.01614900517117,"direction":"E","directional_dominance":0.8166666666666667,"transition_probability":0.6833333333333333,"feature_type":"guide_rail","rail_side":"right","line_color":"#111111","line_width":1.6,"draw_order":4},"geometry":{"type":"LineString","coordinates":[[57.49906156498281,51.603891990967455],[58.583250660418,51.60357235640802],[59.67059145721868,51.603098526328445],[60.7570775560807,51.60304854248138],[61.847485060325454,51.60280364313037],[62.9378665197201,51.60237731563719],[64.0157124896964,51.601984193730516],[65.10606338379927,51.60204096943784],[66.19639599795377,51.60191717260548],[67.28671614178609,51.60161323907238],[68.3645377163449,51.601481856239715],[69.45484691718087,51.60166171031154],[70.54515308281913,51.60166171031154],[71.6354622836551,51.601481856239715],[72.71328385821388,51.60161323907238],[73.80360400204623,51.60191717260548],[74.89393661620073,51.60204096943784],[75.9842875103036,51.601984193730516],[77.0621334802799,51.60237731563719],[78.15251493967457,51.60280364313037],[79.24292244391933,51.60304854248138],[80.32940854278127,51.603098526328445],[81.416749339582,51.60357235640802],[82.50093843501719,51.603891990967455]]}},{"type":"Feature","properties":{"window":"2012-2016","pathway_id":"2012-2016_P08","rank":8,"pathway_color":"#7f7f7f","associated_events":5,"data_start_km":0.0,"data_end_km":1667.38,"data_path_length_km":1667.38,"median_width20_km":70.0,"median_width50_km":95.27,"median_width90_km":292.14,"guide_rail_offset_km":100.0,"mean_bearing_deg":251.7402783829827,"direction":"W","directional_dominance":0.9333333333333332,"transition_probability":0.6333333333333332,"feature_type":"containment_envelope","containment_level":90,"fill_color":"#7f7f7f","fill_opacity":0.18,"draw_order":1,"outline":false},"geometry":{"type":"Polygon","coordinates":[[[42.3854788314232,70.04092390810209],[44.28451130714262,70.04361998012403],[48.785528981008724,69.54654795329219],[52.854581783398174,67.9101084432486],[53.27304135732834,67.28105290183595],[53.60511624400053,66.1344721985407],[53.60365353887403,65.36402017810096],[53.545918231066594,64.71513447722353],[53.550347829225785,64.14965762518112],[53.575489193175144,63.45179411236511],[53.69874654876469,62.80092811540002],[52.08336758964876,60.65600833097652],[51.59075748482684,60.014372611424605],[51.003387596959726,59.41810051030676],[47.244003105456756,58.07532086281812],[46.18666964780192,57.72234694067956],[44.57449194450547,57.260469846602064],[44.02890844122339,57.02872073400703],[43.05286223943875,56.6190123096247],[39.06015596516173,55.95595492786821],[37.700855990228206,55.68289820626658],[36.55468407115961,55.442810637180436],[35.193224275945,55.22522802046335],[33.82625331036576,55.029308351139726],[34.017121576700106,64.59092874987053],[35.213283561053345,64.39647347632261],[36.41836563821167,64.17570106370417],[37.902434847184395,63.93417717528787],[39.10944825402254,63.66470012094107],[36.99617249163211,63.14772578402651],[38.460511741712025,63.28415844661341],[40.54064446428853,63.50151887331185],[41.375750337730324,63.45552295210832],[42.83498417393403,63.5907341951336],[41.22112131818494,62.70587410512927],[42.22976986999822,63.18925143728327],[43.41547611450139,63.62504082023563],[43.51169468946915,62.532145319702984],[43.46744998461378,63.18593476115178],[43.30639596749674,63.78382004395816],[43.049666442100005,64.50946035478688],[42.853045489851695,65.15427014774875],[42.63015217579297,65.67452403671447],[42.57374661930345,65.8099747676417],[41.91782834360731,66.403178250709],[43.26517321691642,65.56400067603408],[44.1631270285435,65.54143722173782],[42.59479913062569,65.53897476884262],[42.3854788314232,70.04092390810209]]]}},{"type":"Feature","properties":{"window":"2012-2016","pathway_id":"2012-2016_P08","rank":8,"pathway_color":"#7f7f7f","associated_events":5,"data_start_km":0.0,"data_end_km":1667.38,"data_path_length_km":1667.38,"median_width20_km":70.0,"median_width50_km":95.27,"median_width90_km":292.14,"guide_rail_offset_km":100.0,"mean_bearing_deg":251.7402783829827,"direction":"W","directional_dominance":0.9333333333333332,"transition_probability":0.6333333333333332,"feature_type":"containment_envelope","containment_level":50,"fill_color":"#7f7f7f","fill_opacity":0.35,"draw_order":2,"outline":false},"geometry":{"type":"Polygon","coordinates":[[[42.46844102941748,68.4492349870279],[44.23471026698988,68.45183650988261],[46.615841713910044,68.16033808434898],[48.833793845328415,67.46253875789732],[49.34725327801064,66.84442252662429],[49.682766746336284,66.06104026346894],[49.785993045588214,65.37724857170232],[49.820441393768334,64.72761196592954],[49.90956981643947,64.10358485900605],[50.023140937406026,63.44093837129959],[50.18010427636733,62.793004087807006],[49.33656635444632,61.72138869869117],[48.66461116926817,61.14952980314817],[48.09902808635752,60.5445241613903],[46.110704474515046,59.69638815818861],[45.06658362850854,59.264885726257226],[43.663821723858234,58.90287455639179],[42.69850799110165,58.77735954631701],[41.528322182831914,58.550020924706786],[39.07496055249845,58.2095831042771],[37.75370857122749,58.06380837803854],[36.52836729318369,58.025955153477184],[35.20784845055218,58.02489728157763],[33.885093403464964,57.90785498246993],[33.961112290567485,61.71524939662289],[35.216615816807945,61.59951881694204],[36.474329632054776,61.59506967115413],[37.838298586552355,61.55540872884212],[39.095457928019215,61.41294562473651],[39.022065792916464,61.27719795053615],[40.220854313665825,61.58438954572839],[41.752505065159596,61.88403190771989],[42.831127274591864,61.947797982952494],[44.28188904996577,62.000158226914934],[44.569587848488595,61.73507794633083],[45.58506569511394,62.197714590360356],[46.54320795341948,62.68127124919606],[46.98838653696362,62.70869065137876],[46.97719101197572,63.36072920289641],[46.88589498068575,63.995466996990324],[46.738845654810234,64.6671506700558],[46.631715658376265,65.3156240865516],[46.4626622475883,65.92589152473818],[46.210747842550575,66.41223942908172],[45.62761978472582,67.01974784051029],[45.009848172021435,66.99333940067152],[44.199567483075725,67.13382244450135],[42.52920216078593,67.13128863683826],[42.46844102941748,68.4492349870279]]]}},{"type":"Feature","properties":{"window":"2012-2016","pathway_id":"2012-2016_P08","rank":8,"pathway_color":"#7f7f7f","associated_events":5,"data_start_km":0.0,"data_end_km":1667.38,"data_path_length_km":1667.38,"median_width20_km":70.0,"median_width50_km":95.27,"median_width90_km":292.14,"guide_rail_offset_km":100.0,"mean_bearing_deg":251.7402783829827,"direction":"W","directional_dominance":0.9333333333333332,"transition_probability":0.6333333333333332,"feature_type":"containment_envelope","containment_level":20,"fill_color":"#7f7f7f","fill_opacity":0.68,"draw_order":3,"outline":false},"geometry":{"type":"Polygon","coordinates":[[[42.47923714182542,68.2251382844736],[44.228377514597184,68.22772767312728],[46.331389143015485,67.96304543827013],[48.28038561005326,67.39174753038539],[48.80628274480958,66.77534405288222],[49.132926919876155,66.04278396069229],[49.248728096943864,65.37140181060366],[49.29607018944796,64.7218586920135],[49.39786077757276,64.08976997717839],[49.522688189527145,63.432269679218024],[49.690673911186565,62.784853512495694],[48.960173866697886,61.857668346423885],[48.284219730108475,61.28675968763918],[47.65983015054911,60.70284303535033],[45.89343704652029,59.98923693209618],[44.809833185574405,59.598493887698744],[43.45154326835484,59.263521178424085],[42.43108968255166,59.10693573222361],[41.22108863038409,58.91243058482806],[39.07868113776101,58.78349097864606],[37.77229819491964,58.865346530183004],[36.51636320494498,58.96420660985073],[35.211540659494716,59.024953891768234],[33.90694988119316,58.99198720645785],[33.93968672268184,60.63155830912311],[35.215462343655304,60.599854799741195],[36.49085154997863,60.65720914833757],[37.818000729245426,60.75420150092648],[39.09183653016922,60.839268087724854],[39.377296673600085,60.92057069401075],[40.5324759026679,61.259832498077834],[42.002152106795535,61.52647626936581],[43.12826325115043,61.6183801536983],[44.528215126312716,61.71013320628742],[45.03873740847658,61.58720972116741],[45.98870667112266,62.06823432558036],[46.940760494344715,62.551723523684316],[47.475444268753364,62.726331350233785],[47.47530512756694,63.378352318974024],[47.39431490493416,64.0181241919492],[47.26128060923253,64.68193314406102],[47.16690184439878,65.33072667900802],[47.00771123947055,65.95358108106919],[46.73633695060934,66.49009067145188],[46.16445944677861,67.09948998727698],[45.27193633084755,67.19289829484447],[44.20520017229899,67.35796312227924],[42.519315849206464,67.35541839584288],[42.47923714182542,68.2251382844736]]]}},{"type":"Feature","properties":{"window":"2012-2016","pathway_id":"2012-2016_P08","rank":8,"pathway_color":"#7f7f7f","associated_events":5,"data_start_km":0.0,"data_end_km":1667.38,"data_path_length_km":1667.38,"median_width20_km":70.0,"median_width50_km":95.27,"median_width90_km":292.14,"guide_rail_offset_km":100.0,"mean_bearing_deg":251.7402783829827,"direction":"W","directional_dominance":0.9333333333333332,"transition_probability":0.6333333333333332,"feature_type":"guide_rail","rail_side":"left","line_color":"#111111","line_width":1.6,"draw_order":4},"geometry":{"type":"LineString","coordinates":[[42.45677840616946,68.68668978363112],[44.24159180100543,68.6893044612536],[46.92263110943634,68.36885000405024],[49.423743699770284,67.53549286618883],[49.923765395511055,66.91560566862898],[50.266210756750326,66.07826007696444],[50.35542930203877,65.38136809489976],[50.37481039286797,64.73167809929764],[50.44050309050786,64.11600024237534],[50.49898639757458,63.44754293916851],[50.53863311619966,62.797880739054364],[49.482537494543664,61.66793105939453],[48.66034471603831,61.15108161195933],[47.86533899596574,60.62913875897659],[45.87578769496932,60.012785530343834],[44.6689021550645,59.778616048024105],[43.28540397361573,59.54026661069811],[42.219273381504024,59.36310087720207],[41.05691391745438,59.10265312897046],[39.07952348299054,58.9138666772534],[37.773402839967446,58.91237600400324],[36.51705050114927,58.91337180457002],[35.21117872306408,58.91515757289953],[33.905397664150286,58.91472019603785]]}},{"type":"Feature","properties":{"window":"2012-2016","pathway_id":"2012-2016_P08","rank":8,"pathway_color":"#7f7f7f","associated_events":5,"data_start_km":0.0,"data_end_km":1667.38,"data_path_length_km":1667.38,"median_width20_km":70.0,"median_width50_km":95.27,"median_width90_km":292.14,"guide_rail_offset_km":100.0,"mean_bearing_deg":251.7402783829827,"direction":"W","directional_dominance":0.9333333333333332,"transition_probability":0.6333333333333332,"feature_type":"guide_rail","rail_side":"right","line_color":"#111111","line_width":1.6,"draw_order":4},"geometry":{"type":"LineString","coordinates":[[42.53949217753177,66.89378402807324],[44.19374211259611,66.89630651462838],[44.7367814229938,66.78140966592026],[45.06261424001127,66.93330795938749],[45.65739353903717,66.32783892288853],[45.88643006340709,65.89446094756649],[46.065408126329515,65.29756383699697],[46.187381675414485,64.64952862349543],[46.359776504444,63.970099532275825],[46.50441562896927,63.34236267380078],[46.63213707760144,62.694692179885195],[46.38713575869767,62.73151444630235],[45.58963177101276,62.19626267310309],[44.82034983110839,61.65642107762113],[44.54783554360483,61.68677613544412],[43.28626447521114,61.440028976991634],[42.1900083459804,61.25152712483804],[40.770599057970855,61.00665394783796],[39.560837696446015,60.732680896194765],[39.09101066847575,60.70893071223106],[37.81682763857515,60.7071853240556],[36.49000241603011,60.708029912436565],[35.21564233354371,60.70962290816757],[33.94121959860672,60.70880549294891]]}},{"type":"Feature","properties":{"window":"2012-2016","pathway_id":"2012-2016_P09","rank":9,"pathway_color":"#bcbd22","associated_events":6,"data_start_km":27.26,"data_end_km":1294.96,"data_path_length_km":1267.7,"median_width20_km":30.0,"median_width50_km":55.0,"median_width90_km":105.0,"guide_rail_offset_km":100.0,"mean_bearing_deg":230.93296913139963,"direction":"SW","directional_dominance":0.8611111111111112,"transition_probability":0.7277777777777779,"feature_type":"containment_envelope","containment_level":90,"fill_color":"#bcbd22","fill_opacity":0.18,"draw_order":1,"outline":false},"geometry":{"type":"Polygon","coordinates":[[[-2.0775248446633725,32.33712203080725],[-2.7591898265610837,32.14986504240633],[-3.532286195670281,31.99036744902397],[-4.4138898222674925,31.818884278154286],[-5.092983019842478,31.660024545658953],[-5.63827676019946,31.482267653374652],[-5.937963206806103,31.35983138737912],[-6.465523494044646,30.964441053651257],[-6.649423078710441,30.6775694893133],[-6.899351187457285,30.30503999213644],[-7.154004373342332,29.74543119559316],[-7.499750597206429,29.110027552193117],[-7.936386511136988,28.489623266259034],[-8.713070478951806,27.79702805429755],[-9.252386417353222,27.49418949252636],[-9.80917338372737,27.154769146073193],[-10.225998227540515,26.84444563310402],[-10.725905913683846,26.443445163798657],[-11.235010963564037,26.037476801765617],[-11.715508351237077,25.62014814354631],[-13.156743491284487,27.061245152107002],[-12.640233744640938,27.448573727129954],[-12.148029832156936,27.84560806509314],[-11.647341751714379,28.251966813017834],[-11.024478915397196,28.711113579072098],[-10.463652407911269,29.05569959994087],[-9.854783275600653,29.401268313045385],[-9.70750246070665,29.569571351868145],[-9.428500243166127,29.97299739780096],[-9.187308305916275,30.425227555654853],[-8.942575542817167,30.988603357717423],[-8.52606946624445,31.669380888728565],[-7.935093720964488,32.381115335536755],[-7.405714558891191,32.78229973765396],[-6.477826987688758,33.23638962146252],[-5.694331459987211,33.48334590341917],[-5.002534407400589,33.645041767102576],[-4.571134625646408,33.92147346522472],[-4.0508758099221325,34.26528887102687],[-3.457780544423798,34.62433336391407],[-2.0775248446633725,32.33712203080725]]]}},{"type":"Feature","properties":{"window":"2012-2016","pathway_id":"2012-2016_P09","rank":9,"pathway_color":"#bcbd22","associated_events":6,"data_start_km":27.26,"data_end_km":1294.96,"data_path_length_km":1267.7,"median_width20_km":30.0,"median_width50_km":55.0,"median_width90_km":105.0,"guide_rail_offset_km":100.0,"mean_bearing_deg":230.93296913139963,"direction":"SW","directional_dominance":0.8611111111111112,"transition_probability":0.7277777777777779,"feature_type":"containment_envelope","containment_level":50,"fill_color":"#bcbd22","fill_opacity":0.35,"draw_order":2,"outline":false},"geometry":{"type":"Polygon","coordinates":[[[-2.3153205868175917,32.739806009500256],[-2.9995454241773416,32.55140539825788],[-3.7495768227194617,32.40128204236651],[-4.552114572867197,32.253927582669235],[-5.234157359705762,32.09441184569765],[-5.835401955352609,31.900411661072454],[-6.283442660773744,31.69999108163431],[-6.811474993954761,31.30323989320269],[-7.092744381718262,30.91614367448358],[-7.38323776272901,30.470673196208313],[-7.6355968671847165,29.910144912572427],[-7.955982885260767,29.31808059654925],[-8.354687239464027,28.748953860132684],[-8.981656239448967,28.179960666685997],[-9.537439236706803,27.867075219416513],[-10.095197840717788,27.526446371955927],[-10.560934694738393,27.18107460804338],[-11.061063474075695,26.77881363023216],[-11.566183895526024,26.374953601458543],[-12.064297350763127,25.974132109325666],[-12.800698143356897,26.710528209897024],[-12.302210916468596,27.114120070999622],[-11.805943202604738,27.51330069120865],[-11.305404703115357,27.918368425933803],[-10.731737547213328,28.341691436265933],[-10.171862277924049,28.685025996633946],[-9.57964572443342,29.020292427966137],[-9.282389580977508,29.314665366910145],[-8.966270484271462,29.770135559876024],[-8.700663229232362,30.266249033362552],[-8.45350048312784,30.828750920715237],[-8.07572928188489,31.4356894310691],[-7.58119793991105,32.045329828987356],[-7.052211657786046,32.44511601349407],[-6.275114688355956,32.81924651670636],[-5.549109198417966,33.0494897508804],[-4.860412936055809,33.21049080342724],[-4.346929595207797,33.51185662004493],[-3.8018344336741166,33.86554751124144],[-3.210545482677702,34.22354459104703],[-2.3153205868175917,32.739806009500256]]]}},{"type":"Feature","properties":{"window":"2012-2016","pathway_id":"2012-2016_P09","rank":9,"pathway_color":"#bcbd22","associated_events":6,"data_start_km":27.26,"data_end_km":1294.96,"data_path_length_km":1267.7,"median_width20_km":30.0,"median_width50_km":55.0,"median_width90_km":105.0,"guide_rail_offset_km":100.0,"mean_bearing_deg":230.93296913139963,"direction":"SW","directional_dominance":0.8611111111111112,"transition_probability":0.7277777777777779,"feature_type":"containment_envelope","containment_level":20,"fill_color":"#bcbd22","fill_opacity":0.68,"draw_order":3,"outline":false},"geometry":{"type":"Polygon","coordinates":[[[-2.5098875097236544,33.066613538228594],[-3.182591847494507,32.854779996100206],[-3.9026610286462926,32.68855548076402],[-4.6216678217094795,32.471393362406914],[-5.30520275018938,32.311545186686494],[-5.934598526413254,32.109370014175866],[-6.457101201831222,31.869731225984395],[-6.98536076379537,31.472295229324104],[-7.315219270092683,31.034868870461708],[-7.625789946175502,30.552820757059933],[-7.87698610825737,29.991837904617743],[-8.18479781311322,29.421508129664247],[-8.564625728487357,28.878110503082283],[-9.116696549908198,28.37120387956623],[-9.680735182067593,28.053265656005337],[-10.23897750031557,27.712027571047667],[-10.72920584331061,27.34904233552402],[-11.229437167092556,26.94614751336637],[-11.732556105842775,26.54334597000638],[-12.230763561584467,26.14189883060396],[-12.632430758433884,26.54357238959991],[-12.13401929680029,26.94653064499651],[-11.63572906863098,27.346779829805982],[-11.135274124635998,27.75120561600193],[-10.586173891265048,28.156709163903546],[-10.02677692473219,28.499423075373983],[-9.442865308997057,28.82956889454314],[-9.070641556051612,29.18668395316346],[-8.73586235083917,29.66808691690798],[-8.457931743695951,30.18607945922832],[-8.209569951113394,30.74813888224854],[-7.851389902895676,31.318261159579354],[-7.405202118814913,31.877074811064524],[-6.8764220465070025,32.276166261259824],[-6.174434350011552,32.61055397554756],[-5.47698883875421,32.83249746853657],[-4.789824875775196,32.99315577627001],[-4.19122665433872,33.225074684745756],[-3.6149161005658925,33.56297484730021],[-3.011273590240876,33.897681696849055],[-2.5098875097236544,33.066613538228594]]]}},{"type":"Feature","properties":{"window":"2012-2016","pathway_id":"2012-2016_P09","rank":9,"pathway_color":"#bcbd22","associated_events":6,"data_start_km":27.26,"data_end_km":1294.96,"data_path_length_km":1267.7,"median_width20_km":30.0,"median_width50_km":55.0,"median_width90_km":105.0,"guide_rail_offset_km":100.0,"mean_bearing_deg":230.93296913139963,"direction":"SW","directional_dominance":0.8611111111111112,"transition_probability":0.7277777777777779,"feature_type":"guide_rail","rail_side":"left","line_color":"#111111","line_width":1.6,"draw_order":4},"geometry":{"type":"LineString","coordinates":[[-2.2787073472185853,32.67803900217433],[-2.912787628158128,32.406883794811854],[-3.608882129956953,32.13563883634151],[-4.42766006896133,31.862395234762015],[-5.107046159845254,31.703470429447314],[-5.657914095695247,31.524095535529923],[-5.972401828876514,31.393887729581053],[-6.500010355439429,30.998361836068142],[-6.693657875159431,30.70149388436738],[-6.947666752088196,30.321683226019335],[-7.202092436523031,29.76198186706626],[-7.545290161258237,29.13090432378172],[-7.978122463448216,28.515616933266923],[-8.739840245652687,27.83534781844085],[-9.280800223111186,27.53150806212685],[-9.837684593739482,27.191967461898372],[-10.25939628825958,26.87814977782895],[-10.75932702779835,26.4770236890498],[-11.268034710107628,26.07126564767876],[-11.765966036145272,25.671564398118715]]}},{"type":"Feature","properties":{"window":"2012-2016","pathway_id":"2012-2016_P09","rank":9,"pathway_color":"#bcbd22","associated_events":6,"data_start_km":27.26,"data_end_km":1294.96,"data_path_length_km":1267.7,"median_width20_km":30.0,"median_width50_km":55.0,"median_width90_km":105.0,"guide_rail_offset_km":100.0,"mean_bearing_deg":230.93296913139963,"direction":"SW","directional_dominance":0.8611111111111112,"transition_probability":0.7277777777777779,"feature_type":"guide_rail","rail_side":"right","line_color":"#111111","line_width":1.6,"draw_order":4},"geometry":{"type":"LineString","coordinates":[[-3.2483456773043997,34.28507328693678],[-3.891251430947591,34.009518346600345],[-4.491668305353215,33.77674081445233],[-4.988264808608591,33.60159390012521],[-5.679749593597251,33.43996808201412],[-6.457473702355372,33.19468999757751],[-7.370247880185957,32.74862472483094],[-7.899588949235124,32.34758066910249],[-8.480935408941178,31.646082109751177],[-8.893595255918626,30.97270078257615],[-9.138572931113572,30.40941170373254],[-9.382192295494036,29.952785757529632],[-9.664893720837398,29.544144606995854],[-9.827173989468946,29.363199279922714],[-10.434375320991961,29.018664485258906],[-10.995107040268465,28.67420422225572],[-11.613046708436485,28.218650989726555],[-12.113720900145552,27.812421769233044],[-12.606332323805617,27.415172248057498],[-13.104941807285002,27.010434025862242]]}},{"type":"Feature","properties":{"window":"2012-2016","pathway_id":"2012-2016_P10","rank":10,"pathway_color":"#17becf","associated_events":9,"data_start_km":191.93,"data_end_km":1332.39,"data_path_length_km":1140.46,"median_width20_km":34.31,"median_width50_km":63.13,"median_width90_km":200.01,"guide_rail_offset_km":100.0,"mean_bearing_deg":145.9279878822955,"direction":"SE","directional_dominance":0.9333333333333332,"transition_probability":0.6666666666666666,"feature_type":"containment_envelope","containment_level":90,"fill_color":"#17becf","fill_opacity":0.18,"draw_order":1,"outline":false},"geometry":{"type":"Polygon","coordinates":[[[39.93575438806724,35.58468031218654],[39.584156067650355,34.93106247431644],[39.2407238458527,34.647721362235295],[38.945711054019256,34.116100841492575],[38.65895053584373,33.97901177681586],[38.58334184482459,33.39782654646573],[38.542703048676515,33.244393003461504],[38.93828531251978,32.81756713465134],[39.34544146444168,32.40020234755344],[39.66868008098757,32.551756300607295],[40.553332033978705,32.799522135833016],[42.3688812956492,32.443059287819324],[41.38751367709423,33.51493098722819],[43.46143326579454,32.64032787760606],[44.40592603742732,31.368672013980458],[44.40454860348649,30.75023858020465],[44.36972293082974,30.04829048902081],[44.348181484917916,29.428546932568576],[44.49033902355501,28.72434995127931],[44.66361184584477,28.201197684613394],[41.03125427433412,26.77026248576798],[40.713589366168776,27.235386999249076],[40.35233201960807,27.510031107455998],[39.75604483915336,27.83055137609845],[39.13988650505789,28.06102000117645],[38.5307502222968,28.363497270602238],[38.74525866535967,27.96096420052311],[39.77385868405287,27.77665691089327],[37.89870145638031,29.45464837702175],[38.6479558615753,29.726482739818504],[38.399828584043235,30.484724865868603],[37.64505618391888,31.184551150897917],[37.23498071681419,31.59583982945838],[36.80615910439076,31.994633891864286],[36.26282180664094,32.81312774678196],[35.81969848153716,33.263038480057105],[35.39923084675536,34.18154392815437],[35.13213295165073,34.723064043501296],[34.93327202718788,35.502530247690245],[34.771971383846136,35.90992310833617],[39.93575438806724,35.58468031218654]]]}},{"type":"Feature","properties":{"window":"2012-2016","pathway_id":"2012-2016_P10","rank":10,"pathway_color":"#17becf","associated_events":9,"data_start_km":191.93,"data_end_km":1332.39,"data_path_length_km":1140.46,"median_width20_km":34.31,"median_width50_km":63.13,"median_width90_km":200.01,"guide_rail_offset_km":100.0,"mean_bearing_deg":145.9279878822955,"direction":"SE","directional_dominance":0.9333333333333332,"transition_probability":0.6666666666666666,"feature_type":"containment_envelope","containment_level":50,"fill_color":"#17becf","fill_opacity":0.35,"draw_order":2,"outline":false},"geometry":{"type":"Polygon","coordinates":[[[38.00226622560771,35.731459278549686],[37.952518653988705,35.15202823706579],[37.96583062563562,34.685413950320196],[38.0009607010889,34.143288408972786],[37.979715005178576,33.81453096621594],[38.06759377136379,33.27218670527429],[38.13260813643544,32.95444721745287],[38.528826540250236,32.52889632380305],[38.93654460819528,32.11284162540051],[39.2980232400119,31.95864200908232],[39.91005136363199,31.78775471825628],[40.786947277318006,31.425418775072142],[40.78876315827779,31.4708504817424],[41.6967378131543,30.964589186018422],[42.19259027736135,30.291259160944975],[42.37859681524296,29.75951517686159],[42.58267748972372,29.221618574709222],[42.830674316094786,28.723948334410128],[43.105402894347975,28.19689925402869],[43.36742406131239,27.707492299139172],[42.30450593050776,27.28866446967386],[42.07306982698455,27.7897998930233],[41.834120737689716,28.24530510473072],[41.494476446778094,28.69828072284333],[41.09795076193285,29.104915162159294],[40.65920616591282,29.506272104530794],[40.40299687169349,29.679261093606016],[40.32720375615108,29.826835238867424],[39.41659353007719,30.50870658366274],[39.26375972465621,30.74489207458273],[38.75909983611518,31.080525708236568],[38.04590528440792,31.476045743944155],[37.636262263729094,31.888632697701205],[37.207751533935095,32.2887851041536],[36.773334288177466,32.94605401418953],[36.49055611820938,33.4389745258968],[36.345036422517495,34.1738489308264],[36.40859217119103,34.71397557231153],[36.5795054635023,35.32077945719175],[36.71507208612064,35.812559750507305],[38.00226622560771,35.731459278549686]]]}},{"type":"Feature","properties":{"window":"2012-2016","pathway_id":"2012-2016_P10","rank":10,"pathway_color":"#17becf","associated_events":9,"data_start_km":191.93,"data_end_km":1332.39,"data_path_length_km":1140.46,"median_width20_km":34.31,"median_width50_km":63.13,"median_width90_km":200.01,"guide_rail_offset_km":100.0,"mean_bearing_deg":145.9279878822955,"direction":"SE","directional_dominance":0.9333333333333332,"transition_probability":0.6666666666666666,"feature_type":"containment_envelope","containment_level":20,"fill_color":"#17becf","fill_opacity":0.68,"draw_order":3,"outline":false},"geometry":{"type":"Polygon","coordinates":[[[37.726955199921974,35.74992002383729],[37.68141749491423,35.186589574975066],[37.693173445127115,34.69180235029046],[37.730033332784075,34.14977733337839],[37.72087532134472,33.75073046702006],[37.81027059399338,33.20858233272289],[37.92855018183508,32.80898222010935],[38.32507095707314,32.3840674263424],[38.733054938629124,31.968666173380218],[39.17465622647393,31.759278814120975],[39.733506128351166,31.50551104850256],[40.39022568375671,31.163408485607302],[40.673993271286065,31.067644254603078],[41.41712724008397,30.690899411902375],[41.86352426034287,30.12547952798976],[42.07156902315265,29.604592184952402],[42.30731588722463,29.090626028410462],[42.600459787924024,28.614503255558635],[42.86686279596816,28.103892442584435],[43.12349294732931,27.612491424647455],[42.546920540300874,27.385297628322714],[42.31015160399585,27.884350695974305],[42.06265536042176,28.356192238217382],[41.76767704648543,28.831097241213648],[41.401873657635406,29.262268057166917],[40.98410384726856,29.675258383176374],[40.676747441635,29.955281194450574],[40.438973714483325,30.230444585569252],[39.80786803589717,30.773812616433446],[39.437481148478355,31.02781830546008],[38.88070611084038,31.280304359951906],[38.2472572758528,31.621319168389025],[37.837844552560085,32.03455704756888],[37.40950297752653,32.43539083887825],[37.02915426053465,33.01175011299929],[36.74757431478628,33.50526504271992],[36.61612490762931,34.170335199445844],[36.681401219477095,34.710359796669316],[36.85149147597099,35.288593907833636],[36.99081196613025,35.796301853573446],[37.726955199921974,35.74992002383729]]]}},{"type":"Feature","properties":{"window":"2012-2016","pathway_id":"2012-2016_P10","rank":10,"pathway_color":"#17becf","associated_events":9,"data_start_km":191.93,"data_end_km":1332.39,"data_path_length_km":1140.46,"median_width20_km":34.31,"median_width50_km":63.13,"median_width90_km":200.01,"guide_rail_offset_km":100.0,"mean_bearing_deg":145.9279878822955,"direction":"SE","directional_dominance":0.9333333333333332,"transition_probability":0.6666666666666666,"feature_type":"guide_rail","rail_side":"left","line_color":"#111111","line_width":1.6,"draw_order":4},"geometry":{"type":"LineString","coordinates":[[38.46014063394267,35.69941196354737],[38.35113086950648,35.1000990246268],[38.27801954483499,34.67737568746418],[38.25693454541113,34.1366222380469],[38.26831528438578,33.8849370349609],[38.44853780887132,33.36522416245586],[38.48531922127978,33.20401350920425],[38.896799699258196,32.78846342696686],[39.30443603500754,32.371526164591735],[39.52142636071039,32.31717891754038],[40.08271714539515,32.06188889997957],[40.93005778046199,31.519261568487533],[40.804350998513115,31.525328909326593],[41.73416011252618,31.001048210892773],[42.319337019992105,30.354723872930343],[42.62974721199768,29.88530252366501],[42.94046942738075,29.39037762711824],[43.23139964966617,28.912845953084975],[43.5193846182307,28.35680146451105],[43.76235524575179,27.85989513299431]]}},{"type":"Feature","properties":{"window":"2012-2016","pathway_id":"2012-2016_P10","rank":10,"pathway_color":"#17becf","associated_events":9,"data_start_km":191.93,"data_end_km":1332.39,"data_path_length_km":1140.46,"median_width20_km":34.31,"median_width50_km":63.13,"median_width90_km":200.01,"guide_rail_offset_km":100.0,"mean_bearing_deg":145.9279878822955,"direction":"SE","directional_dominance":0.9333333333333332,"transition_probability":0.6666666666666666,"feature_type":"guide_rail","rail_side":"right","line_color":"#111111","line_width":1.6,"draw_order":4},"geometry":{"type":"LineString","coordinates":[[36.2559663945822,35.838281624721475],[36.17879752604111,35.36708105708763],[36.09615015774145,34.71739260569861],[36.08885241353744,34.17663377724073],[36.20488102412099,33.36456925962939],[36.395972186628796,32.848031715589634],[36.862045160277034,32.035754238961026],[37.27540825882329,31.625476928228885],[37.68503049232936,31.213757014986182],[38.54147694199963,30.720624905442836],[39.09585211739878,30.46960775062797],[39.276514174099816,30.413140978776724],[40.312171060570705,29.772282216193638],[40.36659730253689,29.642395348724317],[40.53466190986123,29.441112928046902],[40.850772960223594,28.97601859915828],[41.141648874151315,28.525331185328234],[41.438694799337696,28.051858017851703],[41.6636760215317,27.625039793651798],[41.913923821763774,27.131580096699327]]}},{"type":"Feature","properties":{"window":"2017-2019","pathway_id":"2017-2019_P01","rank":1,"pathway_color":"#1f77b4","associated_events":8,"data_start_km":397.43,"data_end_km":2753.83,"data_path_length_km":2356.4,"median_width20_km":96.58,"median_width50_km":139.72,"median_width90_km":329.14,"guide_rail_offset_km":100.0,"mean_bearing_deg":281.3673460069876,"direction":"W","directional_dominance":0.7583333333333333,"transition_probability":0.6833333333333332,"feature_type":"containment_envelope","containment_level":90,"fill_color":"#1f77b4","fill_opacity":0.18,"draw_order":1,"outline":false},"geometry":{"type":"Polygon","coordinates":[[[19.97200547311445,14.144190689650294],[19.322073137471648,14.044374920485826],[18.024441068928468,13.933509183815794],[16.65635913042354,13.995965131162766],[15.979920738848818,14.108290111418187],[14.903145292488944,14.232491192525087],[14.289200909172166,14.330563876469514],[13.623910677239508,14.495353749636868],[13.231238126417907,14.68433211121737],[12.603807952822052,14.942817392413328],[11.852986577178598,15.141481460196585],[11.172912309179765,15.246678587526704],[10.554692815315235,15.286543450871848],[9.783044566693349,15.368942311064677],[8.709358139131353,15.613688928207594],[8.082585573920426,15.94915914955008],[7.207981901622446,16.396640414785775],[6.653942475521035,16.74468611804876],[6.062868495212456,17.143414278029706],[5.649291285647365,17.42868193451374],[5.1740574669676676,17.59566201502959],[4.3615668801677145,17.671089383180483],[3.48160996018359,17.425939441678388],[0.7464066183055991,18.6226757429605],[-0.9142539658927546,20.30562934781707],[-1.9877684999001133,21.03741035402089],[-2.0563417422620773,18.832683631381094],[-2.496939469121685,19.360425191205938],[0.4261141437564788,17.042213938269363],[0.4730660892096523,17.583311205070817],[2.0832053888040605,18.370294947742764],[1.690284753034149,19.24739115131212],[0.7431258128083584,19.476565499774686],[-1.8564464051535197,23.564824637118846],[-1.6052613524176138,24.457116067127988],[-0.7248082312629549,25.866111292234983],[2.3560344284567236,27.08801289140364],[3.8228771828732135,27.23084348720616],[8.063378071345,24.242924843432885],[8.244168263043008,23.587881253947934],[8.270448451919037,20.11893277625399],[7.076314400793592,19.586899058122288],[5.82285230718395,20.049154620426503],[4.13982550938033,20.486770431071005],[4.635854502790551,20.032707909107323],[5.214594933642218,20.02236338822204],[6.1309746603590725,20.078377943143746],[7.0947599586167485,20.12115899046203],[7.829921073174461,20.099988577716285],[8.59195231822659,20.00266450194025],[9.030955728148115,20.027414628268293],[9.76329274833779,20.071096962531733],[10.062335568631426,20.20681748662036],[10.676905227574935,20.235253698442577],[11.4497833397578,20.236670629657286],[12.157583285970162,20.268283505389824],[12.793941710102132,20.416067650045736],[13.557963128781267,20.61830029270133],[14.563504105333891,20.726068361024115],[15.273714753913026,20.697346036682053],[16.03187742998483,20.580441969488692],[16.31391845546517,20.530714383439875],[17.023698667778092,20.572741727563916],[17.004222399641492,20.81098150974806],[17.026351007835274,21.005872953559052],[17.70313089090439,21.29886699025],[19.97200547311445,14.144190689650294]]]}},{"type":"Feature","properties":{"window":"2017-2019","pathway_id":"2017-2019_P01","rank":1,"pathway_color":"#1f77b4","associated_events":8,"data_start_km":397.43,"data_end_km":2753.83,"data_path_length_km":2356.4,"median_width20_km":96.58,"median_width50_km":139.72,"median_width90_km":329.14,"guide_rail_offset_km":100.0,"mean_bearing_deg":281.3673460069876,"direction":"W","directional_dominance":0.7583333333333333,"transition_probability":0.6833333333333332,"feature_type":"containment_envelope","containment_level":50,"fill_color":"#1f77b4","fill_opacity":0.35,"draw_order":2,"outline":false},"geometry":{"type":"Polygon","coordinates":[[[19.28823349438312,16.32654788355247],[18.61824781103897,16.20689838416545],[17.700263106538358,16.11533461353622],[16.762675514347507,16.083468050951225],[16.074749062550723,16.102607041668968],[15.23520948428299,16.180078675233414],[14.584295572251392,16.32112349207826],[13.912987774032871,16.48914603552767],[13.328488453523988,16.554623308248182],[12.658012914592803,16.60729721430246],[11.934106661178333,16.56354715449483],[11.237130227114903,16.448970126134963],[10.579507077218494,16.342187674251267],[9.836442816850564,16.320827784974963],[8.899618459701145,16.435811737039728],[8.244513401456402,16.658826074739277],[7.44133217475229,17.015274737456917],[6.8557546120504185,17.329442098033777],[6.239493099663548,17.65992208706328],[5.7313873978657455,17.88449444346222],[5.181844567973485,18.047073777182163],[4.41346642246782,18.119705886637796],[3.661920455306955,18.27107485010174],[2.548196929561101,19.146878586084444],[2.0519252014428275,20.081049618403398],[1.726299586173269,20.774171270099828],[1.4240901979601404,20.530584750023774],[0.8939730641144763,21.02239821010993],[1.451445235929441,20.218873506985034],[1.0098561375013446,20.342609211340918],[1.412498495492656,20.260476390943293],[1.106333313064141,20.20924563399498],[0.47756157972580127,19.909295254990564],[-1.5745833288417828,23.137535936302466],[-0.9794552667089818,23.508930812154244],[0.017422164147063768,23.991335501518737],[1.7979844837319376,24.330115267390187],[2.7285634634163216,24.061615214351914],[4.527536218823997,22.705737489625538],[4.625582529749124,22.01142588878597],[4.58427052139416,20.51795749587332],[4.126903413321287,19.894266552877774],[4.001461277261626,19.555393924606634],[3.956645993559931,19.641928012855434],[4.583537683727627,19.584165175814093],[5.207301928684558,19.57103820511522],[6.04734096374807,19.622749122904718],[6.913555778940207,19.605416721301555],[7.622037841239063,19.516293475152015],[8.350790375315768,19.38554239768584],[8.862835062073657,19.318645038502154],[9.56479762839632,19.25020868314759],[10.005766994858845,19.25541389929028],[10.649541547706065,19.180072783625683],[11.380515516162404,19.035027848266196],[12.069658447776987,18.847029123006763],[12.732440582292185,18.75242443397194],[13.449161130978979,18.74924557614972],[14.251280411932441,18.735362294982664],[14.95323158577429,18.71022154015266],[15.671497843345264,18.636987288087976],[16.20117041516002,18.538016656938794],[16.896665050448973,18.487091685504634],[17.327773558177398,18.628969903673863],[17.74951763435925,18.84457423562412],[18.404439684309295,19.117166397786765],[19.28823349438312,16.32654788355247]]]}},{"type":"Feature","properties":{"window":"2017-2019","pathway_id":"2017-2019_P01","rank":1,"pathway_color":"#1f77b4","associated_events":8,"data_start_km":397.43,"data_end_km":2753.83,"data_path_length_km":2356.4,"median_width20_km":96.58,"median_width50_km":139.72,"median_width90_km":329.14,"guide_rail_offset_km":100.0,"mean_bearing_deg":281.3673460069876,"direction":"W","directional_dominance":0.7583333333333333,"transition_probability":0.6833333333333332,"feature_type":"containment_envelope","containment_level":20,"fill_color":"#1f77b4","fill_opacity":0.68,"draw_order":3,"outline":false},"geometry":{"type":"Polygon","coordinates":[[[19.061041927115696,17.04763060267769],[18.402528365782132,16.865520675745227],[17.616293988023102,16.68165518737726],[16.786726718391748,16.532234537028977],[16.09328394177527,16.474580609680114],[15.292067668130215,16.5068041024428],[14.625797305807339,16.595369342320915],[13.946005711312353,16.712503980945908],[13.340546865228816,16.780017232286546],[12.665594149550884,16.832933096853946],[11.950464836754378,16.845206357845992],[11.257488700696541,16.824379913894003],[10.589738715640806,16.76960662729276],[9.860079740146347,16.73818908430997],[8.98565758138372,16.80516444819169],[8.325921518408165,17.013616231083486],[7.580199420435662,17.381452833716516],[6.993552672463977,17.72666000000256],[6.369855839283133,18.039396752263443],[5.788222817566378,18.199083935814276],[5.185695744970673,18.272772573969604],[4.439448100273182,18.344008189267715],[3.7092466452176893,18.49211270258117],[2.7951700922595535,19.217207783983948],[2.4911977542636237,20.0435430735729],[2.377957901678002,20.719850144955497],[2.145789151220356,20.8713101599985],[1.67114188019724,21.39108463999318],[1.7096888484361727,21.007061006003326],[1.17218078802577,21.171105810225495],[1.1207005425786463,21.063287603657265],[0.7028316694309353,20.864218774585485],[0.16496904420654346,20.414290443519064],[-1.2478061206789448,22.637275682646766],[-0.5581945538147011,22.85975678259672],[0.32505845615926887,23.191936706164416],[1.632694159737781,23.50181541780999],[2.462916975132913,23.274226119902064],[3.7371611132605835,22.348395159103433],[3.8934854230678013,21.679820505031362],[3.934267540273595,20.580318373895985],[3.688440976980729,19.935766955877003],[3.75349861271863,19.48660068126812],[3.9089306380550113,19.42092991780331],[4.557420810799471,19.35988678711805],[5.203613098563437,19.34536786425756],[5.989817135288519,19.3082418936843],[6.781052746808058,19.226299865715003],[7.481576687146088,19.119540974260456],[8.208822212213505,19.01996463973681],[8.779309730927793,18.964161752866573],[9.47627204076187,18.881228852936594],[9.981230503503213,18.83818949582727],[10.638671373024465,18.752770029367788],[11.35923768729441,18.659736307070677],[12.052572807085767,18.56545675310699],[12.72436148513711,18.526845720994377],[13.436429086037151,18.52392386030191],[14.217026579843008,18.512169266902006],[14.910042415377347,18.436204176687166],[15.612344005817619,18.310597132620064],[16.181080557471375,18.166183784851814],[16.87067774530425,18.038498585108492],[17.411673668792474,18.06262948585239],[17.96765752719415,18.186105165000516],[18.634033010672056,18.396173445818697],[19.061041927115696,17.04763060267769]]]}},{"type":"Feature","properties":{"window":"2017-2019","pathway_id":"2017-2019_P01","rank":1,"pathway_color":"#1f77b4","associated_events":8,"data_start_km":397.43,"data_end_km":2753.83,"data_path_length_km":2356.4,"median_width20_km":96.58,"median_width50_km":139.72,"median_width90_km":329.14,"guide_rail_offset_km":100.0,"mean_bearing_deg":281.3673460069876,"direction":"W","directional_dominance":0.7583333333333333,"transition_probability":0.6833333333333332,"feature_type":"guide_rail","rail_side":"left","line_color":"#111111","line_width":1.6,"draw_order":4},"geometry":{"type":"LineString","coordinates":[[19.120060666795524,16.860534084118502],[18.467642353376334,16.666950985935888],[17.646132637167483,16.480374417334946],[16.778825831734707,16.385702644087043],[16.090553451063982,16.420124991589915],[15.294342797472837,16.519836784561413],[14.630063582994609,16.62348176364288],[13.947002228120766,16.719231257875304],[13.338965212372528,16.750532636517732],[12.663724744508215,16.777451955289784],[11.948045961056806,16.803664372807557],[11.25834197466321,16.84005424827747],[10.591869426674634,16.858048601149125],[9.868490890646314,16.886109881594912],[9.022309523055355,16.962038594528753],[8.347393636405258,17.10696965079807],[7.5691789380252885,17.352447515639113],[6.9378450563404215,17.56628017994666],[6.278987561640889,17.775045466919025],[5.727651485936519,17.86378770053986],[5.1794283385006,17.906305976808266],[4.394374543127924,17.95476212125315],[3.6194440483366463,18.072404518401573],[2.362912016404806,19.093873805807434],[2.138296136379097,20.073761412660584],[2.200723576257218,20.734864098890387],[2.156380134206046,20.876280707471466],[1.8377438400884216,21.469514439292197],[1.799600043493001,21.280230754840414],[1.2271482936096163,21.450904332321233],[1.042357990658246,21.276805390467707],[0.565008031007352,21.086118724408013],[-0.045889637642915204,20.75225751934546]]}},{"type":"Feature","properties":{"window":"2017-2019","pathway_id":"2017-2019_P01","rank":1,"pathway_color":"#1f77b4","associated_events":8,"data_start_km":397.43,"data_end_km":2753.83,"data_path_length_km":2356.4,"median_width20_km":96.58,"median_width50_km":139.72,"median_width90_km":329.14,"guide_rail_offset_km":100.0,"mean_bearing_deg":281.3673460069876,"direction":"W","directional_dominance":0.7583333333333333,"transition_probability":0.6833333333333332,"feature_type":"guide_rail","rail_side":"right","line_color":"#111111","line_width":1.6,"draw_order":4},"geometry":{"type":"LineString","coordinates":[[18.574552055464096,18.583252691747976],[17.90198356475534,18.38463940781648],[17.381854979026457,18.26391598271442],[16.879113052881422,18.184982614600457],[16.18400365320184,18.220621974207283],[15.609991907005735,18.297575692148474],[14.905627890689829,18.408111829797473],[14.215997073226958,18.50544639230253],[13.43809008970942,18.553399949695105],[12.726342452709758,18.5823140508988],[12.055086102011984,18.60698746675849],[11.358352821844164,18.644066036707645],[10.636436827749037,18.664346956883247],[9.972572174522128,18.69030632663716],[9.438791333886655,18.724479004068773],[8.757388849178056,18.870873383140975],[8.220047031778932,19.048930397242593],[7.5382173281578275,19.279757736113034],[6.873302445901857,19.49042020573972],[6.051132863362454,19.643449176032597],[5.209588316868491,19.71178325006471],[4.602760208003929,19.74908583810058],[3.9995999128282733,19.84054956648306],[4.187755936308633,19.606831241903954],[4.040726043919307,19.90250908173388],[4.111148159805566,20.563586696336763],[3.8827875357183075,21.674943706462827],[3.5686780098140787,22.271580886600436],[2.371332245715564,23.001236887790814],[1.577077186649035,23.222060029332447],[0.4061552751950046,22.97901236991901],[-0.41633497696926725,22.6391746774126],[-1.0303718208840849,22.301503481767742]]}},{"type":"Feature","properties":{"window":"2017-2019","pathway_id":"2017-2019_P02","rank":2,"pathway_color":"#ff7f0e","associated_events":3,"data_start_km":319.71,"data_end_km":1809.09,"data_path_length_km":1489.38,"median_width20_km":89.35,"median_width50_km":129.66,"median_width90_km":179.66,"guide_rail_offset_km":100.0,"mean_bearing_deg":139.75528053922994,"direction":"SE","directional_dominance":0.8261904761904763,"transition_probability":0.569047619047619,"feature_type":"containment_envelope","containment_level":90,"fill_color":"#ff7f0e","fill_opacity":0.18,"draw_order":1,"outline":false},"geometry":{"type":"Polygon","coordinates":[[[62.70951719634684,36.9183199425642],[62.59414075742828,39.059932593484206],[61.23707061153101,40.446285943736854],[59.83697539840273,40.31123660858505],[59.24615135977797,39.84350462285088],[59.24248288972029,39.17276215932464],[59.59516038552246,38.49619700534398],[59.90409737330168,37.819354689948746],[59.85967688913232,37.149186391704355],[59.610327382218486,36.48279801105525],[59.48279720406467,35.81383984864049],[59.470590672580954,35.14279393464785],[59.408293680466954,34.28274698248366],[59.17781235788007,33.38387841831538],[58.43294862926774,32.17562104519906],[57.49325414065828,31.452487582873605],[55.969259712457784,30.951807575829378],[54.873954316208994,30.88043046078278],[54.07594570106531,30.88043112395478],[53.28891329608683,30.880655407017684],[52.495669500176064,30.881018121646306],[52.501951551580106,34.11856772454547],[53.2918059030209,34.11896184669537],[54.08813310685406,34.11936194106089],[54.873082604385644,34.119861716487804],[55.33973844625035,34.14693788958295],[55.27142170447439,34.09125204595461],[55.489427802883995,34.26459948759245],[55.44055673682678,34.250689793710336],[55.52585164538783,34.66395415183611],[55.529409327419046,35.142793934647855],[55.51720279593533,35.81383984864049],[55.389672617781514,36.48279801105525],[55.140323110867655,37.14918639170437],[55.09590262669832,37.819354689948746],[55.40483961447754,38.49619700534398],[55.75751711027968,39.17276215932464],[55.753848640222,39.84350462285088],[55.210678475489374,40.695595846144904],[54.062330673025855,41.81553173484628],[53.115043222014066,44.3424056345878],[53.93123790780237,47.454502777054785],[62.70951719634684,36.9183199425642]]]}},{"type":"Feature","properties":{"window":"2017-2019","pathway_id":"2017-2019_P02","rank":2,"pathway_color":"#ff7f0e","associated_events":3,"data_start_km":319.71,"data_end_km":1809.09,"data_path_length_km":1489.38,"median_width20_km":89.35,"median_width50_km":129.66,"median_width90_km":179.66,"guide_rail_offset_km":100.0,"mean_bearing_deg":139.75528053922994,"direction":"SE","directional_dominance":0.8261904761904763,"transition_probability":0.569047619047619,"feature_type":"containment_envelope","containment_level":50,"fill_color":"#ff7f0e","fill_opacity":0.35,"draw_order":2,"outline":false},"geometry":{"type":"Polygon","coordinates":[[[61.96752102821162,37.970654522397794],[61.80275520244729,39.563111798564734],[60.51783614775897,40.60543294546282],[59.0518937008151,40.38930833189282],[58.28088112814072,39.85367436363715],[58.19363487436843,39.183463781202775],[58.381711963409145,38.5113935425021],[58.60969509956564,37.83856993620621],[58.823435079194695,37.16537484253602],[58.91434089663122,36.49324223355166],[58.929685420713895,35.82190457782063],[58.92213015499712,35.150771528950926],[58.870288215585305,34.343538956286764],[58.66247609466396,33.511680989647346],[58.03198495356324,32.47079669187328],[57.19222309624817,31.82231040707431],[55.88460299958547,31.39674462964382],[54.87414730711032,31.331303541395314],[54.077992023807326,31.3312334621366],[53.28980042147009,31.33137152661749],[52.49710667195876,31.331628395166195],[52.501654639104345,33.66815586951548],[53.2919004922673,33.66844513748357],[54.08679572280474,33.66875759731596],[54.87352655167825,33.669188814818064],[55.430412371382886,33.70266797736194],[55.58901460192939,33.726791995503184],[55.90784455562971,33.978536329097345],[55.96521688385428,34.1373439017468],[56.06819512083911,34.61869552807297],[56.07786984500285,35.15077152895092],[56.070314579286105,35.82190457782062],[56.08565910336878,36.493242233551655],[56.176564920805276,37.16537484253602],[56.39030490043436,37.83856993620621],[56.618288036590855,38.5113935425021],[56.80636512563157,39.183463781202775],[56.71911887185928,39.85367436363715],[56.00307729801273,40.6426484371079],[54.808250002569366,41.695384275595266],[54.02971130258567,43.89974965580433],[54.922059692232125,46.45832230534575],[61.96752102821162,37.970654522397794]]]}},{"type":"Feature","properties":{"window":"2017-2019","pathway_id":"2017-2019_P02","rank":2,"pathway_color":"#ff7f0e","associated_events":3,"data_start_km":319.71,"data_end_km":1809.09,"data_path_length_km":1489.38,"median_width20_km":89.35,"median_width50_km":129.66,"median_width90_km":179.66,"guide_rail_offset_km":100.0,"mean_bearing_deg":139.75528053922994,"direction":"SE","directional_dominance":0.8261904761904763,"transition_probability":0.569047619047619,"feature_type":"containment_envelope","containment_level":20,"fill_color":"#ff7f0e","fill_opacity":0.68,"draw_order":3,"outline":false},"geometry":{"type":"Polygon","coordinates":[[[61.114018744209034,39.14150053416185],[60.561809212619835,40.32817565038493],[59.35445365851777,40.852357121069915],[58.343646462369804,40.45521324145083],[57.92947558590697,39.85544744717226],[57.90433431396269,39.18479404037126],[58.09509747827701,38.51317398678166],[58.32569596326127,37.84089168876045],[58.46154185791249,37.16888178963362],[58.49649483945589,36.49753063951251],[58.491094916828274,35.826440689531836],[58.48099666398667,35.155316063006886],[58.436086765789526,34.39072554930901],[58.24589310672667,33.61304334847939],[57.70674720096275,32.70773815763431],[56.94768665339808,32.119859465132656],[55.81569266170129,31.755371993738326],[54.87423087045977,31.69476790451296],[54.07956114579389,31.694641060333844],[53.29040446050357,31.694709480701327],[52.498136104327386,31.69488115926641],[52.50127577011753,33.3050163857488],[53.29185655848815,33.30522103040738],[54.08563108483304,33.30546303890054],[54.87380638335583,33.305838738327274],[55.50275536259994,33.34442128906624],[55.843002255195415,33.4323029619246],[56.24304482823726,33.7467953702658],[56.3871241511352,34.0442340223111],[56.5048734626391,34.580374795297146],[56.51900333601333,35.155316063006886],[56.508905083171726,35.82644068953182],[56.50350516054411,36.49753063951252],[56.53845814208751,37.16888178963362],[56.67430403673873,37.84089168876045],[56.90490252172299,38.51317398678166],[57.09566568603731,39.18479404037126],[57.07052441409303,39.85544744717226],[56.71534173400062,40.59052830373167],[56.00185878181341,41.49257463934054],[55.41307699825836,43.20445377014132],[55.988789359937186,45.33552785940894],[61.114018744209034,39.14150053416185]]]}},{"type":"Feature","properties":{"window":"2017-2019","pathway_id":"2017-2019_P02","rank":2,"pathway_color":"#ff7f0e","associated_events":3,"data_start_km":319.71,"data_end_km":1809.09,"data_path_length_km":1489.38,"median_width20_km":89.35,"median_width50_km":129.66,"median_width90_km":179.66,"guide_rail_offset_km":100.0,"mean_bearing_deg":139.75528053922994,"direction":"SE","directional_dominance":0.8261904761904763,"transition_probability":0.569047619047619,"feature_type":"guide_rail","rail_side":"left","line_color":"#111111","line_width":1.6,"draw_order":4},"geometry":{"type":"LineString","coordinates":[[59.297262020119064,41.49667190757667],[58.99857566666708,41.25125665908216],[58.83706247162306,40.95803560293387],[58.70123961105895,40.42247356982146],[58.668205830016205,39.85052711314541],[58.65718351805455,39.17987064968236],[58.646473029761154,38.50913472514058],[58.636062838234494,37.838319801231485],[58.625942008216214,37.16742637817402],[58.61610015938186,36.49645499474328],[58.60652743235556,35.82540622827656],[58.59721445721584,35.15428069463895],[58.55080358838646,34.3784214546214],[58.356048581889326,33.586409616741776],[57.79284893293624,32.64522768513416],[57.01245562123202,32.041299020258776],[55.83395700534882,31.66062876514046],[54.87421508976041,31.59874221263475],[54.079153620610384,31.598630342845986],[53.29025458776144,31.598717175575093],[52.497875417845535,31.598911349566087]]}},{"type":"Feature","properties":{"window":"2017-2019","pathway_id":"2017-2019_P02","rank":2,"pathway_color":"#ff7f0e","associated_events":3,"data_start_km":319.71,"data_end_km":1809.09,"data_path_length_km":1489.38,"median_width20_km":89.35,"median_width50_km":129.66,"median_width90_km":179.66,"guide_rail_offset_km":100.0,"mean_bearing_deg":139.75528053922994,"direction":"SE","directional_dominance":0.8261904761904763,"transition_probability":0.569047619047619,"feature_type":"guide_rail","rail_side":"right","line_color":"#111111","line_width":1.6,"draw_order":4},"geometry":{"type":"LineString","coordinates":[[58.0317591793318,43.0312658020049],[57.072293315000394,42.3283019411129],[56.52761435141866,41.39909239612933],[56.35602599872351,40.61735778477707],[56.331794169983795,39.85052711314541],[56.34281648194545,39.17987064968236],[56.353526970238846,38.50913472514058],[56.36393716176548,37.838319801231485],[56.374057991783786,37.16742637817403],[56.38389984061811,36.49645499474328],[56.39347256764444,35.82540622827656],[56.40278554278419,35.15428069463895],[56.389591016264745,34.59065448963453],[56.27575239936391,34.06898274061492],[56.1546674342344,33.80811799871349],[55.776074585270976,33.510164501861944],[55.48370705715797,33.43907757178458],[54.87373916806055,33.40183832324194],[54.08594622902919,33.401447934225146],[53.291878508253575,33.40118732904745],[52.501387873650174,33.400960318434805]]}},{"type":"Feature","properties":{"window":"2017-2019","pathway_id":"2017-2019_P03","rank":3,"pathway_color":"#2ca02c","associated_events":6,"data_start_km":151.84,"data_end_km":1453.94,"data_path_length_km":1302.1,"median_width20_km":36.52,"median_width50_km":62.11,"median_width90_km":136.44,"guide_rail_offset_km":100.0,"mean_bearing_deg":87.89113436228426,"direction":"E","directional_dominance":0.8433333333333334,"transition_probability":0.7733333333333332,"feature_type":"containment_envelope","containment_level":90,"fill_color":"#2ca02c","fill_opacity":0.18,"draw_order":1,"outline":false},"geometry":{"type":"Polygon","coordinates":[[[85.047304374455,58.648695425520565],[86.21699264740528,58.64308397535073],[87.39662391183526,58.62932427891339],[88.67203873145621,58.574773234087516],[90.01163399937565,58.47672928806736],[91.16485964499122,58.36268329135164],[92.23699371843963,58.29308828481047],[92.88558295573438,58.296437856066646],[94.04603228016009,58.53823966851679],[94.37971468775334,59.128594881975204],[94.82226840774717,59.645186667267396],[95.83905164551607,60.039084483991466],[96.79227473315444,60.11656068414227],[98.09021277528359,59.94564000233805],[99.60931724608281,59.70113669092177],[100.89931850999176,59.60911267403621],[102.08653303128915,59.81979960469067],[103.07870326776691,60.25413309376555],[103.96376757506772,60.86033770657797],[104.6641720660017,61.48680364027707],[107.60002130416575,57.281485454450525],[106.09128887187427,57.52730121036827],[104.74843766086246,57.745362415189696],[103.51502096576434,57.77236302724612],[102.49216322225567,57.53921722796374],[101.57661860957899,56.98460932133752],[100.85622461167509,56.286301714578066],[99.93534070084814,55.67324225144048],[98.73671564645906,55.31945430981439],[97.60359080018037,55.322373490980965],[95.94015639180645,55.519186462680345],[94.1348649076458,55.843936667067396],[93.02828940473893,56.05353855201014],[91.46395450891964,56.182667849627556],[90.30590495982756,56.34783080741486],[89.2292225283901,56.50009668377456],[88.29603389452723,56.58139284522426],[87.28009674895549,56.6313256514173],[86.1635929922299,56.64550198891919],[85.03660296287472,56.651604852188946],[85.047304374455,58.648695425520565]]]}},{"type":"Feature","properties":{"window":"2017-2019","pathway_id":"2017-2019_P03","rank":3,"pathway_color":"#2ca02c","associated_events":6,"data_start_km":151.84,"data_end_km":1453.94,"data_path_length_km":1302.1,"median_width20_km":36.52,"median_width50_km":62.11,"median_width90_km":136.44,"guide_rail_offset_km":100.0,"mean_bearing_deg":87.89113436228426,"direction":"E","directional_dominance":0.8433333333333334,"transition_probability":0.7733333333333332,"feature_type":"containment_envelope","containment_level":50,"fill_color":"#2ca02c","fill_opacity":0.35,"draw_order":2,"outline":false},"geometry":{"type":"Polygon","coordinates":[[[85.04551065677731,58.200451723602214],[86.20511732032867,58.19474170505107],[87.36989101293733,58.18103367204915],[88.58466457391864,58.128507408508256],[89.83083587584929,58.038239109064605],[90.97054268665414,57.92579941812836],[92.0685018099154,57.8531960833218],[92.91571343487806,57.847831827073605],[94.06905951266691,57.880735346337765],[94.91945778906495,57.961478638923005],[95.94168129349515,58.03365943169303],[97.08978061427541,58.15741944143159],[98.12918410104362,58.366489568340754],[99.19245494922001,58.581433876794435],[100.291730540495,58.807471437529095],[101.36190389968664,59.03396477097881],[102.49336065347813,59.26144010323557],[103.56522379625488,59.56046159499994],[104.59027260891867,59.94446143635212],[105.57794932420569,60.28705518114111],[106.8257820454674,58.493564984869735],[105.54250572005878,58.449603336868755],[104.30804311732123,58.44308153194468],[103.14013922392894,58.33371145744434],[102.0660654958694,58.11818741620023],[100.95894830369633,57.884793834323695],[99.88370797838024,57.66435311882462],[98.78049851813512,57.44187926394479],[97.6642627915005,57.21735927409876],[96.63710788448384,56.948705442097186],[95.46739896652514,56.69098015500907],[94.11447281327946,56.50166973700227],[93.00126040532336,56.50230590971415],[91.61830823804434,56.62341417763802],[90.48480169968354,56.785748142153786],[89.3961414546136,56.93944864590978],[88.37717199853552,57.027913484690146],[87.30568258861643,57.079727394427024],[86.17568952088436,57.093949155919034],[85.03959595554238,57.099956988775055],[85.04551065677731,58.200451723602214]]]}},{"type":"Feature","properties":{"window":"2017-2019","pathway_id":"2017-2019_P03","rank":3,"pathway_color":"#2ca02c","associated_events":6,"data_start_km":151.84,"data_end_km":1453.94,"data_path_length_km":1302.1,"median_width20_km":36.52,"median_width50_km":62.11,"median_width90_km":136.44,"guide_rail_offset_km":100.0,"mean_bearing_deg":87.89113436228426,"direction":"E","directional_dominance":0.8433333333333334,"transition_probability":0.7733333333333332,"feature_type":"containment_envelope","containment_level":20,"fill_color":"#2ca02c","fill_opacity":0.68,"draw_order":3,"outline":false},"geometry":{"type":"Polygon","coordinates":[[[85.04447694695307,57.97631819014763],[86.19915517398147,57.9705593004446],[87.35665726440476,57.95687639001793],[88.54169301163972,57.90534606143312],[89.74200969331957,57.81889707185174],[90.87508416920468,57.70724426863244],[91.98574389346362,57.63316091579916],[92.93046756030583,57.62351362082986],[94.07670898487697,57.6563055501719],[95.01646875341203,57.743051170753716],[96.08094514279622,57.82177980082099],[97.22273442931572,57.944333706653076],[98.28011274413507,58.156646763498976],[99.3526246331486,58.373333670021964],[100.44635401836786,58.598072318666226],[101.52508050273491,58.82616245991555],[102.64327473497895,59.05086574715395],[103.77204092143279,59.25660640968776],[104.82318088909437,59.59064458431997],[105.85713880981916,59.90195800771875],[106.5674587212801,58.880505845229294],[105.3237169778489,58.8045875190834],[104.11025865562624,58.74772931649356],[102.99601715867936,58.544827707463284],[101.90912074594752,58.32664250506948],[100.81024526473448,58.09478905558058],[99.72962559544993,57.87310287418549],[98.63533121177107,57.65230943812086],[97.53644972011,57.43091327272005],[96.50428596998387,57.16120863036601],[95.37577076969251,56.90978356960237],[94.10733246499404,56.7261437966709],[92.98747437527248,56.72667451666351],[91.69679646082017,56.84370731860344],[90.5757606332993,57.00460487448781],[89.48100249472776,57.15903690736316],[88.41837663383171,57.251147058990206],[87.31859200775307,57.30391613053612],[86.18171422206058,57.31816124087743],[85.04096869460398,57.324121201605024],[85.04447694695307,57.97631819014763]]]}},{"type":"Feature","properties":{"window":"2017-2019","pathway_id":"2017-2019_P03","rank":3,"pathway_color":"#2ca02c","associated_events":6,"data_start_km":151.84,"data_end_km":1453.94,"data_path_length_km":1302.1,"median_width20_km":36.52,"median_width50_km":62.11,"median_width90_km":136.44,"guide_rail_offset_km":100.0,"mean_bearing_deg":87.89113436228426,"direction":"E","directional_dominance":0.8433333333333334,"transition_probability":0.7733333333333332,"feature_type":"guide_rail","rail_side":"left","line_color":"#111111","line_width":1.6,"draw_order":4},"geometry":{"type":"LineString","coordinates":[[85.04692902507668,58.54676077708257],[86.21429699365211,58.541096637512304],[87.39049199682529,58.527032565741955],[88.65152828654266,58.47090855381839],[89.96573212505405,58.366402552556075],[91.10546194203982,58.23026572521922],[92.16971665773065,58.1187309981742],[92.90073540060479,58.07240718282526],[94.06186713150584,58.088981970379365],[94.81194487276673,58.20039729745331],[95.73774644419774,58.33922450796043],[96.84693656504777,58.53989033007254],[97.8530362047137,58.74375044230259],[98.89942132370851,58.95550966204401],[100.0088056342363,59.1839265469615],[101.06334236769459,59.40750144298047],[102.21900685492125,59.64005239112307],[103.36517843996131,59.84921984947682],[104.52067613707032,60.04875663676777],[105.61617661242258,60.23485579647917]]}},{"type":"Feature","properties":{"window":"2017-2019","pathway_id":"2017-2019_P03","rank":3,"pathway_color":"#2ca02c","associated_events":6,"data_start_km":151.84,"data_end_km":1453.94,"data_path_length_km":1302.1,"median_width20_km":36.52,"median_width50_km":62.11,"median_width90_km":136.44,"guide_rail_offset_km":100.0,"mean_bearing_deg":87.89113436228426,"direction":"E","directional_dominance":0.8433333333333334,"transition_probability":0.7733333333333332,"feature_type":"guide_rail","rail_side":"right","line_color":"#111111","line_width":1.6,"draw_order":4},"geometry":{"type":"LineString","coordinates":[[85.03731217973245,56.75356967379919],[86.16635023206908,56.747518522815376],[87.28590830483182,56.733648386602425],[88.31477066256792,56.68532998469308],[89.27088360010066,56.61068672542681],[90.35972219038382,56.48062236329545],[91.5247325313245,56.35741774256275],[93.01488031874669,56.277659882831294],[94.12101535335239,56.29336664751216],[95.56645365438408,56.45147077624525],[96.82621180915123,56.64170476213511],[97.89027943658022,56.83335558788957],[99.0377252455171,57.06268931763696],[100.15675012730117,57.288144048826105],[101.22242927092941,57.506380939751274],[102.34416051793568,57.742506817214206],[103.3954702250548,57.953319376393445],[104.49321315752911,58.15301797561838],[105.60625785299715,58.34482495337427],[106.79105734632736,58.54607385526204]]}},{"type":"Feature","properties":{"window":"2017-2019","pathway_id":"2017-2019_P04","rank":4,"pathway_color":"#d62728","associated_events":5,"data_start_km":3.85,"data_end_km":1068.86,"data_path_length_km":1065.01,"median_width20_km":42.16,"median_width50_km":67.2,"median_width90_km":117.2,"guide_rail_offset_km":100.0,"mean_bearing_deg":309.1712088874672,"direction":"NW","directional_dominance":0.8541666666666666,"transition_probability":0.5654761904761905,"feature_type":"containment_envelope","containment_level":90,"fill_color":"#d62728","fill_opacity":0.18,"draw_order":1,"outline":false},"geometry":{"type":"Polygon","coordinates":[[[-0.419386729317182,41.403320736207505],[-0.8555660321006258,41.01584526472815],[-1.441848891806103,40.55776291999658],[-2.09990115062692,40.06206261619722],[-2.638735461731983,39.726500729718964],[-3.1684607304803762,39.4301610724606],[-3.3866409797374217,39.240873807602725],[-3.5850797573322097,38.98662771961382],[-3.908925630838212,38.4321156382141],[-4.2187804494041075,37.990353169198485],[-5.229689285761623,37.23492353573652],[-5.7899643839134285,37.00285609758774],[-6.350930915896242,36.775030239926004],[-8.317436641009976,37.2595411015196],[-8.773774696367752,37.60920526704617],[-9.234070488396696,37.957337990512066],[-9.69884028452762,38.30353177563104],[-10.239807201676143,39.43273786955659],[-10.31086259591774,40.03045921965793],[-10.332776682746612,40.53608495592701],[-7.565537245354506,40.57099421077473],[-7.564258350967378,40.06764181306222],[-7.528672193913309,39.66042112580583],[-7.825582824176109,39.8286971684979],[-7.359798773284581,39.474918156286066],[-6.898862571808792,39.11916072344863],[-6.443154887910765,38.7611083581772],[-7.514874618408726,38.663930044547044],[-6.930414260699678,38.87766390269213],[-6.33808101963848,39.08134807874418],[-6.452520297587569,38.96838858695077],[-6.13357301984928,39.40813707474529],[-5.932161822378589,39.775929587676394],[-5.501984458927154,40.40079589233563],[-4.9158735293519555,41.005622011918334],[-4.438697081982696,41.36043391398511],[-3.980197839270005,41.68895087739339],[-3.730459802790932,41.92246832931897],[-3.513555778507083,42.26637053116994],[-3.232748735490759,42.73061409006309],[-0.419386729317182,41.403320736207505]]]}},{"type":"Feature","properties":{"window":"2017-2019","pathway_id":"2017-2019_P04","rank":4,"pathway_color":"#d62728","associated_events":5,"data_start_km":3.85,"data_end_km":1068.86,"data_path_length_km":1065.01,"median_width20_km":42.16,"median_width50_km":67.2,"median_width90_km":117.2,"guide_rail_offset_km":100.0,"mean_bearing_deg":309.1712088874672,"direction":"NW","directional_dominance":0.8541666666666666,"transition_probability":0.5654761904761905,"feature_type":"containment_envelope","containment_level":50,"fill_color":"#d62728","fill_opacity":0.35,"draw_order":2,"outline":false},"geometry":{"type":"Polygon","coordinates":[[[-0.9211787839629721,41.64895612953347],[-1.356110293725152,41.25958532842325],[-1.9022443238714004,40.840400156373185],[-2.483653575177186,40.40295072927819],[-3.011331208608226,40.07349475064718],[-3.5444258422073744,39.777522489405776],[-3.8564076366172344,39.505230876200066],[-4.1128728134389405,39.1698993188776],[-4.406211043695691,38.65643519052142],[-4.713989337203174,38.21332069520376],[-5.4691792151998015,37.64292541784501],[-6.031808344362133,37.40967304698066],[-6.595104933147695,37.18064080665469],[-7.92383004064439,37.58262275981815],[-8.380359264651304,37.93386296657017],[-8.840895267982688,38.28358021733463],[-9.305960272472618,38.631368321274614],[-9.663053015671636,39.486682450326875],[-9.72530071036428,40.04391096966193],[-9.742804535889064,40.54911216689802],[-8.155992644202627,40.56913139442182],[-8.150323803789036,40.065233828930346],[-8.108422540419895,39.61724997255596],[-8.231942328751614,39.50593845721152],[-7.766296211396906,39.15379816865376],[-7.305441315747515,38.79966759114581],[-6.849756496710967,38.443228338379974],[-7.260390531613808,38.2604954871838],[-6.678469097777679,38.47292690194566],[-6.088799277021309,38.6753124137676],[-5.9466505943709365,38.75308722860268],[-5.625506038043397,39.19142752937898],[-5.395022739646208,39.60110974716955],[-5.01979042124691,40.14322887788301],[-4.52615273165452,40.662785807218796],[-4.051713345049677,41.01807186028762],[-3.5815240831961432,41.353022742559475],[-3.2548120811893,41.647055411355886],[-2.997372906344168,42.03186816095482],[-2.7138993692161364,42.49485496464279],[-0.9211787839629721,41.64895612953347]]]}},{"type":"Feature","properties":{"window":"2017-2019","pathway_id":"2017-2019_P04","rank":4,"pathway_color":"#d62728","associated_events":5,"data_start_km":3.85,"data_end_km":1068.86,"data_path_length_km":1065.01,"median_width20_km":42.16,"median_width50_km":67.2,"median_width90_km":117.2,"guide_rail_offset_km":100.0,"mean_bearing_deg":309.1712088874672,"direction":"NW","directional_dominance":0.8541666666666666,"transition_probability":0.5654761904761905,"feature_type":"containment_envelope","containment_level":20,"fill_color":"#d62728","fill_opacity":0.68,"draw_order":3,"outline":false},"geometry":{"type":"Polygon","coordinates":[[[-1.3944337920831629,41.877038518102644],[-1.7379408645155934,41.44291533309236],[-2.159957260379514,40.996808189306535],[-2.6769572460262907,40.57292283814767],[-3.19902987794066,40.246542949538345],[-3.7326833171403564,39.949709526815745],[-4.0926263901228594,39.63668709884215],[-4.377800883280287,39.260619508533956],[-4.656027340311567,38.76777773315024],[-4.962742052731016,38.323989991138966],[-5.589926727740476,37.84672498743461],[-6.153739961678895,37.61287358094015],[-6.7182084483831375,37.38323151911839],[-7.725735730624365,37.743649855591656],[-8.18234540085058,38.095682340102165],[-8.642986411047787,38.44619626174805],[-9.108184002607999,38.794786096664595],[-9.374345167488912,39.512564547081205],[-9.43243942323329,40.04951494457294],[-9.44773920655112,40.5544915738757],[-8.451201374295351,40.56706414136298],[-8.443334519199482,40.0629062159638],[-8.398019454896826,39.59456401435235],[-8.43371700635467,39.34402676507076],[-7.968156829680481,38.99270137980711],[-7.507359606643206,38.6393799495726],[-7.051703289579336,38.28374315951869],[-7.134240064178158,38.058547841613205],[-6.553580289272418,38.27033527529063],[-5.96523321777164,38.472078805573844],[-5.694876143705727,38.64459052171575],[-5.3726590486074315,39.082223827547786],[-5.127478041799009,39.512755407942215],[-4.780063755774904,40.013689039122845],[-4.333929811083067,40.4919031699446],[-3.859706363920651,40.84641052311383],[-3.383699716920745,41.18455320258192],[-2.992009399442651,41.493057784486794],[-2.6086154842361964,41.852628935555806],[-2.2315234077491937,42.272052326850186],[-1.3944337920831629,41.877038518102644]]]}},{"type":"Feature","properties":{"window":"2017-2019","pathway_id":"2017-2019_P04","rank":4,"pathway_color":"#d62728","associated_events":5,"data_start_km":3.85,"data_end_km":1068.86,"data_path_length_km":1065.01,"median_width20_km":42.16,"median_width50_km":67.2,"median_width90_km":117.2,"guide_rail_offset_km":100.0,"mean_bearing_deg":309.1712088874672,"direction":"NW","directional_dominance":0.8541666666666666,"transition_probability":0.5654761904761905,"feature_type":"guide_rail","rail_side":"left","line_color":"#111111","line_width":1.6,"draw_order":4},"geometry":{"type":"LineString","coordinates":[[-0.7987274836938525,41.58937638904249],[-1.1626723187488892,41.165851280454504],[-1.6463490325759835,40.68381729731135],[-2.2543120937864387,40.19978063971358],[-2.776189907042152,39.85505135491235],[-3.278764076284574,39.5325565685504],[-3.49071715678906,39.29977949243664],[-3.6925022847305797,39.02420408935579],[-4.014507012356461,38.48004164840769],[-4.333085051998012,38.04213312594852],[-5.293654617462266,37.344391391612156],[-5.864671041210954,37.12906225221929],[-6.432347491418312,36.91083552322439],[-8.183007188853935,37.37035330632361],[-8.638856006648354,37.72101840468541],[-9.09918006493885,38.069743681154],[-9.564052077141554,38.41648785162598],[-10.041450948269528,39.45162752491273],[-10.109400568244524,40.03542538912141],[-10.129796857338391,40.540908746481044]]}},{"type":"Feature","properties":{"window":"2017-2019","pathway_id":"2017-2019_P04","rank":4,"pathway_color":"#d62728","associated_events":5,"data_start_km":3.85,"data_end_km":1068.86,"data_path_length_km":1065.01,"median_width20_km":42.16,"median_width50_km":67.2,"median_width90_km":117.2,"guide_rail_offset_km":100.0,"mean_bearing_deg":309.1712088874672,"direction":"NW","directional_dominance":0.8541666666666666,"transition_probability":0.5654761904761905,"feature_type":"guide_rail","rail_side":"right","line_color":"#111111","line_width":1.6,"draw_order":4},"geometry":{"type":"LineString","coordinates":[[-2.839805885196313,42.552434379249284],[-3.195965227614181,42.12255785781339],[-3.5182009261610574,41.800089124565936],[-3.818821613065438,41.55354826747061],[-4.295020964054629,41.233886329050556],[-4.800718464482287,40.904822657272234],[-5.394523462264601,40.343739744826166],[-5.8223881079768205,39.740479647381584],[-6.025169772643153,39.362203011556105],[-6.33520179688432,38.918776103384005],[-6.270945954929118,38.972516717293885],[-6.851978016887699,38.75222571762384],[-7.429381565931607,38.528985137072105],[-6.582829542075757,38.652395797826244],[-7.039114116265324,39.00944000344222],[-7.500088539656986,39.36458854550304],[-7.965834266495733,39.71779923115393],[-7.728242590979448,39.645897669756465],[-7.7659244394650955,40.067151390165336],[-7.7687128987032565,40.57069505132541]]}},{"type":"Feature","properties":{"window":"2017-2019","pathway_id":"2017-2019_P05","rank":5,"pathway_color":"#9467bd","associated_events":4,"data_start_km":205.61,"data_end_km":1640.01,"data_path_length_km":1434.4,"median_width20_km":144.72,"median_width50_km":197.02,"median_width90_km":579.08,"guide_rail_offset_km":100.0,"mean_bearing_deg":132.45180639316143,"direction":"SE","directional_dominance":0.8333333333333333,"transition_probability":0.6666666666666666,"feature_type":"containment_envelope","containment_level":90,"fill_color":"#9467bd","fill_opacity":0.18,"draw_order":1,"outline":false},"geometry":{"type":"Polygon","coordinates":[[[89.98627539106735,46.543977163833624],[90.87756013299304,46.5358567825125],[91.72702048799528,46.5061699570938],[92.61820725793638,46.44757353230041],[93.46838915372416,46.40101601889904],[94.3588716162082,46.45833531137584],[95.25059287857226,46.67549439783563],[98.73031849741824,46.41545694885018],[102.13376199644324,44.721796311285665],[103.47007278937684,43.31571405469326],[104.29615951700384,41.166437501812716],[104.46799371249023,39.94910286470915],[104.53017282069118,39.89905130532145],[104.52400794802162,40.04499124531885],[104.12010057559189,40.92830196232933],[102.94531528362029,42.072313816279696],[100.56401154652042,42.91083970238633],[100.07971839138582,42.942027047851866],[100.87112918219373,42.940385683038464],[101.71107711929375,42.93884297321487],[102.51214878940135,42.937116188099225],[102.52705108612804,32.05790885529902],[101.70379720151999,32.05622452404919],[100.91399894845893,32.05475016028509],[100.08237051377228,32.05378562632855],[98.16124953418432,32.190150386014615],[94.62072410830478,33.40608511053829],[92.28139553130268,35.32280356336773],[91.0664371663587,37.31678889445224],[90.63817846494646,38.71014463160152],[90.53186360406215,39.95021638735032],[90.67847143956908,40.03898794561478],[91.3261714689425,39.21434555958024],[91.86770024884453,39.00536837595099],[93.74354813567413,38.228315088596695],[95.2204585067056,38.321816501972485],[94.36251802791469,38.539752208374885],[93.50369424447894,38.59656064270741],[92.60893129400023,38.55041985750278],[91.75016070073343,38.49169228551898],[90.85466515179189,38.461626942164784],[89.99609105754536,38.45398608753571],[89.98627539106735,46.543977163833624]]]}},{"type":"Feature","properties":{"window":"2017-2019","pathway_id":"2017-2019_P05","rank":5,"pathway_color":"#9467bd","associated_events":4,"data_start_km":205.61,"data_end_km":1640.01,"data_path_length_km":1434.4,"median_width20_km":144.72,"median_width50_km":197.02,"median_width90_km":579.08,"guide_rail_offset_km":100.0,"mean_bearing_deg":132.45180639316143,"direction":"SE","directional_dominance":0.8333333333333333,"transition_probability":0.6666666666666666,"feature_type":"containment_envelope","containment_level":50,"fill_color":"#9467bd","fill_opacity":0.35,"draw_order":2,"outline":false},"geometry":{"type":"Polygon","coordinates":[[[89.99941472360888,43.42701928433705],[90.87561715405968,43.424908190266784],[91.7426914007217,43.424154778881565],[92.61890109523671,43.44483914285186],[93.48548457034195,43.52222102553472],[94.3620113071737,43.653511675816134],[95.2396636642614,43.77892003887754],[96.8429108727446,43.58967152567352],[98.3358091490532,42.82975541422814],[99.13707224229057,42.05627608496002],[99.75704110085434,40.97287394320808],[100.02748294918786,40.13281828610037],[100.12528304836235,39.708881095025006],[100.21365687956654,39.366886617080354],[100.22553279942485,39.317768076041034],[100.1241536793637,39.44123248830694],[99.72623225336952,39.57597985165279],[100.0690026866306,39.547970998528754],[100.87224240811776,39.54711279070629],[101.69281742093847,39.54655080090619],[102.4994965873633,39.54586717137566],[102.50600835541366,35.45342739462353],[101.69093626483823,35.452830640964756],[100.88898044092792,35.45226321993298],[100.0706120603603,35.4521425642346],[98.82916705530482,35.54266323773113],[97.00544101976851,36.17678592277011],[95.77607043750868,37.20363748086866],[95.15321907243748,38.338510329492536],[94.94063753211566,39.26420166803856],[94.97247312297964,40.13322315392008],[95.11613509551978,40.58781369505789],[95.31631873767088,40.76209783445179],[95.2504619811113,41.10527603470243],[95.33819700169369,41.10528596790423],[95.23047057590145,41.22115432892668],[94.36300556977136,41.347084596985205],[93.49458984172753,41.47785189157899],[92.61656097309088,41.555717474353045],[91.74782302358551,41.57638341041457],[90.87018182335964,41.575250143944885],[90.00138919451206,41.57366184307798],[89.99941472360888,43.42701928433705]]]}},{"type":"Feature","properties":{"window":"2017-2019","pathway_id":"2017-2019_P05","rank":5,"pathway_color":"#9467bd","associated_events":4,"data_start_km":205.61,"data_end_km":1640.01,"data_path_length_km":1434.4,"median_width20_km":144.72,"median_width50_km":197.02,"median_width90_km":579.08,"guide_rail_offset_km":100.0,"mean_bearing_deg":132.45180639316143,"direction":"SE","directional_dominance":0.8333333333333333,"transition_probability":0.6666666666666666,"feature_type":"containment_envelope","containment_level":20,"fill_color":"#9467bd","fill_opacity":0.68,"draw_order":3,"outline":false},"geometry":{"type":"Polygon","coordinates":[[[90.00034786828712,42.9284729079368],[90.87444487602204,42.925075763347266],[91.74438983746302,42.91972583270417],[92.6184630626351,42.92927343439351],[93.48809038733685,42.988361356126],[94.36237420005261,43.09810301270664],[95.23758252289605,43.20923144227944],[96.52633262336025,43.08472371880308],[97.78205976414017,42.53305407796018],[98.5678585415967,41.87466662210575],[99.13814690336386,40.9325252379625],[99.36381088280643,40.14552297869837],[99.4335598604452,39.66343892761497],[99.53013638906498,39.24285623876427],[99.61587350827676,39.04586333545692],[99.69062147804698,39.0106023337185],[99.59979809999413,39.03790342653575],[100.06835033549265,39.00102558723788],[100.87355654114714,39.000295856828274],[101.69136488905212,38.99988765506459],[102.49906628519437,38.99937342869027],[102.50388850730815,36.000247649304306],[101.69003371005101,35.999823707202644],[100.88585675264005,35.99940453160162],[100.06956358879421,35.99941698435826],[98.94276389534002,36.08207772099804],[97.4057908357704,36.61800972453096],[96.35513183641524,37.49613143686591],[95.81963702544743,38.488673303092476],[95.62469537550464,39.33670527711013],[95.63615204861605,40.145821584912404],[95.72886449768873,40.649617205631785],[95.86660813815502,40.95954205780198],[95.7802335616376,41.41393891299527],[95.63563655597977,41.61357876473598],[95.2324866070191,41.791041252669345],[94.36288716833519,41.902663610678815],[93.49243573241426,42.0118537118789],[92.61739776142741,42.07140686797301],[91.74671524713295,42.0809317973492],[90.87194366937905,42.07519960741835],[90.00125448498312,42.072326799379496],[90.00034786828712,42.9284729079368]]]}},{"type":"Feature","properties":{"window":"2017-2019","pathway_id":"2017-2019_P05","rank":5,"pathway_color":"#9467bd","associated_events":4,"data_start_km":205.61,"data_end_km":1640.01,"data_path_length_km":1434.4,"median_width20_km":144.72,"median_width50_km":197.02,"median_width90_km":579.08,"guide_rail_offset_km":100.0,"mean_bearing_deg":132.45180639316143,"direction":"SE","directional_dominance":0.8333333333333333,"transition_probability":0.6666666666666666,"feature_type":"guide_rail","rail_side":"left","line_color":"#111111","line_width":1.6,"draw_order":4},"geometry":{"type":"LineString","coordinates":[[89.99947360024885,43.39977103200174],[90.87556352564843,43.39973943310241],[91.74277753467084,43.400125568546756],[92.61886936637478,43.40029176624573],[93.48609500481314,43.400173484618236],[94.36218664344091,43.40053683067602],[95.238278356455,43.40033190592982],[96.57949659943642,43.17016765686354],[97.74614521762055,42.51362127728381],[98.30477357608368,41.78942528361133],[98.6095967877871,40.89539911714067],[98.6737090995602,40.15467625845866],[98.68195124521361,39.6092404188818],[98.78360917156766,39.102146044116374],[98.95244335333336,38.743691139128416],[99.22116628805452,38.53605175558361],[99.46354069706695,38.4472108456677],[100.0679546781385,38.400795430518485],[100.87533804481956,38.40020746111938],[101.69021465033381,38.39996686512363],[102.49907383649713,38.399639050139896]]}},{"type":"Feature","properties":{"window":"2017-2019","pathway_id":"2017-2019_P05","rank":5,"pathway_color":"#9467bd","associated_events":4,"data_start_km":205.61,"data_end_km":1640.01,"data_path_length_km":1434.4,"median_width20_km":144.72,"median_width50_km":197.02,"median_width90_km":579.08,"guide_rail_offset_km":100.0,"mean_bearing_deg":132.45180639316143,"direction":"SE","directional_dominance":0.8333333333333333,"transition_probability":0.6666666666666666,"feature_type":"guide_rail","rail_side":"right","line_color":"#111111","line_width":1.6,"draw_order":4},"geometry":{"type":"LineString","coordinates":[[90.00138915602082,41.600918831267045],[90.87027559112738,41.60042686696754],[91.74777510130662,41.60042034543025],[92.61663898593287,41.60027920302849],[93.49411086663213,41.59994079070599],[94.36296085652538,41.60015043458134],[95.23180844590274,41.599886929986496],[95.5850190039335,41.5276897803819],[95.81493955586109,41.43397448713944],[96.12311513448878,41.050285533642445],[96.25363721339625,40.69988205125319],[96.32625876813415,40.15486432453597],[96.37062281676947,39.410945249911954],[96.55345422707143,38.64879033546987],[96.99583332297505,37.81358919028441],[97.85061889657078,37.10042069319233],[99.06950080985519,36.67376300272201],[100.06869765630569,36.59989150766459],[100.88273296749963,36.59973385554517],[101.68943706538408,36.59998953289346],[102.50198936145921,36.60022453115618]]}},{"type":"Feature","properties":{"window":"2017-2019","pathway_id":"2017-2019_P06","rank":6,"pathway_color":"#8c564b","associated_events":4,"data_start_km":0.0,"data_end_km":848.41,"data_path_length_km":848.41,"median_width20_km":63.61,"median_width50_km":107.35,"median_width90_km":220.81,"guide_rail_offset_km":100.0,"mean_bearing_deg":110.20446980934496,"direction":"E","directional_dominance":0.8888888888888888,"transition_probability":0.6944444444444443,"feature_type":"containment_envelope","containment_level":90,"fill_color":"#8c564b","fill_opacity":0.18,"draw_order":1,"outline":false},"geometry":{"type":"Polygon","coordinates":[[[113.51753316607261,52.3498578692909],[113.10255906686052,51.96770931630809],[112.70309828915515,51.58390785907692],[112.55494826676443,51.188377199965984],[112.54755208750407,50.78647880299271],[112.41315955734149,50.39031540983747],[112.13730600089502,49.99980300932127],[111.78428713867697,49.719532898349144],[111.2980903369446,49.457020752970834],[110.60980085892157,49.282103143268465],[109.9195027534796,49.04127721440758],[109.44949097552,48.745626909756126],[109.43590547092589,48.55790374895462],[109.62964488660577,48.51160933146674],[109.86353412800702,48.53023611587009],[110.13239864354676,48.5850251043597],[110.72546909546759,48.720065967394845],[111.31819552264312,49.00574023743911],[111.9086231207757,49.28340750496391],[112.50175900614033,49.49546645619261],[112.50087796823937,45.50383556734879],[111.90795544791376,45.71624250622743],[111.31261002184362,45.99391528294437],[110.71965043255415,46.2801713883262],[110.12729693470169,46.41548590211094],[109.22958912631003,46.51128289791028],[108.34210644973109,46.751925268667435],[107.54993105188106,47.134120942288966],[106.77491566881577,47.54663881239137],[105.78679543908277,47.94526862592919],[104.75984442415199,48.43518341740251],[103.84964316807373,49.00464856802825],[103.23451183409657,49.504397628368615],[102.86267837385475,50.00028497862695],[102.5867562748669,50.39135501496728],[102.45229334907071,50.78797036810291],[102.44492607841494,51.1895767594288],[102.29672843811198,51.585459057186064],[101.8971599827018,51.97001219144303],[101.48211231054404,52.35249010616187],[113.51753316607261,52.3498578692909]]]}},{"type":"Feature","properties":{"window":"2017-2019","pathway_id":"2017-2019_P06","rank":6,"pathway_color":"#8c564b","associated_events":4,"data_start_km":0.0,"data_end_km":848.41,"data_path_length_km":848.41,"median_width20_km":63.61,"median_width50_km":107.35,"median_width90_km":220.81,"guide_rail_offset_km":100.0,"mean_bearing_deg":110.20446980934496,"direction":"E","directional_dominance":0.8888888888888888,"transition_probability":0.6944444444444443,"feature_type":"containment_envelope","containment_level":50,"fill_color":"#8c564b","fill_opacity":0.35,"draw_order":2,"outline":false},"geometry":{"type":"Polygon","coordinates":[[[110.11015548132428,52.471482812078605],[110.0377613302187,52.07160486131832],[109.99483535227978,51.67117124818292],[110.08698196302225,51.267772637632554],[110.2267594168585,50.86300305235233],[110.16831106115069,50.462875077669885],[109.92344909792155,50.06675308558082],[109.6844837898559,49.725012536909254],[109.51497405272039,49.39299570760127],[109.27498159966075,49.11737056555943],[108.96521479721355,48.805511183525454],[108.78454946201396,48.45857029346522],[108.98188277330661,48.22512237173301],[109.3269251721461,48.109856111270275],[109.72115023932747,48.090734663604785],[110.13123184649521,48.1353838330037],[110.72396739278076,48.17723386531233],[111.31629119772884,48.215415010009586],[111.90771995883347,48.27299605864845],[112.50040542733376,48.34540021832847],[112.50006703643601,46.65447448909222],[111.90745131799684,46.72710664715889],[111.31364982597887,46.78454879856489],[110.72074383457345,46.82318432133142],[110.12824796849912,46.86526287375798],[109.36355810810323,46.95152087613861],[108.62945310898749,47.15636038719875],[107.985272678304,47.47259539142178],[107.41678761629322,47.84529632984383],[106.70975347857359,48.207203425450615],[106.06018806232754,48.65178481705955],[105.60811130859656,49.155593259033786],[105.32042129158418,49.615126191332934],[105.07656891445231,50.06700520068667],[104.8316802473766,50.46344023204538],[104.77319918565087,50.86380964060346],[104.91298869924861,51.26838723656821],[105.00512687778064,51.671915954908485],[104.96218408622633,52.07264948302461],[104.88977760474899,52.47262651690985],[110.11015548132428,52.471482812078605]]]}},{"type":"Feature","properties":{"window":"2017-2019","pathway_id":"2017-2019_P06","rank":6,"pathway_color":"#8c564b","associated_events":4,"data_start_km":0.0,"data_end_km":848.41,"data_path_length_km":848.41,"median_width20_km":63.61,"median_width50_km":107.35,"median_width90_km":220.81,"guide_rail_offset_km":100.0,"mean_bearing_deg":110.20446980934496,"direction":"E","directional_dominance":0.8888888888888888,"transition_probability":0.6944444444444443,"feature_type":"containment_envelope","containment_level":20,"fill_color":"#8c564b","fill_opacity":0.68,"draw_order":3,"outline":false},"geometry":{"type":"Polygon","coordinates":[[[108.57729403131759,52.49500534846813],[108.51823383479785,52.094237845315085],[108.45820140148635,51.69346907413952],[108.48732694197804,51.2919050296572],[108.59976988183348,50.889489129067115],[108.65300319702533,50.487605575191516],[108.6087426131686,50.08665109304644],[108.54116409951632,49.712075663358384],[108.51082100118794,49.34476380756796],[108.45950521087286,49.0085516333685],[108.41242637265225,48.6642647749114],[108.48368695743824,48.326327835225236],[108.75708675235967,48.05805248954263],[109.17734269152169,47.9086691883012],[109.65087854065968,47.87090400952798],[110.13067055387285,47.91054992248945],[110.72338134876719,47.9524089624017],[111.3158088199857,47.9906022477192],[111.90759927369913,48.048199461616605],[112.50025020776957,48.120624087651755],[112.50000436671291,46.879308388913984],[111.90741045616994,46.951955297277124],[111.31399883335075,47.00940917778934],[110.72122928699883,47.04805380920213],[110.12874372713497,47.0901380259259],[109.43138160535358,47.171565830923015],[108.77477650331491,47.35829029600127],[108.2050505073064,47.64119437849823],[107.71207872209033,47.9803397167687],[107.25276011098936,48.35661500407172],[106.86441071977231,48.77751320788267],[106.6051256607089,49.2289457875902],[106.45995238303226,49.6596613919658],[106.39128541489049,50.08676646882551],[106.34701385423978,50.4878498631823],[106.40022787122143,50.88981455952005],[106.51267299953486,51.29213967248014],[106.54179541451094,51.693755185748785],[106.48176076949687,52.094657110426155],[106.42269456322089,52.495477544464315],[108.57729403131759,52.49500534846813]]]}},{"type":"Feature","properties":{"window":"2017-2019","pathway_id":"2017-2019_P06","rank":6,"pathway_color":"#8c564b","associated_events":4,"data_start_km":0.0,"data_end_km":848.41,"data_path_length_km":848.41,"median_width20_km":63.61,"median_width50_km":107.35,"median_width90_km":220.81,"guide_rail_offset_km":100.0,"mean_bearing_deg":110.20446980934496,"direction":"E","directional_dominance":0.8888888888888888,"transition_probability":0.6944444444444443,"feature_type":"guide_rail","rail_side":"left","line_color":"#111111","line_width":1.6,"draw_order":4},"geometry":{"type":"LineString","coordinates":[[108.97150470523133,52.49079859801764],[108.95845663139767,52.089644801925814],[108.9456870097165,51.68852374723753],[108.93318835242377,51.28733429417819],[108.92094856142597,50.88602983916125],[108.90897484906469,50.48479674033069],[108.89724344688625,50.08354965049807],[108.88567532058335,49.7171560815269],[108.92778159006065,49.365859755162404],[108.99717343280349,49.08100000958433],[109.09601669049516,48.838428829793976],[109.22402836470366,48.649093171548834],[109.38069238571848,48.51776415843396],[109.57399794028674,48.4382955100481],[109.8212834266489,48.40063950451699],[110.13191052248521,48.39970588895761],[110.72456749188814,48.399567086836974],[111.3167050520326,48.39930209206266],[111.90780037213614,48.39932329880002],[112.5004477237045,48.39914914713016]]}},{"type":"Feature","properties":{"window":"2017-2019","pathway_id":"2017-2019_P06","rank":6,"pathway_color":"#8c564b","associated_events":4,"data_start_km":0.0,"data_end_km":848.41,"data_path_length_km":848.41,"median_width20_km":63.61,"median_width50_km":107.35,"median_width90_km":220.81,"guide_rail_offset_km":100.0,"mean_bearing_deg":110.20446980934496,"direction":"E","directional_dominance":0.8888888888888888,"transition_probability":0.6944444444444443,"feature_type":"guide_rail","rail_side":"right","line_color":"#111111","line_width":1.6,"draw_order":4},"geometry":{"type":"LineString","coordinates":[[106.02847401720652,52.49144354645599],[106.04152804329527,52.09024529544086],[106.05430216441704,51.68895538896224],[106.06680605978488,51.28767487643524],[106.07904409750364,50.886450290132736],[106.09103928512667,50.48509525073527],[106.10278302118309,50.08369504173988],[106.11630090926542,49.64741371196903],[106.19053501351402,49.19951282009525],[106.33331830240331,48.69518556539922],[106.58217214924673,48.1715969303648],[106.99091795710348,47.64793042148536],[107.60227271075763,47.175135676149935],[108.39426304650817,46.82584801250403],[109.26886992062464,46.64113944303418],[110.12768243659781,46.6008696420208],[110.72028265660106,46.600789548431266],[111.31338208240021,46.60060956843428],[111.90748585193285,46.60074238004215],[112.50008675575879,46.60070912205192]]}},{"type":"Feature","properties":{"window":"2017-2019","pathway_id":"2017-2019_P07","rank":7,"pathway_color":"#e377c2","associated_events":8,"data_start_km":0.0,"data_end_km":1703.79,"data_path_length_km":1703.79,"median_width20_km":82.52,"median_width50_km":143.79,"median_width90_km":227.2,"guide_rail_offset_km":100.0,"mean_bearing_deg":153.07344654248527,"direction":"SE","directional_dominance":0.8888888888888888,"transition_probability":0.43333333333333335,"feature_type":"containment_envelope","containment_level":90,"fill_color":"#e377c2","fill_opacity":0.18,"draw_order":1,"outline":false},"geometry":{"type":"Polygon","coordinates":[[[15.33280175166766,51.206975361130674],[16.437240594623177,51.338530367700635],[17.34797171541399,51.537876314218295],[21.076281707927677,52.06219153905339],[22.128863772371517,51.92501623920008],[23.11011493352575,51.632060382119185],[25.77518355000413,49.75121918743062],[25.731429425686486,49.02733510773558],[26.0137568573752,48.386386246183285],[26.243858481984688,46.26271760376926],[26.39175741059765,45.463771283108706],[26.274458872163564,44.649050021351904],[25.80999934568146,44.07173357027139],[25.808327358795935,45.242993996428574],[25.511684177001314,44.9115361559059],[25.56820615649977,44.21279119151767],[25.56546299859548,42.878057704087084],[24.93599928119974,41.56573153954906],[24.231673938492662,40.93370446310059],[23.581736960120452,40.431056308694394],[23.34009057956797,40.06331552535352],[23.165731645621946,39.6189120723106],[23.174338438584783,38.97417868261235],[23.194486045867734,38.2846316097678],[20.798581418613452,38.25625246778316],[20.75690777095764,38.90023416954609],[20.72295332095203,39.58929543065653],[20.6467199553652,40.467067044098144],[20.76172413261179,41.39914857798887],[20.83326581039421,42.102733840546435],[20.773360122905217,42.69877070571263],[20.554035940467884,42.648859641935225],[20.445702003467545,42.63398545167194],[19.79925467891482,43.14842961669483],[18.964507308358833,44.062217157615606],[18.82168803601212,46.48608624245696],[19.191334031107203,47.10213673174135],[19.912646378244602,47.51575908832089],[20.912884747725684,47.95551952219972],[21.3024335234999,47.06368165864665],[20.824808345416926,47.64800144340656],[20.023068305834272,48.132193207187086],[21.29312098595375,47.09101127505882],[20.301867723143573,47.12614496750526],[19.358266025120685,47.30200007512675],[21.028489173614247,47.33733510622774],[20.15697377106764,46.88309709077629],[19.461133540785482,46.362465593074354],[15.33280175166766,51.206975361130674]]]}},{"type":"Feature","properties":{"window":"2017-2019","pathway_id":"2017-2019_P07","rank":7,"pathway_color":"#e377c2","associated_events":8,"data_start_km":0.0,"data_end_km":1703.79,"data_path_length_km":1703.79,"median_width20_km":82.52,"median_width50_km":143.79,"median_width90_km":227.2,"guide_rail_offset_km":100.0,"mean_bearing_deg":153.07344654248527,"direction":"SE","directional_dominance":0.8888888888888888,"transition_probability":0.43333333333333335,"feature_type":"containment_envelope","containment_level":50,"fill_color":"#e377c2","fill_opacity":0.35,"draw_order":2,"outline":false},"geometry":{"type":"Polygon","coordinates":[[[16.117654220444592,50.36740729295715],[17.078193579205788,50.63442893503288],[17.93292406390094,50.924012223303755],[20.792305197392892,51.33710533598376],[21.78917728331703,51.102636451335414],[22.740446486551463,50.776106096295706],[24.666187121843905,49.46799064337662],[24.89365115776107,48.81101533458346],[25.291784294544755,48.199935620657286],[25.438146948987253,46.540806533340444],[25.348471999611917,45.82882916178682],[25.105521029560606,45.09866596051115],[24.632282825377786,44.52285120767059],[24.510066164329032,45.053678545756156],[24.28544143688572,44.56573112456286],[24.371404530321087,43.87188992167377],[24.403964092995096,42.844853188595565],[24.036306166298345,41.82717437208298],[23.560794367860865,41.17608749843423],[23.047606480741536,40.62214957859771],[22.766316557236223,40.15525332757785],[22.583954551238065,39.6167918863443],[22.598317985538415,38.961432220686184],[22.623885144657663,38.282672316503124],[21.36883028334259,38.26780560109739],[21.33198557136859,38.92269550276743],[21.304341801893997,39.601276813564944],[21.226007528658698,40.386170548994045],[21.30882129295054,41.21912901205396],[21.52397381845597,41.87685724999404],[21.69864961471785,42.46361054832158],[21.708923046974093,42.7215672848116],[21.595228832880736,43.01590612986076],[20.969290837128227,43.54174137811857],[20.22076614002208,44.31331209614411],[20.083898306776177,46.09533811830709],[20.447402252703228,46.713056217842784],[21.022202025428953,47.199738402295594],[21.761935027244334,47.708566880559594],[21.99449685731227,47.273995058793616],[21.62649849034807,47.89229372677892],[21.076596751995083,48.457187741189976],[21.612188222213206,47.95175491519131],[20.59206539484518,47.95295130045449],[19.600725321687207,48.03058886546141],[20.521684995168442,47.9658812875679],[19.60500653553305,47.60350829952929],[18.791519927752972,47.22399016158698],[16.117654220444592,50.36740729295715]]]}},{"type":"Feature","properties":{"window":"2017-2019","pathway_id":"2017-2019_P07","rank":7,"pathway_color":"#e377c2","associated_events":8,"data_start_km":0.0,"data_end_km":1703.79,"data_path_length_km":1703.79,"median_width20_km":82.52,"median_width50_km":143.79,"median_width90_km":227.2,"guide_rail_offset_km":100.0,"mean_bearing_deg":153.07344654248527,"direction":"SE","directional_dominance":0.8888888888888888,"transition_probability":0.43333333333333335,"feature_type":"containment_envelope","containment_level":20,"fill_color":"#e377c2","fill_opacity":0.68,"draw_order":3,"outline":false},"geometry":{"type":"Polygon","coordinates":[[[16.673620838660383,49.75081696173479],[17.595164552307608,50.04821206435714],[18.468670064171135,50.34483815870231],[20.533045546639386,50.65475951740703],[21.520027519712386,50.42943760028069],[22.490682123412768,50.17904231224846],[23.922624669057456,49.27055060911142],[24.230413134089133,48.63427866616708],[24.62225100122282,48.021881736237596],[24.723492944934293,46.78066951956638],[24.53396990251693,46.10430934120246],[24.24364276774554,45.4184446770215],[23.76179751572019,44.84437765077635],[23.601248600733925,44.91165181329839],[23.539202407649896,44.34673994140657],[23.7479555457208,43.68767822733595],[23.82676011592065,42.82389497261905],[23.562193758180655,41.961223518582145],[23.17721262161706,41.31207218483205],[22.750536629643136,40.72684991431795],[22.478841901202117,40.20010383686823],[22.293086352048533,39.614575624589854],[22.310394225709558,38.95391903994859],[22.338602781175865,38.28056788365792],[21.65401911360712,38.27245855596151],[21.61965887469978,38.93278935915214],[21.59510674837901,39.6061126266545],[21.515113115989124,40.3445853521388],[21.610426092073226,41.118300640853],[21.91440063900197,41.74656876797415],[22.18043697421922,42.33743767796554],[22.28431696638276,42.75333081567137],[22.205079814360687,43.21190601974148],[21.695770478632028,43.77741520789879],[21.11154624506051,44.48182874279021],[20.993534484464703,45.801741153841604],[21.35011780555368,46.42160529952364],[21.869843269277084,46.94874743793464],[22.501549642372538,47.48662060233996],[22.64562380269888,47.46672385290942],[22.271314389296805,48.08329845296687],[21.797162792325082,48.67192417908829],[21.840697538508834,48.55083099241265],[20.836085858851845,48.62839863152892],[19.83467245406922,48.71507101527588],[20.034544402283245,48.55418371266896],[19.13602091221594,48.198516915194176],[18.288575145205158,47.85067791934392],[16.673620838660383,49.75081696173479]]]}},{"type":"Feature","properties":{"window":"2017-2019","pathway_id":"2017-2019_P07","rank":7,"pathway_color":"#e377c2","associated_events":8,"data_start_km":0.0,"data_end_km":1703.79,"data_path_length_km":1703.79,"median_width20_km":82.52,"median_width50_km":143.79,"median_width90_km":227.2,"guide_rail_offset_km":100.0,"mean_bearing_deg":153.07344654248527,"direction":"SE","directional_dominance":0.8888888888888888,"transition_probability":0.43333333333333335,"feature_type":"guide_rail","rail_side":"left","line_color":"#111111","line_width":1.6,"draw_order":4},"geometry":{"type":"LineString","coordinates":[[16.81959061940549,49.585834661132246],[17.712286263122508,49.91307120317436],[18.572019876075217,50.231201631903],[20.497762190050196,50.56035884548511],[21.509110974631085,50.40172032389268],[22.513780096158797,50.23490730482889],[24.11696413998291,49.32274451293782],[24.496441707108602,48.70575538390465],[24.86724410112032,48.08761305263255],[24.805550504390226,46.75344973636119],[24.387971741289846,46.152817777966796],[23.95578439761212,45.52306455398148],[23.526462146011795,44.92959076682737],[23.582521834660014,44.90864236453569],[23.767230954375464,44.41435041989227],[24.117781099977293,43.79750350658285],[24.27594325243396,42.84046039412517],[24.003890914329588,41.83642083499644],[23.630875789222898,41.151039063739056],[23.257287229161562,40.54756993195551],[23.14765263007496,40.09451061232327],[23.107552609818867,39.61883880433475],[23.11672708313816,38.973040882451855],[23.13742481090901,38.28457066393538]]}},{"type":"Feature","properties":{"window":"2017-2019","pathway_id":"2017-2019_P07","rank":7,"pathway_color":"#e377c2","associated_events":8,"data_start_km":0.0,"data_end_km":1703.79,"data_path_length_km":1703.79,"median_width20_km":82.52,"median_width50_km":143.79,"median_width90_km":227.2,"guide_rail_offset_km":100.0,"mean_bearing_deg":153.07344654248527,"direction":"SE","directional_dominance":0.8888888888888888,"transition_probability":0.43333333333333335,"feature_type":"guide_rail","rail_side":"right","line_color":"#111111","line_width":1.6,"draw_order":4},"geometry":{"type":"LineString","coordinates":[[18.15232617774373,48.01751111208806],[19.026642962239492,48.335076353507276],[19.937905557531593,48.66908039234796],[19.86749661941306,48.80967927294306],[20.846262358177313,48.65618213258175],[21.819102265577555,48.49482372349792],[21.607712884778692,48.616053610564244],[22.01158297463897,48.00694539821384],[22.406311048733187,47.39646458756321],[22.417259809676352,47.51223853689578],[22.020095063116372,46.903380797131675],[21.647308275416435,46.32345487282929],[21.236141186945247,45.72171225949048],[21.130001220505818,44.48523715853012],[21.472598021013255,43.705705665435545],[21.842394829127556,43.095891121324115],[21.836457645763687,42.72886313193152],[21.731716425348765,42.4550328152233],[21.452290892009444,41.900572821320935],[21.09479159777763,41.289995047321966],[20.841343392735695,40.440249033178965],[20.78108257471368,39.59063210770974],[20.8143983704272,38.902616633447586],[20.855597556714116,38.25754257179096]]}},{"type":"Feature","properties":{"window":"2017-2019","pathway_id":"2017-2019_P08","rank":8,"pathway_color":"#7f7f7f","associated_events":2,"data_start_km":167.31,"data_end_km":918.26,"data_path_length_km":750.95,"median_width20_km":54.8,"median_width50_km":79.8,"median_width90_km":129.8,"guide_rail_offset_km":100.0,"mean_bearing_deg":333.9078705656421,"direction":"NW","directional_dominance":0.8888888888888888,"transition_probability":0.6666666666666666,"feature_type":"containment_envelope","containment_level":90,"fill_color":"#7f7f7f","fill_opacity":0.18,"draw_order":1,"outline":false},"geometry":{"type":"Polygon","coordinates":[[[-155.15108758981168,63.9766919992836],[-155.1851958786131,64.33078849124746],[-155.22023807858315,64.68483921598356],[-155.2563269608055,65.03900860278955],[-155.29628044327788,65.32472936638585],[-155.38448675889433,65.67730430858872],[-155.4930621257293,65.94221435204571],[-155.62106426196036,66.17720311667247],[-155.7630970208511,66.36504524643601],[-155.89450379535216,66.48052241829579],[-155.95586699571962,66.49945522039881],[-154.91763423966137,66.33637273217154],[-154.78471937688693,66.33706919193799],[-154.00988990700293,66.53461428297216],[-154.1699866104401,66.4255615510522],[-154.33373666366603,66.24083327345417],[-154.47789797203984,66.00734613605016],[-154.59877248206737,65.74314520399582],[-154.6874260565071,65.3905830114202],[-154.73682592843528,65.1051520079243],[-160.26312916086377,65.1051149693031],[-160.2786358334709,65.52743770144255],[-160.26626566419557,65.88177317718525],[-160.18180322067568,66.3203430400545],[-160.00995696817847,66.78254882748989],[-159.67761601912252,67.27672417164565],[-159.0396159511417,67.80158118719845],[-156.92214803773805,68.51533445045322],[-154.9092005512223,68.66400876416026],[-152.0076835533141,68.26325851646445],[-150.87148776984645,67.74462843601401],[-150.26712475297015,67.21411338302414],[-149.95859525863224,66.71755352765808],[-149.8035746933979,66.25442711224036],[-149.73140874994368,65.81559715286873],[-149.7190758147193,65.46125854140783],[-149.74372266908182,65.03898819881485],[-149.77976193567562,64.68490650367607],[-149.8148527158935,64.33065238339357],[-149.84896348873457,63.976390677874456],[-155.15108758981168,63.9766919992836]]]}},{"type":"Feature","properties":{"window":"2017-2019","pathway_id":"2017-2019_P08","rank":8,"pathway_color":"#7f7f7f","associated_events":2,"data_start_km":167.31,"data_end_km":918.26,"data_path_length_km":750.95,"median_width20_km":54.8,"median_width50_km":79.8,"median_width90_km":129.8,"guide_rail_offset_km":100.0,"mean_bearing_deg":333.9078705656421,"direction":"NW","directional_dominance":0.8888888888888888,"transition_probability":0.6666666666666666,"feature_type":"containment_envelope","containment_level":50,"fill_color":"#7f7f7f","fill_opacity":0.35,"draw_order":2,"outline":false},"geometry":{"type":"Polygon","coordinates":[[[-154.13045222381604,63.991779603724254],[-154.15145077209658,64.34611677644364],[-154.17301747588914,64.7004213662508],[-154.19523910805987,65.05479468223773],[-154.22727256943384,65.36696592031484],[-154.30108796796134,65.72011046307829],[-154.40877587496342,66.01848878950449],[-154.55001558614345,66.29701989911507],[-154.73428658917865,66.54316927502124],[-154.96749384149751,66.73597620788657],[-155.23973077207444,66.84646568060417],[-154.91614159233674,66.78474027243392],[-155.1669735000426,66.75877694209146],[-154.93794803809828,66.79062288893634],[-155.20082378164884,66.60411504044455],[-155.40728028143732,66.36095061211384],[-155.56486895852834,66.0838140165728],[-155.68490469712205,65.78605957665201],[-155.75909075591233,65.43292470559481],[-155.8005474476829,65.12097682015133],[-159.19941003217195,65.120954035002],[-159.19789437228914,65.51711644719374],[-159.17066773800923,65.87134386017743],[-159.07297943221903,66.27637245852473],[-158.8981702133896,66.69421705494963],[-158.58754283236576,67.12773500684276],[-158.02981021837346,67.56995632760132],[-156.47932297507077,68.09808075326114],[-154.9109652842767,68.21574629062584],[-152.81409453897749,67.93119009920999],[-151.8797462907863,67.51354869176086],[-151.35473504118025,67.06549925375126],[-151.06758771559512,66.6294453396775],[-150.90954025465683,66.21056411456853],[-150.82419891989582,65.80518826452675],[-150.79709021709624,65.45095711506123],[-150.80480921186953,65.0547821302657],[-150.82698673870195,64.70046275864976],[-150.84858956563187,64.34603304695909],[-150.86958107255887,63.99159424401015],[-154.13045222381604,63.991779603724254]]]}},{"type":"Feature","properties":{"window":"2017-2019","pathway_id":"2017-2019_P08","rank":8,"pathway_color":"#7f7f7f","associated_events":2,"data_start_km":167.31,"data_end_km":918.26,"data_path_length_km":750.95,"median_width20_km":54.8,"median_width50_km":79.8,"median_width90_km":129.8,"guide_rail_offset_km":100.0,"mean_bearing_deg":333.9078705656421,"direction":"NW","directional_dominance":0.8888888888888888,"transition_probability":0.6666666666666666,"feature_type":"containment_envelope","containment_level":20,"fill_color":"#7f7f7f","fill_opacity":0.68,"draw_order":3,"outline":false},"geometry":{"type":"Polygon","coordinates":[[[-153.61978669981804,63.99661549312792],[-153.63421481407264,64.35103572898842],[-153.64902711016964,64.70542893910628],[-153.66429916636517,65.05986479316951],[-153.69155837304544,65.38524568101252],[-153.75812614149197,65.73863446473814],[-153.86428566894284,66.05376727776374],[-154.01075162300535,66.35415967489963],[-154.21443186379645,66.62969034889338],[-154.49683476431645,66.86164399506956],[-154.87407538421502,67.01873736281219],[-154.91537339517248,67.00891438587549],[-155.36302512548238,66.96926920483878],[-155.40917266387484,66.91656782252946],[-155.72173099295236,66.6908466601772],[-155.94782070650587,66.41823430170979],[-156.11072020751467,66.11918186808504],[-156.22924331264102,65.80462998508587],[-156.29614288590872,65.45124954738147],[-156.33280730141368,65.12605881005081],[-158.66715094729793,65.12604316004087],[-158.65792279295545,65.50907730157161],[-158.62328441860512,65.86320852131858],[-158.52009911027008,66.25144337989838],[-158.34532975335725,66.6471427268877],[-158.04758884897063,67.0504974581817],[-157.53231707903097,67.45183849529617],[-156.26385508825044,67.88901604275414],[-154.91182065283544,67.99160591638395],[-153.2087249375604,67.76371117875746],[-152.37651357399034,67.39570493032245],[-151.8934962063338,66.9884547821161],[-151.61905533438863,66.58249019074465],[-151.46100366421325,66.18569679816612],[-151.37018151204117,65.79707110780319],[-151.33570124652118,65.44293562329838],[-151.33574873225385,65.05985617183019],[-151.3509784552557,64.70545736927549],[-151.36582286823457,64.3509782193605],[-151.38024087801492,63.99648817966865],[-153.61978669981804,63.99661549312792]]]}},{"type":"Feature","properties":{"window":"2017-2019","pathway_id":"2017-2019_P08","rank":8,"pathway_color":"#7f7f7f","associated_events":2,"data_start_km":167.31,"data_end_km":918.26,"data_path_length_km":750.95,"median_width20_km":54.8,"median_width50_km":79.8,"median_width90_km":129.8,"guide_rail_offset_km":100.0,"mean_bearing_deg":333.9078705656421,"direction":"NW","directional_dominance":0.8888888888888888,"transition_probability":0.6666666666666666,"feature_type":"guide_rail","rail_side":"left","line_color":"#111111","line_width":1.6,"draw_order":4},"geometry":{"type":"LineString","coordinates":[[-154.5429347301981,63.98655296660705],[-154.56923560551428,64.34080485095723],[-154.59625280400448,64.69501915678691],[-154.62408302726632,65.04932272212105],[-154.6595777762075,65.3508116923414],[-154.73922500557472,65.70373907209726],[-154.84761835004747,65.98858802499015],[-154.98395293530567,66.2494970345818],[-155.1516990682177,66.47201479351563],[-155.34430860362195,66.63342371037858],[-155.53147035522616,66.70665908697443],[-154.91675154488487,66.60359629452238],[-155.01098089927615,66.58851506169793],[-154.56069666487687,66.6878462912964],[-154.7825799277938,66.53278835704886],[-154.97232553077092,66.3133083317151],[-155.1249356557819,66.05383744044826],[-155.2456598994787,65.76964692564775],[-155.32570892444676,65.4167303932626],[-155.3706383268186,65.1154916117566]]}},{"type":"Feature","properties":{"window":"2017-2019","pathway_id":"2017-2019_P08","rank":8,"pathway_color":"#7f7f7f","associated_events":2,"data_start_km":167.31,"data_end_km":918.26,"data_path_length_km":750.95,"median_width20_km":54.8,"median_width50_km":79.8,"median_width90_km":129.8,"guide_rail_offset_km":100.0,"mean_bearing_deg":333.9078705656421,"direction":"NW","directional_dominance":0.8888888888888888,"transition_probability":0.6666666666666666,"feature_type":"guide_rail","rail_side":"right","line_color":"#111111","line_width":1.6,"draw_order":4},"geometry":{"type":"LineString","coordinates":[[-150.45710473378966,63.98632073208745],[-150.43080759608844,64.34069994831714],[-150.4037499537032,64.69507101674425],[-150.37596574703502,65.04930699608448],[-150.36166093048325,65.45604112450016],[-150.38280422978906,65.81032917031202],[-150.463177734095,66.22922960109574],[-150.62048911832392,66.66597697902708],[-150.916929825099,67.12642561739766],[-151.47476194162363,67.60765490864117],[-152.4910738671573,68.06582078884584],[-154.9102611361325,68.39685385309599],[-156.6562907032661,68.26680035221017],[-158.4354041712009,67.66428330346122],[-159.02633073838732,67.1888147133492],[-159.34639010009974,66.73084142299248],[-159.52049299546744,66.29508398253373],[-159.6131959877253,65.87649558083149],[-159.6344246595088,65.52221095543821],[-159.62931832384643,65.11546306483787]]}}]}